{
  "name": "var_mu",
  "dist": {
    "dist_name": "poisson",
    "lam": 1,
    "param_str": "(1)"
  },
  "num_samples": 5000,
  "timestamp": "2024-05-07 19:12:43.441527",
  "num_T": 1,
  "num_A": 1,
  "num_iterations": 10,
  "target_init_entropy": 2.047095585180641,
  "awae_data": {
    "1": {
      "0": 1.1868192641000335,
      "1": 1.1867136690834719,
      "2": 1.1864472433809934,
      "3": 1.1865672868787331,
      "4": 1.1864133119590863,
      "5": 1.1861500443155308,
      "6": 1.1862206046877701,
      "7": 1.1859099799503436,
      "8": 1.1859303392936762,
      "9": 1.1859267980308026
    },
    "2": {
      "0": 0.8648275621205779,
      "1": 0.8645577523778943,
      "2": 0.8640954245823418,
      "3": 0.8640534722270985,
      "4": 0.8633739251164171,
      "5": 0.8633591411681264,
      "6": 0.8627551137138028,
      "7": 0.8622173864021925,
      "8": 0.8618981950713251,
      "9": 0.8619909697470634
    },
    "3": {
      "0": 0.6433066952272009,
      "1": 0.6431197130391886,
      "2": 0.6428199061875881,
      "3": 0.6423545363957889,
      "4": 0.6420292125913564,
      "5": 0.6411057232425809,
      "6": 0.639984849638729,
      "7": 0.6390075997659146,
      "8": 0.6500631146035396,
      "9": 0.6511179497978483
    },
    "4": {
      "0": 0.49963629767796675,
      "1": 0.49886197922940045,
      "2": 0.4980588680708025,
      "3": 0.49736235196511214,
      "4": 0.49653275185379586,
      "5": 0.4960266992870984,
      "6": 0.495567052223274,
      "7": 0.4977139854098526,
      "8": 0.5198231581339317,
      "9": 0.49753526268510095
    },
    "5": {
      "0": 0.403854043692952,
      "1": 0.4032997081453889,
      "2": 0.4026253474531705,
      "3": 0.4022745710006756,
      "4": 0.4016144171307066,
      "5": 0.4012983585848754,
      "6": 0.4009152499160285,
      "7": 0.4104073661196179,
      "8": 0.4038762795023046,
      "9": 0.40540180736185716
    },
    "6": {
      "0": 0.32907997926987304,
      "1": 0.32873870905726055,
      "2": 0.3283149407632758,
      "3": 0.32770765002050684,
      "4": 0.32674309405293667,
      "5": 0.32616797474711523,
      "6": 0.32594222176671556,
      "7": 0.324862823882709,
      "8": 0.32406504527345764,
      "9": 0.32318933450173687
    },
    "7": {
      "0": 0.28459173356408246,
      "1": 0.2844243150151201,
      "2": 0.28400380499687905,
      "3": 0.2836578314826571,
      "4": 0.2832366688885505,
      "5": 0.28310610793317437,
      "6": 0.2831850777084574,
      "7": 0.2825991246950328,
      "8": 0.28181305367942444,
      "9": 0.28113659878311476
    },
    "8": {
      "0": 0.24795797146723633,
      "1": 0.24761246959322417,
      "2": 0.24738744718216346,
      "3": 0.24772377814927915,
      "4": 0.24748087919697462,
      "5": 0.24761962320216563,
      "6": 0.2468789247879383,
      "7": 0.24645087025534576,
      "8": 0.24565069312350324,
      "9": 0.24774906364556326
    },
    "9": {
      "0": 0.2206545974114602,
      "1": 0.22035549446465588,
      "2": 0.22036736834679674,
      "3": 0.22041272288334895,
      "4": 0.2200584724701073,
      "5": 0.21949766208866178,
      "6": 0.2194182875552217,
      "7": 0.21863900560597044,
      "8": 0.21840165662612368,
      "9": 0.219276083031903
    },
    "10": {
      "0": 0.1934357558227641,
      "1": 0.19326799599231032,
      "2": 0.19291342892174998,
      "3": 0.19256144949040532,
      "4": 0.193135035703845,
      "5": 0.192656268155168,
      "6": 0.19214526905675003,
      "7": 0.191589070246259,
      "8": 0.19157589984256496,
      "9": 0.19227469017119936
    }
  },
  "leakage_no_attacker": {
    "1": 1.1880265454863772,
    "2": 0.864533527291975,
    "3": 0.6427580764553962,
    "4": 0.4986453733070267,
    "5": 0.4027947508298294,
    "6": 0.32881728992156817,
    "7": 0.28398505523197437,
    "8": 0.24761382724441416,
    "9": 0.22001663624205428,
    "10": 0.19323090730637504
  }
}