{
  "name": "var_mu",
  "dist": {
    "dist_name": "poisson",
    "lam": 2,
    "param_str": "(2)"
  },
  "num_samples": 5000,
  "timestamp": "2024-05-07 19:19:10.632764",
  "num_T": 1,
  "num_A": 1,
  "num_iterations": 10,
  "target_init_entropy": 2.547095585180641,
  "awae_data": {
    "1": {
      "0": 1.668905962372334,
      "1": 1.6689280718232133,
      "2": 1.66956842631181,
      "3": 1.6687109423835875,
      "4": 1.6682981958712997,
      "5": 1.6682056372304905,
      "6": 1.667878649695511,
      "7": 1.6680508762346413,
      "8": 1.6672937592404597,
      "9": 1.6672402425267432,
      "10": 1.6678924588003639,
      "11": 1.6678020464898018,
      "12": 1.6673659928306137,
      "13": 1.6675062004859194,
      "14": 1.6632294342315046,
      "15": 1.6631214831137888,
      "16": 1.66213914773363,
      "17": 1.6612750836204513,
      "18": 1.660818909090469,
      "19": 1.6601272882953295
    },
    "2": {
      "0": 1.2052778896881509,
      "1": 1.2047321187668214,
      "2": 1.2045481366081274,
      "3": 1.2039563443944976,
      "4": 1.203995356359926,
      "5": 1.2032075616127882,
      "6": 1.2036107958640405,
      "7": 1.203579884514426,
      "8": 1.2031038381556156,
      "9": 1.202603697866571,
      "10": 1.2017892053784505,
      "11": 1.2014956585047218,
      "12": 1.2010091443539632,
      "13": 1.2014372309404118,
      "14": 1.1891981247476564,
      "15": 1.188744644841862,
      "16": 1.1877168322128357,
      "17": 1.1879200813415407,
      "18": 1.18592348983849,
      "19": 1.1853297478857696
    },
    "3": {
      "0": 0.8460508249613543,
      "1": 0.844616441172579,
      "2": 0.8447207871355001,
      "3": 0.8447492999652345,
      "4": 0.8450081031935166,
      "5": 0.8453366748920145,
      "6": 0.8448290390303066,
      "7": 0.8442176265844339,
      "8": 0.8702613283340469,
      "9": 0.8803680826119088,
      "10": 0.8630496377172427,
      "11": 0.8851854166694805,
      "12": 0.8581170235025957,
      "13": 0.8442114418156171,
      "14": 0.8312276209735192,
      "15": 0.8379929807049937,
      "16": 0.8339888618136413,
      "17": 0.8430652523453134,
      "18": 0.8427753906390366,
      "19": 0.8520674228240631
    },
    "4": {
      "0": 0.5924679234580411,
      "1": 0.5920287525156473,
      "2": 0.5923079570253857,
      "3": 0.5913946239208185,
      "4": 0.5911619126859875,
      "5": 0.5898381287294361,
      "6": 0.5907256813449944,
      "7": 0.5927155173296301,
      "8": 0.6011472695821581,
      "9": 0.5996741334011892,
      "10": 0.5995123577449419,
      "11": 0.5982060545955703,
      "12": 0.5978725631457674,
      "13": 0.5952268222793181,
      "14": 0.5900010372832355,
      "15": 0.5797142355782423,
      "16": 0.5988244029390113,
      "17": 0.5893580731664428,
      "18": 0.5872780534036224,
      "19": 0.5789268132980021
    },
    "5": {
      "0": 0.441682324444839,
      "1": 0.44104025515398126,
      "2": 0.4396350323527126,
      "3": 0.43744046668637343,
      "4": 0.4366799949544271,
      "5": 0.43594667590559694,
      "6": 0.4376264808705425,
      "7": 0.4356228817293162,
      "8": 0.43698124524672854,
      "9": 0.4403164293417536,
      "10": 0.4606763022290251,
      "11": 0.4502517050604896,
      "12": 0.45593448069300635,
      "13": 0.4519915019258109,
      "14": 0.4543297321803861,
      "15": 0.45815494182305405,
      "16": 0.4595104261492276,
      "17": 0.4377074727953172,
      "18": 0.4483854770109471,
      "19": 0.4345859172447611
    },
    "6": {
      "0": 0.36043809467037485,
      "1": 0.35936206418392447,
      "2": 0.3594149874747398,
      "3": 0.3603626144189385,
      "4": 0.35982846898201315,
      "5": 0.3594930471742571,
      "6": 0.3585928644801263,
      "7": 0.35770923877940836,
      "8": 0.35811680571744064,
      "9": 0.35807935904052945,
      "10": 0.3577006388916789,
      "11": 0.35615293336189413,
      "12": 0.355601735367186,
      "13": 0.3545372433289289,
      "14": 0.3470137302632854,
      "15": 0.34639976063714056,
      "16": 0.3455332163174108,
      "17": 0.34548319114177445,
      "18": 0.3457692520177561,
      "19": 0.34550895881060073
    },
    "7": {
      "0": 0.3093259282513357,
      "1": 0.3077594864383918,
      "2": 0.3078588341861273,
      "3": 0.30683049278098573,
      "4": 0.3067179298858111,
      "5": 0.3065163318885853,
      "6": 0.3051831652795985,
      "7": 0.30490712760658994,
      "8": 0.304474063292144,
      "9": 0.3046663687798984,
      "10": 0.3077319640074517,
      "11": 0.3139432844505078,
      "12": 0.3100871498961838,
      "13": 0.3129284486176304,
      "14": 0.3020984175814477,
      "15": 0.2997898004112479,
      "16": 0.2989146570897064,
      "17": 0.3010649325543151,
      "18": 0.29573218681971575,
      "19": 0.30112418043717487
    },
    "8": {
      "0": 0.272755995326853,
      "1": 0.2717931234065047,
      "2": 0.2716240858600714,
      "3": 0.2706784230523699,
      "4": 0.2699462109160512,
      "5": 0.269553150703535,
      "6": 0.2687709098069793,
      "7": 0.2694728645153728,
      "8": 0.26901177910829144,
      "9": 0.2705790986003897,
      "10": 0.2750769455180585,
      "11": 0.27619117537814564,
      "12": 0.2823254317128632,
      "13": 0.27962649570914994,
      "14": 0.2830881302416142,
      "15": 0.29147577576270467,
      "16": 0.2828819299367348,
      "17": 0.2790116661697264,
      "18": 0.2823109983488522,
      "19": 0.2850309723221228
    },
    "9": {
      "0": 0.2532863243459686,
      "1": 0.2530865623172588,
      "2": 0.2522268230197233,
      "3": 0.25194302687868214,
      "4": 0.2511037438335958,
      "5": 0.2515221415243643,
      "6": 0.251609040273796,
      "7": 0.25299337537959027,
      "8": 0.2525164764309037,
      "9": 0.2547838331840556,
      "10": 0.25678408381277545,
      "11": 0.26084115878187136,
      "12": 0.26368082327548925,
      "13": 0.2603739692658532,
      "14": 0.26215167440622517,
      "15": 0.26167792965146497,
      "16": 0.25605514126828793,
      "17": 0.26304969012722973,
      "18": 0.2556149760358286,
      "19": 0.2606548227976768
    },
    "10": {
      "0": 0.23486726451878867,
      "1": 0.2350787201817986,
      "2": 0.23390642949687956,
      "3": 0.2342396580633462,
      "4": 0.2337232120368212,
      "5": 0.23328610544053197,
      "6": 0.2322358638552846,
      "7": 0.23239369077141223,
      "8": 0.23337309326847086,
      "9": 0.23451317781690117,
      "10": 0.23693923428732142,
      "11": 0.24156759349614373,
      "12": 0.23975101009538363,
      "13": 0.23765144157043422,
      "14": 0.24460608839095044,
      "15": 0.2508538827554714,
      "16": 0.24171987092875358,
      "17": 0.24083209930056704,
      "18": 0.24088870385025593,
      "19": 0.24297391353187767
    }
  },
  "leakage_no_attacker": {
    "1": 1.6709401363226657,
    "2": 1.2047643982971483,
    "3": 0.844967066515897,
    "4": 0.5931045193045881,
    "5": 0.4384442556567703,
    "6": 0.3611717148353792,
    "7": 0.3075001012842725,
    "8": 0.2720420259560171,
    "9": 0.25201506578853533,
    "10": 0.23451151292432076
  }
}