{
  "name": "var_mu",
  "dist": {
    "dist_name": "poisson",
    "lam": 2,
    "param_str": "(2)"
  },
  "num_samples": 5000,
  "timestamp": "2024-05-03 18:29:34.389123",
  "num_T": 1,
  "num_A": 1,
  "num_iterations": 10,
  "target_init_entropy": 2.547095585180641,
  "awae_data": {
    "1": {
      "0": 1.661932201721386,
      "1": 1.6620507639999178,
      "2": 1.6622552892065727,
      "3": 1.661949295435575,
      "4": 1.6615079746336385,
      "5": 1.661719923345873,
      "6": 1.6614851737819283,
      "7": 1.6611088080996772,
      "8": 1.6618644343386944,
      "9": 1.6620895340791981,
      "10": 1.6619752874083833,
      "11": 1.6618738829651545,
      "12": 1.6617459822461984,
      "13": 1.6615022300700808,
      "14": 1.6643871323987374,
      "15": 1.6644283262555235,
      "16": 1.6635318054320525,
      "17": 1.663191145028819,
      "18": 1.6628393252218836,
      "19": 1.6615557642413836
    },
    "2": {
      "0": 1.205292233018405,
      "1": 1.2045376427692316,
      "2": 1.20305449848186,
      "3": 1.202463965367167,
      "4": 1.2027010305358692,
      "5": 1.202112958298,
      "6": 1.2027557780480536,
      "7": 1.2030513222776533,
      "8": 1.2026671208506352,
      "9": 1.202129539795111,
      "10": 1.2004738242447932,
      "11": 1.1989831174876004,
      "12": 1.1976930151354117,
      "13": 1.1966597523359273,
      "14": 1.1951759953691985,
      "15": 1.1940357327396915,
      "16": 1.1937152963446258,
      "17": 1.1935322968052793,
      "18": 1.1922903011974577,
      "19": 1.192127578774688
    },
    "3": {
      "0": 0.8421086508644736,
      "1": 0.8411115616395739,
      "2": 0.8412621792609443,
      "3": 0.8406162371986847,
      "4": 0.8405427207861825,
      "5": 0.8413469597297798,
      "6": 0.8405395001720908,
      "7": 0.8388999491472224,
      "8": 0.8662455109150635,
      "9": 0.8747529615813259,
      "10": 0.8568595042711561,
      "11": 0.879886809970319,
      "12": 0.852784532133238,
      "13": 0.8385947342212212,
      "14": 0.8349798218990353,
      "15": 0.8399086118913616,
      "16": 0.8357785363527739,
      "17": 0.843901797587898,
      "18": 0.8421308333545179,
      "19": 0.8490900006720654
    },
    "4": {
      "0": 0.5924353109755132,
      "1": 0.591184715535682,
      "2": 0.5914201395060213,
      "3": 0.5898857341457155,
      "4": 0.5887392607820758,
      "5": 0.5877957422152701,
      "6": 0.5888479609992621,
      "7": 0.5912835458957073,
      "8": 0.5988468180687643,
      "9": 0.5958031335331068,
      "10": 0.5951133211090471,
      "11": 0.5969069417750006,
      "12": 0.593928746369665,
      "13": 0.5932980253845872,
      "14": 0.6019033449057811,
      "15": 0.5894909089402112,
      "16": 0.6072881913369909,
      "17": 0.5981210988562257,
      "18": 0.5930582089383453,
      "19": 0.5852885050830061
    },
    "5": {
      "0": 0.4418663282083207,
      "1": 0.4409139879176779,
      "2": 0.4398170045567644,
      "3": 0.4382403342858477,
      "4": 0.4387369021902649,
      "5": 0.4382310920042909,
      "6": 0.43979506265491236,
      "7": 0.43961275365443103,
      "8": 0.43756577977031813,
      "9": 0.4413452572060895,
      "10": 0.4597689265477568,
      "11": 0.4501267791888727,
      "12": 0.4568577867215538,
      "13": 0.4493177442332579,
      "14": 0.4478744545587149,
      "15": 0.45049556855182094,
      "16": 0.45295407956873407,
      "17": 0.4307191935363902,
      "18": 0.44313665259657736,
      "19": 0.42639721811193787
    },
    "6": {
      "0": 0.3511665797778973,
      "1": 0.35085125873061757,
      "2": 0.35081548934056017,
      "3": 0.3494423071540134,
      "4": 0.34963586707758054,
      "5": 0.3493300133507068,
      "6": 0.3495051762535163,
      "7": 0.3486469848132764,
      "8": 0.3487018726841124,
      "9": 0.3482183033372093,
      "10": 0.34811038828430085,
      "11": 0.34742695417912867,
      "12": 0.3462616664122231,
      "13": 0.3452510105306237,
      "14": 0.3446993066577209,
      "15": 0.3443890428049158,
      "16": 0.3433699670381068,
      "17": 0.3415742193170805,
      "18": 0.3409540681672946,
      "19": 0.33870960307187226
    },
    "7": {
      "0": 0.3080245489657104,
      "1": 0.3070956966830124,
      "2": 0.3081732648165971,
      "3": 0.3072266574482744,
      "4": 0.3073254367287447,
      "5": 0.3069479637399704,
      "6": 0.3057355526905113,
      "7": 0.3051910987858021,
      "8": 0.30531956261128046,
      "9": 0.3072859788983751,
      "10": 0.30898203242908107,
      "11": 0.3157485722607324,
      "12": 0.31176031530337667,
      "13": 0.3167237358888134,
      "14": 0.3025060295454258,
      "15": 0.30083872738877787,
      "16": 0.3012664229914389,
      "17": 0.3013932594619835,
      "18": 0.29702095670796663,
      "19": 0.3026559759108987
    },
    "8": {
      "0": 0.270981479715782,
      "1": 0.27002516397822185,
      "2": 0.269143472339072,
      "3": 0.2697536050887571,
      "4": 0.2687225801138831,
      "5": 0.2687003260591821,
      "6": 0.2695008372759954,
      "7": 0.2701248112138434,
      "8": 0.2699771001123334,
      "9": 0.27148818209630066,
      "10": 0.27556422633832284,
      "11": 0.2780163785696411,
      "12": 0.28215050600147984,
      "13": 0.28273157974467084,
      "14": 0.26911217890861955,
      "15": 0.27535910180396517,
      "16": 0.27091722868012946,
      "17": 0.2645715805697785,
      "18": 0.2669481449454907,
      "19": 0.2709260153483682
    },
    "9": {
      "0": 0.25512214708711295,
      "1": 0.25460537618462614,
      "2": 0.2552211634250189,
      "3": 0.25489376514206963,
      "4": 0.2546092893673717,
      "5": 0.25512544848768387,
      "6": 0.2540446911930109,
      "7": 0.2545713931976076,
      "8": 0.2538651935867548,
      "9": 0.258479845230312,
      "10": 0.26032128729295934,
      "11": 0.26355856764880825,
      "12": 0.26896137491877936,
      "13": 0.2631947182046321,
      "14": 0.2537339526651473,
      "15": 0.25255156610000207,
      "16": 0.24613346062177915,
      "17": 0.25330304510872226,
      "18": 0.2465656631427487,
      "19": 0.24844175971804972
    },
    "10": {
      "0": 0.23303010994716108,
      "1": 0.23389873610518386,
      "2": 0.23302690534883413,
      "3": 0.2320138712382151,
      "4": 0.23130624228065097,
      "5": 0.23156463057906024,
      "6": 0.23218264612543527,
      "7": 0.23176719873261203,
      "8": 0.23191900650402708,
      "9": 0.2325593499203001,
      "10": 0.2356831954886552,
      "11": 0.23775311685587938,
      "12": 0.23712559925219368,
      "13": 0.2337770706118097,
      "14": 0.23384100533966462,
      "15": 0.2389571640706379,
      "16": 0.23313947566535514,
      "17": 0.22851798493514047,
      "18": 0.22799852615309774,
      "19": 0.22877377427397158
    }
  }
}