{
  "name": "var_mu",
  "dist": {
    "dist_name": "poisson",
    "lam": 2,
    "param_str": "(2)"
  },
  "num_samples": 1000,
  "num_T": 1,
  "num_A": 1,
  "num_iterations": 10,
  "target_init_entropy": 1.7048826439310045,
  "awae_data": {
    "1": {
      "0": 1.1383823828704505,
      "1": 1.1540028339753516,
      "2": 1.143287985042168,
      "3": 1.1398391122731362,
      "4": 1.1455885598926827,
      "5": 1.1388197612727275,
      "6": 1.1518120253687005,
      "7": 1.1422024794009167,
      "8": 1.1326248835232158,
      "9": 1.1396153387400236,
      "10": 1.145627987825129,
      "11": 1.138170109797806,
      "12": 1.1436817487843456,
      "13": 1.140363501798768,
      "14": 1.1452914752805063,
      "15": 1.1219437767544886,
      "16": 1.1271051247583812,
      "17": 1.128967684551649,
      "18": 1.1372107832489307,
      "19": 1.1322590130240928
    },
    "2": {
      "0": 0.815504364750254,
      "1": 0.8258035317220349,
      "2": 0.8245331380827177,
      "3": 0.8164259894050323,
      "4": 0.815401719630008,
      "5": 0.8279983958249773,
      "6": 0.8083759057758126,
      "7": 0.8050455497913045,
      "8": 0.805534830745421,
      "9": 0.8082920654808632,
      "10": 0.8023885014639139,
      "11": 0.7961103532872085,
      "12": 0.8069709724822098,
      "13": 0.8078755286134172,
      "14": 0.8167104082369251,
      "15": 0.7890451295061124,
      "16": 0.8037833500923535,
      "17": 0.80082354045959,
      "18": 0.7914356902254075,
      "19": 0.7846338074366296
    },
    "3": {
      "0": Infinity,
      "1": Infinity,
      "2": Infinity,
      "3": Infinity,
      "4": Infinity,
      "5": Infinity,
      "6": Infinity,
      "7": Infinity,
      "8": Infinity,
      "9": Infinity,
      "10": Infinity,
      "11": 0.5971458669308453,
      "12": 0.5759671565238966,
      "13": 0.5671574419095664,
      "14": 0.5587709216258511,
      "15": 0.5686209716176733,
      "16": 0.5388724704663046,
      "17": 0.5577388961166412,
      "18": 0.5532079548832136,
      "19": 0.5554403848781077
    },
    "4": {
      "0": Infinity,
      "1": Infinity,
      "2": Infinity,
      "3": Infinity,
      "4": Infinity,
      "5": Infinity,
      "6": Infinity,
      "7": Infinity,
      "8": Infinity,
      "9": Infinity,
      "10": Infinity,
      "11": 0.42427700234287224,
      "12": 0.42935549600751577,
      "13": 0.41332352156596974,
      "14": 0.413964291195717,
      "15": 0.4163999310378451,
      "16": 0.4082291289441864,
      "17": 0.4179939891324184,
      "18": 0.3999833171306622,
      "19": 0.390061772880365
    },
    "5": {
      "0": Infinity,
      "1": Infinity,
      "2": Infinity,
      "3": Infinity,
      "4": Infinity,
      "5": Infinity,
      "6": Infinity,
      "7": Infinity,
      "8": Infinity,
      "9": Infinity,
      "10": Infinity,
      "11": 0.34144256666594536,
      "12": 0.3640415667392863,
      "13": 0.35726467206168244,
      "14": 0.3691731083774546,
      "15": 0.35885757434944876,
      "16": 0.3675252187687614,
      "17": 0.3244030238826493,
      "18": 0.34359862498389176,
      "19": 0.3269923389902526
    },
    "6": {
      "0": 0.3081807617943387,
      "1": 0.3174180407680589,
      "2": 0.3376872926682994,
      "3": 0.3156450358222503,
      "4": 0.3175136325399234,
      "5": 0.30444556869579886,
      "6": 0.3151595596610951,
      "7": 0.316454936951083,
      "8": 0.3149220070939042,
      "9": 0.32101342997873494,
      "10": 0.3062952957990262,
      "11": 0.30573668168948925,
      "12": 0.3064394995338252,
      "13": 0.3183732980837256,
      "14": 0.30678144063809776,
      "15": 0.29949421431913803,
      "16": 0.2984025762752057,
      "17": 0.3021809315817688,
      "18": 0.2920996213536534,
      "19": 0.2982952359522238
    },
    "7": {
      "0": Infinity,
      "1": Infinity,
      "2": Infinity,
      "3": Infinity,
      "4": Infinity,
      "5": Infinity,
      "6": Infinity,
      "7": Infinity,
      "8": Infinity,
      "9": Infinity,
      "10": Infinity,
      "11": Infinity,
      "12": 0.28609138130173506,
      "13": 0.278578333437633,
      "14": 0.2899516766858864,
      "15": 0.2792418376897089,
      "16": 0.28583909720244877,
      "17": 0.29322251544332695,
      "18": 0.27853876399548294,
      "19": 0.293560514436991
    },
    "8": {
      "0": Infinity,
      "1": Infinity,
      "2": Infinity,
      "3": Infinity,
      "4": Infinity,
      "5": Infinity,
      "6": Infinity,
      "7": Infinity,
      "8": Infinity,
      "9": Infinity,
      "10": Infinity,
      "11": Infinity,
      "12": 0.3012693193544536,
      "13": 0.27931857188354237,
      "14": 0.2735907864747407,
      "15": 0.28604001866737694,
      "16": 0.2696620397271202,
      "17": 0.2654432958853553,
      "18": 0.27486147860116367,
      "19": 0.2671221192172878
    },
    "9": {
      "0": Infinity,
      "1": Infinity,
      "2": Infinity,
      "3": Infinity,
      "4": Infinity,
      "5": Infinity,
      "6": Infinity,
      "7": Infinity,
      "8": Infinity,
      "9": Infinity,
      "10": Infinity,
      "11": Infinity,
      "12": 0.27678200110098083,
      "13": 0.27213154362238967,
      "14": 0.26347639937152445,
      "15": 0.27076319162668816,
      "16": 0.26056043643785615,
      "17": 0.2651874340456212,
      "18": 0.25069753920003734,
      "19": 0.2591898659493165
    },
    "10": {
      "0": Infinity,
      "1": Infinity,
      "2": Infinity,
      "3": Infinity,
      "4": Infinity,
      "5": Infinity,
      "6": Infinity,
      "7": Infinity,
      "8": Infinity,
      "9": Infinity,
      "10": Infinity,
      "11": Infinity,
      "12": Infinity,
      "13": 0.25920083839235486,
      "14": 0.2662362462605285,
      "15": 0.26361528186354377,
      "16": 0.28212958248125275,
      "17": 0.27164531533751163,
      "18": 0.25125105694765304,
      "19": 0.27505843864127555
    }
  }
}