{
  "name": "var_mu",
  "dist": {
    "dist_name": "poisson",
    "lam": 4,
    "param_str": "(4)"
  },
  "num_samples": 5000,
  "timestamp": "2024-05-07 19:28:42.798544",
  "num_T": 1,
  "num_A": 1,
  "num_iterations": 10,
  "target_init_entropy": 3.047095585180641,
  "awae_data": {
    "1": {
      "0": 2.1499517766475273,
      "1": 2.149862927849356,
      "2": 2.1499294009574887,
      "3": 2.150196816151604,
      "4": 2.150502204597334,
      "5": 2.1506533147093174,
      "6": 2.1505464208067337,
      "7": 2.1503536137428476,
      "8": 2.15050733708733,
      "9": 2.1504447882311726,
      "10": 2.15056556315781,
      "11": 2.150626671075674,
      "12": 2.150031989287215,
      "13": 2.1496982046428847,
      "14": 2.1432789777953394,
      "15": 2.1434200388472133,
      "16": 2.143515233359927,
      "17": 2.1432697712860707,
      "18": 2.1431667340204568,
      "19": 2.1427297879973737,
      "20": 2.142065769616502,
      "21": 2.1415038676915517,
      "22": 2.1401972443918016,
      "23": 2.1388093154493184,
      "24": 2.1362460660647615,
      "25": 2.134339712975317,
      "26": 2.1333598629529975,
      "27": 2.131578743473516,
      "28": 2.141488830416477,
      "29": 2.141417055308556,
      "30": 2.134329109357144,
      "31": 2.1340790824220766,
      "32": 2.1414876720194185,
      "33": 2.140330215164288,
      "34": 2.140549426801715,
      "35": 2.1409539489738116,
      "36": 2.14076220843685,
      "37": 2.1409118049350906,
      "38": 2.141044608152708,
      "39": 2.141852870544107
    },
    "2": {
      "0": 1.5468599187453935,
      "1": 1.5470201217777193,
      "2": 1.5465942122049245,
      "3": 1.547147179509303,
      "4": 1.5478627089521018,
      "5": 1.5473903319622253,
      "6": 1.5470107268995092,
      "7": 1.5468844217492763,
      "8": 1.5462832960618287,
      "9": 1.5467816895256488,
      "10": 1.5453843394269051,
      "11": 1.5443364609258559,
      "12": 1.542368215305085,
      "13": 1.5395898636588146,
      "14": 1.5447517701679074,
      "15": 1.544370580384506,
      "16": 1.5434307401427365,
      "17": 1.5427690848533409,
      "18": 1.5414197717328098,
      "19": 1.5411299198388928,
      "20": 1.5405936217453606,
      "21": 1.5396761077097252,
      "22": 1.5388747708043016,
      "23": 1.5367963228790134,
      "24": 1.532700662916838,
      "25": 1.5305377918548226,
      "26": 1.52913422274723,
      "27": 1.5246812936657772,
      "28": 1.5214288773978075,
      "29": 1.5201051568890986,
      "30": 1.5132228220397095,
      "31": 1.5109862219314978,
      "32": 1.5175114340682168,
      "33": 1.517940975419469,
      "34": 1.5192621044731645,
      "35": 1.519565600413412,
      "36": 1.5166942488312318,
      "37": 1.5157336982089094,
      "38": 1.5150185886283,
      "39": 1.5149612763294829
    },
    "3": {
      "0": 1.0310488451910849,
      "1": 1.0244390594113353,
      "2": 1.0181967421724523,
      "3": 1.0160091619198872,
      "4": 1.015244583731295,
      "5": 1.0148873575093513,
      "6": 1.015855809629241,
      "7": 1.0138895405777006,
      "8": 1.0159284599473213,
      "9": 1.0249773595987524,
      "10": 1.0384355954659408,
      "11": 1.042135714171529,
      "12": 1.0342226808335024,
      "13": 1.0312665360343467,
      "14": 1.0190657634976479,
      "15": 1.0101117374870252,
      "16": 1.0063579359449455,
      "17": 1.0084801854123469,
      "18": 1.003058262242463,
      "19": 1.0006575183707964,
      "20": 1.0063359086357144,
      "21": 1.0069263283916612,
      "22": 1.0071937728606772,
      "23": 1.0088730262965675,
      "24": 1.0002890867258112,
      "25": 0.9862046824658103,
      "26": 0.9731944315165576,
      "27": 0.9759995826672385,
      "28": 0.9840704903803618,
      "29": 0.9736640544323606,
      "30": 0.9710138517323601,
      "31": 0.9582711640266979,
      "32": 0.9567171601449653,
      "33": 0.9609837345954887,
      "34": 0.9740407326641087,
      "35": 0.9678507749802054,
      "36": 0.9520224576856876,
      "37": 0.9494059958630194,
      "38": 0.9610240031915428,
      "39": 0.9642326205125773
    },
    "4": {
      "0": 0.6831206875300753,
      "1": 0.6771066998265275,
      "2": 0.6749636631857592,
      "3": 0.6705766212622867,
      "4": 0.6700705655457464,
      "5": 0.6708855295346191,
      "6": 0.6704047194684327,
      "7": 0.671602233819323,
      "8": 0.6757445212657613,
      "9": 0.6856139158245164,
      "10": 0.6980880654041566,
      "11": 0.7051449666097545,
      "12": 0.7123281482234417,
      "13": 0.7098426217500788,
      "14": 0.6920160320654171,
      "15": 0.6735568871628443,
      "16": 0.671916708496704,
      "17": 0.6727496196795617,
      "18": 0.670176961281707,
      "19": 0.6619935068867024,
      "20": 0.6585160186968533,
      "21": 0.6488021991037398,
      "22": 0.6457505470598476,
      "23": 0.6475456961018173,
      "24": 0.6482220695017606,
      "25": 0.6547567800215961,
      "26": 0.6290841626376744,
      "27": 0.6294163270906311,
      "28": 0.6334141221694889,
      "29": 0.6414491386447494,
      "30": 0.6264105233333048,
      "31": 0.6298649509926123,
      "32": 0.623168523126342,
      "33": 0.6174502544549108,
      "34": 0.6225172803955774,
      "35": 0.6182505202991615,
      "36": 0.6167517722005977,
      "37": 0.6183970188843546,
      "38": 0.61570813329984,
      "39": 0.606932699588491
    },
    "5": {
      "0": 0.5339690649438139,
      "1": 0.5282388816451788,
      "2": 0.5251686479308718,
      "3": 0.5205399557343708,
      "4": 0.5199104836933774,
      "5": 0.5195600108199244,
      "6": 0.520347084200689,
      "7": 0.5197577831776399,
      "8": 0.5251823202304158,
      "9": 0.5308643478344035,
      "10": 0.5383784627258839,
      "11": 0.5603551263896749,
      "12": 0.5631580270244775,
      "13": 0.5608836478255219,
      "14": 0.5488020493579524,
      "15": 0.5401864201310579,
      "16": 0.5285646036673513,
      "17": 0.5275264205246871,
      "18": 0.5197870277778716,
      "19": 0.509123073499995,
      "20": 0.5110167699563202,
      "21": 0.5058338235627642,
      "22": 0.49969077412310253,
      "23": 0.4967846035989604,
      "24": 0.4999008630573519,
      "25": 0.5127362054770621,
      "26": 0.5012411343049938,
      "27": 0.4893801016956626,
      "28": 0.48770779344793286,
      "29": 0.49891059266774224,
      "30": 0.4981146009964424,
      "31": 0.4940242655537461,
      "32": 0.48073209377202925,
      "33": 0.4735926700292478,
      "34": 0.4706429953320441,
      "35": 0.4714992828864091,
      "36": 0.4809693974757865,
      "37": 0.4646638411345597,
      "38": 0.45939296817638897,
      "39": 0.4544426347814642
    },
    "6": {
      "0": 0.4428668648100798,
      "1": 0.44187913034055254,
      "2": 0.44436426397835904,
      "3": 0.4458330065330906,
      "4": 0.44665741926117175,
      "5": 0.4463391808571907,
      "6": 0.4462836032708245,
      "7": 0.44807861501199475,
      "8": 0.44934216362260065,
      "9": 0.4488868851963318,
      "10": 0.4466243204897723,
      "11": 0.44479860542471317,
      "12": 0.4444791579468566,
      "13": 0.4439386156044721,
      "14": 0.44461874052910977,
      "15": 0.4449237936502109,
      "16": 0.4448205584355426,
      "17": 0.44397419928189497,
      "18": 0.4442385258107803,
      "19": 0.4413527364224265,
      "20": 0.4403330477882393,
      "21": 0.4384782482438932,
      "22": 0.4401830747085021,
      "23": 0.43895922625858336,
      "24": 0.43756618959951626,
      "25": 0.43629991602118806,
      "26": 0.4363688725312551,
      "27": 0.43623163491581723,
      "28": 0.42734437112657087,
      "29": 0.42616862795759614,
      "30": 0.4197387851087432,
      "31": 0.41988449419824486,
      "32": 0.42370615876456574,
      "33": 0.422731120828374,
      "34": 0.42184067586853374,
      "35": 0.4211436671744483,
      "36": 0.42073893778133675,
      "37": 0.4191376838794413,
      "38": 0.41889438741584295,
      "39": 0.418487325989304
    },