{
  "name": "var_mu",
  "dist": {
    "dist_name": "poisson",
    "lam": 4,
    "param_str": "(4)"
  },
  "num_samples": 5000,
  "timestamp": "2024-04-29 18:09:30.410002",
  "num_T": 1,
  "num_A": 1,
  "num_iterations": 10,
  "target_init_entropy": 2.0866726998809635,
  "awae_data": {
    "1": {
      "0": 2.142984901314086,
      "1": 2.143167663719182,
      "2": 2.143393958878815,
      "3": 2.1427411508594107,
      "4": 2.14269720685459,
      "5": 2.1433217211437743,
      "6": 2.1427868260341105,
      "7": 2.142242528393611,
      "8": 2.141649053590949,
      "9": 2.141257402867942,
      "10": 2.141197426123932,
      "11": 2.141222332893444,
      "12": 2.1413176790782495,
      "13": 2.141132914533636,
      "14": 2.1508514599095685,
      "15": 2.15089061249965,
      "16": 2.151050208140826,
      "17": 2.1512911570276807,
      "18": 2.150997979597725,
      "19": 2.1506365307854773,
      "20": 2.1497625474212056,
      "21": 2.1491957547626384,
      "22": 2.14810867973449,
      "23": 2.1468638762996455,
      "24": 2.145186066665718,
      "25": 2.1437515016430675,
      "26": 2.1427219209253345,
      "27": 2.141454783196101,
      "28": 2.134153334143082,
      "29": 2.134261088345569,
      "30": 2.134915267928368,
      "31": 2.1349131176210476,
      "32": 2.1348156300979837,
      "33": 2.1344668352968443,
      "34": 2.1342457484257475,
      "35": 2.1342499271839093,
      "36": 2.1341409420678934,
      "37": 2.134116465286912,
      "38": 2.13428324715339,
      "39": 2.1345255023880556
    },
    "2": {
      "0": 1.5535059733354721,
      "1": 1.5545446053551975,
      "2": 1.5542916303575995,
      "3": 1.5530979386170494,
      "4": 1.5518436807095404,
      "5": 1.5514685158170434,
      "6": 1.5500376282579862,
      "7": 1.5499830085463902,
      "8": 1.5494799050627313,
      "9": 1.5504519988034828,
      "10": 1.5492779631690354,
      "11": 1.547617883473875,
      "12": 1.5453668819979303,
      "13": 1.543882470762714,
      "14": 1.5448212867640465,
      "15": 1.5432799722804063,
      "16": 1.542439621223711,
      "17": 1.5424925326978205,
      "18": 1.5412413350551024,
      "19": 1.5419198817775168,
      "20": 1.5409959482759894,
      "21": 1.538640178148968,
      "22": 1.5382638166489953,
      "23": 1.5368107483694913,
      "24": 1.533659181924055,
      "25": 1.5317150757216766,
      "26": 1.5291197311440516,
      "27": 1.5249172776330644,
      "28": 1.5240644070687186,
      "29": 1.5198213234914109,
      "30": 1.5126006718778737,
      "31": 1.5114051016613117,
      "32": 1.5172791381333577,
      "33": 1.5171844108215518,
      "34": 1.5178985437608525,
      "35": 1.51691718733677,
      "36": 1.51650538503807,
      "37": 1.515664104464256,
      "38": 1.514987624774509,
      "39": 1.5142274148579764
    },
    "3": {
      "0": 1.0188398233877567,
      "1": 1.013396914822469,
      "2": 1.0072962492498843,
      "3": 1.0041919055346882,
      "4": 1.0067405720227334,
      "5": 1.0053397808902365,
      "6": 1.0055996796327782,
      "7": 1.0044614425663458,
      "8": 1.00626184354103,
      "9": 1.0161569000018962,
      "10": 1.0294867103926697,
      "11": 1.0330690605447828,
      "12": 1.022865062494064,
      "13": 1.023407272128543,
      "14": 1.0228694981550688,
      "15": 1.0116990247699438,
      "16": 1.0151452123482836,
      "17": 1.013800272180442,
      "18": 1.007605160298486,
      "19": 1.0067759973286396,
      "20": 1.0098679282612024,
      "21": 1.0109294321390654,
      "22": 1.0078946379758253,
      "23": 1.0083088291788171,
      "24": 1.001932584381761,
      "25": 0.9864773364523511,
      "26": 0.9703021225329092,
      "27": 0.975999996965905,
      "28": 0.9818689376286187,
      "29": 0.9787418640116357,
      "30": 0.9706743666034402,
      "31": 0.9604209939064905,
      "32": 0.9563885175080445,
      "33": 0.9617179186482835,
      "34": 0.9734294238833814,
      "35": 0.9651470902710635,
      "36": 0.9476629973715779,
      "37": 0.9425976937631608,
      "38": 0.9548637421284545,
      "39": 0.9595728593287458
    },
    "4": {
      "0": 0.6934439667503793,
      "1": 0.6872750077066935,
      "2": 0.685424367976018,
      "3": 0.6840810895561338,
      "4": 0.6801100367049409,
      "5": 0.6801707424934034,
      "6": 0.6801860150883129,
      "7": 0.680495531129127,
      "8": 0.684303525694569,
      "9": 0.6949682026448935,
      "10": 0.7027047674139549,
      "11": 0.7196436362080832,
      "12": 0.7255502654786182,
      "13": 0.7169608813998385,
      "14": 0.6928630636919244,
      "15": 0.6770845939839265,
      "16": 0.6706361314820796,
      "17": 0.6710624058772281,
      "18": 0.6680906953740723,
      "19": 0.6602524257347362,
      "20": 0.6605362561453706,
      "21": 0.6505577333496069,
      "22": 0.6466537823757788,
      "23": 0.6517071751739976,
      "24": 0.6506329599560255,
      "25": 0.6614269123287999,
      "26": 0.6330193752805118,
      "27": 0.6324197771963117,
      "28": 0.6218823328727762,
      "29": 0.6305477522548094,
      "30": 0.6194382988466598,
      "31": 0.6418978715798581,
      "32": 0.6176813893490245,
      "33": 0.612812015024814,
      "34": 0.6130803000212668,
      "35": 0.6098049294656355,
      "36": 0.608981775493157,
      "37": 0.6100553430805803,
      "38": 0.6043370311488353,
      "39": 0.5964820017813641
    },
    "5": {
      "0": 0.5186372216621333,
      "1": 0.513022272221981,
      "2": 0.5092553719825315,
      "3": 0.5095200231760512,
      "4": 0.507822802332582,
      "5": 0.51021330200606,
      "6": 0.5100767862885732,
      "7": 0.5110430740135706,
      "8": 0.5150743804753182,
      "9": 0.5231546331551518,
      "10": 0.5321304919521652,
      "11": 0.5568550764283484,
      "12": 0.5612669884179036,
      "13": 0.5569314756031605,
      "14": 0.5502974524729131,
      "15": 0.5418932477827334,
      "16": 0.5344877791580356,
      "17": 0.5368522401019579,
      "18": 0.5326547412732608,
      "19": 0.5200988934449827,
      "20": 0.5232883112326917,
      "21": 0.5167710981363971,
      "22": 0.5102169415211183,
      "23": 0.5092530316579871,
      "24": 0.5121352736317768,
      "25": 0.5247105221221974,
      "26": 0.5165705583986326,
      "27": 0.4990762283880305,
      "28": 0.48781659208412886,
      "29": 0.4953929968404944,
      "30": 0.5014176369745214,
      "31": 0.49489411729004684,
      "32": 0.4741112027769826,
      "33": 0.47366420501484113,
      "34": 0.4694291412041228,
      "35": 0.46963795731080804,
      "36": 0.476166983526397,
      "37": 0.46677513917380853,
      "38": 0.45715320916561675,
      "39": 0.4535309423148545
    },
    "6": {
      "0": 0.43664753782483157,
      "1": 0.43624207674475307,
      "2": 0.43497208713497965,
      "3": 0.4350835235574375,
      "4": 0.4331043852147819,
      "5": 0.43202693332046743,
      "6": 0.4321226380088349,
      "7": 0.43196575429864986,
      "8": 0.4319609473029223,
      "9": 0.4306393974919918,
      "10": 0.43140803487944607,
      "11": 0.4310063089348681,
      "12": 0.4321413318079406,
      "13": 0.4327364234388476,
      "14": 0.43762274911215976,
      "15": 0.43641418060452464,
      "16": 0.4345228283618338,
      "17": 0.43365065982759343,
      "18": 0.4335986534537149,
      "19": 0.4319450927783787,
      "20": 0.43184271427883214,
      "21": 0.430446749467621,
      "22": 0.4304962535105131,
      "23": 0.4292479555780468,
      "24": 0.427522830012905,
      "25": 0.42551546589531924,
      "26": 0.42504144517859477,
      "27": 0.4237549261294144,
      "28": 0.4323447184519852,
      "29": 0.43094668859131124,
      "30": 0.4199459700921335,
      "31": 0.41974283743619684,
      "32": 0.4263769191853273,
      "33": 0.42439019776678305,
      "34": 0.42415573107776455,
      "35": 0.4246693617245537,
      "36": 0.4242765411338093,
      "37": 0.424382662656207,
      "38": 0.42208123210391324,
      "39": 0.4223091780874447
    },