{
  "name": "var_mu",
  "dist": {
    "dist_name": "poisson",
    "lam": 4,
    "param_str": "(4)"
  },
  "num_samples": 1000,
  "num_T": 1,
  "num_A": 1,
  "num_iterations": 10,
  "target_init_entropy": 2.0866726998809635,
  "awae_data": {
    "1": {
      "0": 1.4746445746365573,
      "1": 1.4723868979202883,
      "2": 1.477200799515618,
      "3": 1.476178807867253,
      "4": 1.4672684376715115,
      "5": 1.4665224846561433,
      "6": 1.4673079261149646,
      "7": 1.4534987359626845,
      "8": 1.465045414006827,
      "9": 1.4628267200857075,
      "10": 1.4749824372282296,
      "11": 1.4632049354865644,
      "12": 1.466283624194715,
      "13": 1.461659114641742,
      "14": 1.4608750459745126,
      "15": 1.469203293518687,
      "16": 1.4635013515416773,
      "17": 1.4534800928535228,
      "18": 1.464758286780948,
      "19": 1.469314113963706,
      "20": 1.4485827032677547,
      "21": 1.4519988548749805,
      "22": 1.4432781092739222,
      "23": 1.4531592906082527,
      "24": 1.4362044017043165,
      "25": 1.417849488343266,
      "26": 1.4337424699839052,
      "27": 1.4452003365658637,
      "28": 1.4257865994117285,
      "29": 1.4331250263397461,
      "30": 1.413358304788367,
      "31": 1.4337630616040218,
      "32": 1.4246358101796912,
      "33": 1.4285347981511556,
      "34": 1.4221058535768392,
      "35": 1.4329459552908976,
      "36": 1.439420222003085,
      "37": 1.4312116784038058,
      "38": 1.4390624892691926,
      "39": 1.436341694885717
    },
    "2": {
      "0": 1.0256589978956145,
      "1": 1.0418422903080726,
      "2": 1.0375759184851447,
      "3": 1.0238102635070374,
      "4": 1.0180292468788266,
      "5": 1.0166193004070412,
      "6": 1.034864707674974,
      "7": 1.0361252476463694,
      "8": 1.0288236973808196,
      "9": 1.041876277742356,
      "10": 1.0170845226443779,
      "11": 1.0124930879703953,
      "12": 0.999714309761537,
      "13": 1.0087833570100855,
      "14": 1.0039343875830105,
      "15": 0.9990123734111636,
      "16": 1.0084266372054171,
      "17": 0.9929758489744265,
      "18": 0.9854896251647551,
      "19": 0.9714936694536519,
      "20": 0.9921695740176814,
      "21": 0.9954159367143885,
      "22": 0.9573526587365844,
      "23": 0.9509319279107414,
      "24": 0.9571109252030683,
      "25": 0.9410874645552092,
      "26": 0.9632030877195573,
      "27": 0.9645970486679465,
      "28": 0.9684327940155413,
      "29": 0.9513701966516486,
      "30": 0.931621888860984,
      "31": 0.963951614045978,
      "32": 0.9710973290860319,
      "33": 0.9513518885992894,
      "34": 0.9651765572821812,
      "35": 0.9567241554143286,
      "36": 0.9486533165477118,
      "37": 0.9630023617060006,
      "38": 0.9608382093718093,
      "39": 0.9525776993122369
    },
    "3": {
      "0": Infinity,
      "1": Infinity,
      "2": Infinity,
      "3": Infinity,
      "4": Infinity,
      "5": Infinity,
      "6": Infinity,
      "7": Infinity,
      "8": Infinity,
      "9": Infinity,
      "10": Infinity,
      "11": Infinity,
      "12": Infinity,
      "13": 0.6925956422292115,
      "14": 0.6854277015796872,
      "15": 0.6584902930844158,
      "16": 0.6736102401054662,
      "17": 0.6503452810771703,
      "18": 0.6489644237818208,
      "19": 0.650564034394794,
      "20": 0.6604503045941369,
      "21": 0.6395470538457657,
      "22": 0.6395429390810261,
      "23": 0.6341557414679035,
      "24": 0.6248939662294136,
      "25": 0.6130426445355972,
      "26": 0.6003562524321041,
      "27": 0.571315741946397,
      "28": 0.5958801304147007,
      "29": 0.5894074002640701,
      "30": 0.58780253325682,
      "31": 0.5738496470495051,
      "32": 0.5835981981801307,
      "33": 0.5766295305631184,
      "34": 0.5869828534814576,
      "35": 0.5849731039121528,
      "36": 0.5793556156702946,
      "37": 0.5788657127786273,
      "38": 0.5881543301295159,
      "39": 0.5731759072961372
    },
    "4": {
      "0": Infinity,
      "1": Infinity,
      "2": Infinity,
      "3": Infinity,
      "4": Infinity,
      "5": Infinity,
      "6": Infinity,
      "7": Infinity,
      "8": Infinity,
      "9": Infinity,
      "10": Infinity,
      "11": Infinity,
      "12": Infinity,
      "13": 0.5273017907815647,
      "14": 0.5050844596455923,
      "15": 0.5124489396255955,
      "16": 0.5158056559480219,
      "17": 0.5150545887577682,
      "18": 0.46913662728186756,
      "19": 0.4971459137661468,
      "20": 0.4544102202536364,
      "21": 0.4804081504154574,
      "22": 0.4696165899013054,
      "23": 0.4706987987309539,
      "24": 0.4407200823580431,
      "25": 0.4514997600885481,
      "26": 0.4526079864972952,
      "27": 0.4586991400458422,
      "28": 0.4383552074424677,
      "29": 0.43597512545733785,
      "30": 0.4103851164860114,
      "31": 0.42842176871659127,
      "32": 0.42425733956698075,
      "33": 0.4272092234816321,
      "34": 0.42021670522526755,
      "35": 0.40843545600677666,
      "36": 0.41111648628276515,
      "37": 0.4128271178439765,
      "38": 0.41712039323760897,
      "39": 0.40735913667573415
    },
    "5": {
      "0": Infinity,
      "1": Infinity,
      "2": Infinity,
      "3": Infinity,
      "4": Infinity,
      "5": Infinity,
      "6": Infinity,
      "7": Infinity,
      "8": Infinity,
      "9": Infinity,
      "10": Infinity,
      "11": Infinity,
      "12": Infinity,
      "13": 0.470119866703253,
      "14": 0.45189924501317646,
      "15": 0.4378839239362665,
      "16": 0.45458802086431616,
      "17": 0.4530251126190664,
      "18": 0.440279765533335,
      "19": 0.43765448511517535,
      "20": 0.41817697911726814,
      "21": 0.41815312209535527,
      "22": 0.4367600403931736,
      "23": 0.4116423778394275,
      "24": 0.4196904199411608,
      "25": 0.41985477337262617,
      "26": 0.3721550539136339,
      "27": 0.37521331270909586,
      "28": 0.3808334510425594,
      "29": 0.37742400526660713,
      "30": 0.39521325106573624,
      "31": 0.3895011545034043,
      "32": 0.36152424607527633,
      "33": 0.3610877942988185,
      "34": 0.3541469275878952,
      "35": 0.3312788400408121,
      "36": 0.3614881632092536,
      "37": 0.344667591546435,
      "38": 0.34811383672729057,
      "39": 0.3568487343797603
    },
    "6": {
      "0": 0.4257073497033895,
      "1": 0.4333855238681972,
      "2": 0.4461690204242556,
      "3": 0.4213338561640995,
      "4": 0.42547193255386323,
      "5": 0.43772488980776647,
      "6": 0.4176876680141442,
      "7": 0.4284531834224805,
      "8": 0.41932723299451763,
      "9": 0.44195688548448225,
      "10": 0.4259100561365404,
      "11": 0.4104457431962216,
      "12": 0.4219731609562368,
      "13": 0.41940180089872764,
      "14": 0.42942172258932965,
      "15": 0.40710344364250284,
      "16": 0.4000665182681991,
      "17": 0.39255030093483556,
      "18": 0.4284529637929485,
      "19": 0.3990648583841885,
      "20": 0.398679467286212,
      "21": 0.39272342876093785,
      "22": 0.4126013157157121,
      "23": 0.3928114987597664,
      "24": 0.3888570047029743,
      "25": 0.40931407300500383,
      "26": 0.3893043701209286,
      "27": 0.3830977499022496,
      "28": 0.36904867725234763,
      "29": 0.40265416449942953,
      "30": 0.3824066815878916,
      "31": 0.39913436513469647,
      "32": 0.37911152896897893,
      "33": 0.3819688399955954,
      "34": 0.35903097812790746,
      "35": 0.37263367454136576,
      "36": 0.3593406214707544,
      "37": 0.36644302947193014,
      "38": 0.3653032758818503,
      "39": 0.35840289770230405
    },
    "7": {
      "0": Infinity,
      "1": Infinity,
      "2": Infinity,
      "3": Infinity,
      "4": Infinity,
      "5": Infinity,
      "6": Infinity,
      "7": Infinity,
      "8": Infinity,
      "9": Infinity,
      "10": Infinity,
      "11": Infinity,
      "12": Infinity,
      "13": 0.4014141678824683,
      "14": 0.3877452524075985,
      "15": 0.398583800139116,
      "16": 0.3990297603569902,