{
  "name": "max",
  "dist": {
    "dist_name": "poisson",
    "lam": 1,
    "param_str": "(1)"
  },
  "num_samples": 5000,
  "timestamp": "2024-05-07 16:18:08.669387",
  "num_T": 1,
  "num_A": 1,
  "num_iterations": 10,
  "target_init_entropy": 2.047095585180641,
  "awae_data": {
    "1": {
      "0": 0.8036201122139726,
      "1": 0.6338233296781641,
      "2": 0.3280136026499668,
      "3": 0.11665053572697923,
      "4": 0.03251579494938837,
      "5": 0.008648190977904285,
      "6": 0.0013093372137863428,
      "7": 0.00014427431307274618,
      "8": 0.00014427431307274618,
      "9": 0.00014427431307274618
    },
    "2": {
      "0": 0.5150728209087567,
      "1": 0.4608291295640908,
      "2": 0.26570792223997086,
      "3": 0.10381458774356289,
      "4": 0.0315794788690071,
      "5": 0.0051664441816523885,
      "6": 0.0012011813320433474,
      "7": 0.0001731282138898403,
      "8": 0.0001731282138898403,
      "9": 0.00014427431307203472
    },
    "3": {
      "0": 0.37639703306386074,
      "1": 0.35771442291308314,
      "2": 0.2317560033689864,
      "3": 0.09514428185195714,
      "4": 0.02811413930327461,
      "5": 0.007748770362963717,
      "6": 0.0017149142520798799,
      "7": 0.0002584816337483784,
      "8": 0.00014427431307160898,
      "9": 0.00014427431307160898
    },
    "4": {
      "0": 0.287818498180136,
      "1": 0.28098842071560753,
      "2": 0.19506303219713728,
      "3": 0.08330435003446077,
      "4": 0.02468501887029435,
      "5": 0.005392927296438074,
      "6": 0.0012904763065535933,
      "7": 0.0003418731701580604,
      "8": 0.0002252533336825983,
      "9": 0.00015334020478210056
    },
    "5": {
      "0": 0.2389725615506276,
      "1": 0.23642664618208536,
      "2": 0.17695080412697978,
      "3": 0.0773305715806493,
      "4": 0.025244746192469646,
      "5": 0.007876577262773805,
      "6": 0.0011678831252107031,
      "7": 0.00018670229632047533,
      "8": 0.00019461239574271625,
      "9": 0.0001442743130719715
    },
    "6": {
      "0": 0.2065521218181777,
      "1": 0.20568973027902815,
      "2": 0.16323228289052433,
      "3": 0.07637532784760122,
      "4": 0.02332321602883045,
      "5": 0.006069759477061511,
      "6": 0.0010931113991471044,
      "7": 0.0001465865027399352,
      "8": 0.00015306495425683862,
      "9": 0.000172227991437978
    },
    "7": {
      "0": 0.17944652180243642,
      "1": 0.1792271615278252,
      "2": 0.1484372101047783,
      "3": 0.07467788835358698,
      "4": 0.025692989362140768,
      "5": 0.005413303541548004,
      "6": 0.0015923448510645419,
      "7": 0.0003052419466166623,
      "8": 0.00020251061529074846,
      "9": 0.00014427431307292488
    },
    "8": {
      "0": 0.1557154709597177,
      "1": 0.15552619080472002,
      "2": 0.13355795036570808,
      "3": 0.06683308535734425,
      "4": 0.022736861350290283,
      "5": 0.005375876103901415,
      "6": 0.0011709655510450646,
      "7": 0.0004891671662189863,
      "8": 0.00014427431307194972,
      "9": 0.00014427431307194972
    },
    "9": {
      "0": 0.13969841055933102,
      "1": 0.13965466458968284,
      "2": 0.12313106636724744,
      "3": 0.06544803193956528,
      "4": 0.023338789674205912,
      "5": 0.0058363881940414145,
      "6": 0.0013724181412222804,
      "7": 0.0006653628824734022,
      "8": 0.00014427431307226324,
      "9": 0.00014427431307226324
    },
    "10": {
      "0": 0.1245227608178187,
      "1": 0.12450413325417395,
      "2": 0.11301581313072595,
      "3": 0.06245754720472878,
      "4": 0.020487859012274567,
      "5": 0.005783374142014637,
      "6": 0.0014599177208676484,
      "7": 0.0003474174235146735,
      "8": 0.00014427431307223744,
      "9": 0.00014427431307223744
    }
  },
  "leakage_no_attacker": {
    "1": 0.8036201122139726,
    "2": 0.5150728209087567,
    "3": 0.37639703306386074,
    "4": 0.287818498180136,
    "5": 0.2389725615506276,
    "6": 0.2065521218181777,
    "7": 0.17944652180243642,
    "8": 0.1557154709597177,
    "9": 0.13969841055933102,
    "10": 0.1245227608178187
  }
}