{
  "name": "max",
  "dist": {
    "dist_name": "poisson",
    "lam": 2,
    "param_str": "(2)"
  },
  "num_samples": 5000,
  "timestamp": "2024-05-07 16:27:13.118548",
  "num_T": 1,
  "num_A": 1,
  "num_iterations": 10,
  "target_init_entropy": 2.547095585180641,
  "awae_data": {
    "1": {
      "0": 0.965637230818496,
      "1": 0.9339905185900435,
      "2": 0.7692695661796075,
      "3": 0.4964795813275555,
      "4": 0.2516529815438238,
      "5": 0.10126269802372864,
      "6": 0.03830387424479327,
      "7": 0.012243564275280228,
      "8": 0.003524879255660802,
      "9": 0.00029471598629021115,
      "10": 0.0002208287668411238,
      "11": 0.00014427431307263946,
      "12": 0.00014427431307263946,
      "13": 0.00014427431307263946,
      "14": 0.00014427431307180552,
      "15": 0.00014427431307180552,
      "16": 0.00014427431307180552,
      "17": 0.00014427431307180552,
      "18": 0.00014427431307180552,
      "19": 0.00014427431307180552
    },
    "2": {
      "0": 0.6205548771430551,
      "1": 0.6162446083857669,
      "2": 0.5568987298147338,
      "3": 0.40152295306642377,
      "4": 0.22116453202214442,
      "5": 0.09893445624464374,
      "6": 0.03695777336244659,
      "7": 0.011256118027381575,
      "8": 0.002981225985637766,
      "9": 0.00037429787454515884,
      "10": 0.00026680701731494834,
      "11": 0.00014427431307198114,
      "12": 0.00014427431307198114,
      "13": 0.00014427431307198114,
      "14": 0.0001442743130723269,
      "15": 0.0001442743130723269,
      "16": 0.0001442743130723269,
      "17": 0.0001442743130723269,
      "18": 0.0001442743130723269,
      "19": 0.0001442743130723269
    },
    "3": {
      "0": 0.4362389753899495,
      "1": 0.43569428277150263,
      "2": 0.4141661220286713,
      "3": 0.3197906037738679,
      "4": 0.1867265898316887,
      "5": 0.0817645866781667,
      "6": 0.030384316314765514,
      "7": 0.00784886337054038,
      "8": 0.0027380280934421993,
      "9": 0.0013113569368235216,
      "10": 0.00043400266525862494,
      "11": 0.00014427431307244062,
      "12": 0.00014427431307244062,
      "13": 0.00014427431307244062,
      "14": 0.00014427431307211127,
      "15": 0.00014427431307211127,
      "16": 0.00014427431307211127,
      "17": 0.00014427431307211127,
      "18": 0.00014427431307211127,
      "19": 0.00014427431307211127
    },
    "4": {
      "0": 0.34363148509706576,
      "1": 0.3434686653063785,
      "2": 0.3346551550861793,
      "3": 0.2764401046619689,
      "4": 0.16949043971444136,
      "5": 0.07942922014666567,
      "6": 0.030633020068722656,
      "7": 0.011094089466563595,
      "8": 0.0026089326622681223,
      "9": 0.0007675616055504402,
      "10": 0.00022916861408467078,
      "11": 0.0001442743130720435,
      "12": 0.0001442743130720435,
      "13": 0.0001442743130720435,
      "14": 0.0001442743130726702,
      "15": 0.0001442743130726702,
      "16": 0.0001442743130726702,
      "17": 0.0001442743130726702,
      "18": 0.0001442743130726702,
      "19": 0.0001442743130726702
    },
    "5": {
      "0": 0.28391212467053506,
      "1": 0.28391212467053506,
      "2": 0.2807774955000039,
      "3": 0.24307345126793828,
      "4": 0.15787251331792926,
      "5": 0.07571947240167784,
      "6": 0.029071315137412956,
      "7": 0.008939665165277496,
      "8": 0.0022211625869354053,
      "9": 0.0005566850654248345,
      "10": 0.000144274313072603,
      "11": 0.000144274313072603,
      "12": 0.000144274313072603,
      "13": 0.000144274313072603,
      "14": 0.00014427431307260745,
      "15": 0.00014427431307260745,
      "16": 0.00014427431307260745,
      "17": 0.00014427431307260745,
      "18": 0.00014427431307260745,
      "19": 0.00014427431307260745
    },
    "6": {
      "0": 0.24294536930055627,
      "1": 0.24294536930055627,
      "2": 0.2417293282338817,
      "3": 0.2162879563830984,
      "4": 0.14393536264073023,
      "5": 0.07512756969823961,
      "6": 0.03112764146268653,
      "7": 0.01013089324174438,
      "8": 0.003541154064396433,
      "9": 0.0011563092799210556,
      "10": 0.0002902340852370095,
      "11": 0.00017312821389033848,
      "12": 0.00014427431307253226,
      "13": 0.00014427431307253226,
      "14": 0.00014427431307200783,
      "15": 0.00014427431307200783,
      "16": 0.00014427431307200783,
      "17": 0.00014427431307200783,
      "18": 0.00014427431307200783,
      "19": 0.00014427431307200783
    },
    "7": {
      "0": 0.20880013791666135,
      "1": 0.20880013791666135,
      "2": 0.20835560566562344,
      "3": 0.19147620608496937,
      "4": 0.13242928237750462,
      "5": 0.06828176964983283,
      "6": 0.02579117869051214,
      "7": 0.008809286630450875,
      "8": 0.0031114231082604907,
      "9": 0.0006947623471304191,
      "10": 0.00019055946022200916,
      "11": 0.0001936061398544687,
      "12": 0.00014427431307166056,
      "13": 0.00014427431307166056,
      "14": 0.00014427431307267467,
      "15": 0.00014427431307267467,
      "16": 0.00014427431307267467,
      "17": 0.00014427431307267467,
      "18": 0.00014427431307267467,
      "19": 0.00014427431307267467
    },
    "8": {
      "0": 0.18169537266370292,
      "1": 0.18169537266370292,
      "2": 0.1813865229222818,
      "3": 0.16969198208959507,
      "4": 0.12203427530253867,
      "5": 0.06325016784691068,
      "6": 0.02653292252023206,
      "7": 0.009353556644578126,
      "8": 0.001965207688111526,
      "9": 0.0005181404209045356,
      "10": 0.00030612014836655006,
      "11": 0.00014427431307220226,
      "12": 0.00014427431307220226,
      "13": 0.00014427431307220226,
      "14": 0.00014427431307183935,
      "15": 0.00014427431307183935,
      "16": 0.00014427431307183935,
      "17": 0.00014427431307183935,
      "18": 0.00014427431307183935,
      "19": 0.00014427431307183935
    },
    "9": {
      "0": 0.1721099387337058,
      "1": 0.1721099387337058,
      "2": 0.17194990660890072,
      "3": 0.16452189277213014,
      "4": 0.12581764704144544,
      "5": 0.0709588549241675,
      "6": 0.02833844090036449,
      "7": 0.010801524268004731,
      "8": 0.003982860191141518,
      "9": 0.001040220362209232,
      "10": 0.00018211993228964247,
      "11": 0.00014427431307257465,
      "12": 0.00014427431307257465,
      "13": 0.00014427431307257465,
      "14": 0.00014427431307228365,
      "15": 0.00014427431307228365,
      "16": 0.00014427431307228365,
      "17": 0.00014427431307228365,
      "18": 0.00014427431307228365,
      "19": 0.00014427431307228365
    },
    "10": {
      "0": 0.1539451383307061,
      "1": 0.1539451383307061,
      "2": 0.15387979877929964,
      "3": 0.1494010270331648,
      "4": 0.1162203424919458,
      "5": 0.06487748235639329,
      "6": 0.028684540304522547,
      "7": 0.009845349744047372,
      "8": 0.003155485183937513,
      "9": 0.0008345086988984123,
      "10": 0.0003186811085970394,
      "11": 0.000195484282342741,
      "12": 0.00014427431307228135,
      "13": 0.00014427431307228135,
      "14": 0.00014427431307225557,
      "15": 0.00014427431307225557,
      "16": 0.00014427431307225557,
      "17": 0.00014427431307225557,
      "18": 0.00014427431307225557,
      "19": 0.00014427431307225557
    }
  },
  "leakage_no_attacker": {
    "1": 0.965637230818496,
    "2": 0.6205548771430551,
    "3": 0.4362389753899495,
    "4": 0.34363148509706576,
    "5": 0.28391212467053506,
    "6": 0.24294536930055627,
    "7": 0.20880013791666135,
    "8": 0.18169537266370292,
    "9": 0.1721099387337058,
    "10": 0.1539451383307061
  }
}