{
  "name": "max",
  "dist": {
    "dist_name": "poisson",
    "lam": 2,
    "param_str": "(2)"
  },
  "num_samples": 5000,
  "timestamp": "2024-05-03 16:14:43.291061",
  "num_T": 1,
  "num_A": 1,
  "num_iterations": 10,
  "target_init_entropy": 2.547095585180641,
  "awae_data": {
    "1": {
      "0": 0.9710309235066834,
      "1": 0.9391475279318682,
      "2": 0.7718977491051549,
      "3": 0.49989036291657296,
      "4": 0.25825329403432074,
      "5": 0.10843439849559593,
      "6": 0.04109833954164318,
      "7": 0.012250607931772812,
      "8": 0.0032886690934482835,
      "9": 0.0006072502551992355,
      "10": 0.0002197647838393313,
      "11": 0.00014427431307254034,
      "12": 0.00014427431307254034,
      "13": 0.00014427431307254034,
      "14": 0.00014427431307245404,
      "15": 0.00014427431307245404,
      "16": 0.00014427431307245404,
      "17": 0.00014427431307245404,
      "18": 0.00014427431307245404,
      "19": 0.00014427431307245404
    },
    "2": {
      "0": 0.6079300018755245,
      "1": 0.6035193017605162,
      "2": 0.5452213412627407,
      "3": 0.3903890694659022,
      "4": 0.2178067625019775,
      "5": 0.09640413986870759,
      "6": 0.03807812935924279,
      "7": 0.011626510786911091,
      "8": 0.0041901433687358495,
      "9": 0.0012505501315106184,
      "10": 0.0003514790667640522,
      "11": 0.0001442743130720938,
      "12": 0.0001442743130720938,
      "13": 0.0001442743130720938,
      "14": 0.00014427431307259463,
      "15": 0.00014427431307259463,
      "16": 0.00014427431307259463,
      "17": 0.00014427431307259463,
      "18": 0.00014427431307259463,
      "19": 0.00014427431307259463
    },
    "3": {
      "0": 0.4362642950596928,
      "1": 0.4356977391338459,
      "2": 0.4148685750073091,
      "3": 0.32119711392269357,
      "4": 0.18741897238475475,
      "5": 0.08480445352072422,
      "6": 0.03373448449054214,
      "7": 0.010537817050164381,
      "8": 0.003737229276164712,
      "9": 0.000862847874298734,
      "10": 0.00021876505397223494,
      "11": 0.00014427431307263884,
      "12": 0.00014427431307263884,
      "13": 0.00014427431307263884,
      "14": 0.0001442743130726123,
      "15": 0.0001442743130726123,
      "16": 0.0001442743130726123,
      "17": 0.0001442743130726123,
      "18": 0.0001442743130726123,
      "19": 0.0001442743130726123
    },
    "4": {
      "0": 0.3436540709463743,
      "1": 0.3435215057459535,
      "2": 0.3354500362757751,
      "3": 0.27776926452419753,
      "4": 0.16946653934401548,
      "5": 0.07552153601279087,
      "6": 0.027598036171493666,
      "7": 0.009205372881278817,
      "8": 0.0023938041699257556,
      "9": 0.0007806102910476208,
      "10": 0.0002688017312747861,
      "11": 0.0001442743130720517,
      "12": 0.0001442743130720517,
      "13": 0.0001442743130720517,
      "14": 0.0001442743130718918,
      "15": 0.0001442743130718918,
      "16": 0.0001442743130718918,
      "17": 0.0001442743130718918,
      "18": 0.0001442743130718918,
      "19": 0.0001442743130718918
    },
    "5": {
      "0": 0.2872749934795805,
      "1": 0.2872433131629564,
      "2": 0.28406490277374774,
      "3": 0.24442229770669704,
      "4": 0.15882565595782988,
      "5": 0.07782750999272744,
      "6": 0.03170607089398139,
      "7": 0.011796556923598059,
      "8": 0.004149012292582608,
      "9": 0.0008241957456777387,
      "10": 0.0003869943858066654,
      "11": 0.0002408950613183693,
      "12": 0.00014427431307250822,
      "13": 0.00014427431307250822,
      "14": 0.00014427431307198179,
      "15": 0.00014427431307198179,
      "16": 0.00014427431307198179,
      "17": 0.00014427431307198179,
      "18": 0.00014427431307198179,
      "19": 0.00014427431307198179
    },
    "6": {
      "0": 0.23260174334576972,
      "1": 0.23260174334576972,
      "2": 0.23123570942049207,
      "3": 0.20669477312259973,
      "4": 0.13765457385696217,
      "5": 0.06708181340593951,
      "6": 0.026655557583635275,
      "7": 0.007840124018255495,
      "8": 0.0020452384427390993,
      "9": 0.0007598744908504407,
      "10": 0.00034459667399773123,
      "11": 0.00025714362972926416,
      "12": 0.00014427431307217046,
      "13": 0.00014427431307217046,
      "14": 0.00014427431307215916,
      "15": 0.00014427431307215916,
      "16": 0.00014427431307215916,
      "17": 0.00014427431307215916,
      "18": 0.00014427431307215916,
      "19": 0.00014427431307215916
    },
    "7": {
      "0": 0.20324005261920805,
      "1": 0.20324005261920805,
      "2": 0.20283759168034857,
      "3": 0.1864735062046659,
      "4": 0.13075118145244158,
      "5": 0.06700383010554477,
      "6": 0.028506867703228835,
      "7": 0.011300667896989854,
      "8": 0.00403801527520717,
      "9": 0.0014926180347347774,
      "10": 0.000281964465164793,
      "11": 0.0002298705924210075,
      "12": 0.00014427431307275387,
      "13": 0.00014427431307275387,
      "14": 0.000144274313072485,
      "15": 0.000144274313072485,
      "16": 0.000144274313072485,
      "17": 0.000144274313072485,
      "18": 0.000144274313072485,
      "19": 0.000144274313072485
    },
    "8": {
      "0": 0.183043415945967,
      "1": 0.183043415945967,
      "2": 0.18270937097167578,
      "3": 0.1720541183965068,
      "4": 0.12444146545922645,
      "5": 0.06567474026497049,
      "6": 0.028044310924934,
      "7": 0.010833406974600706,
      "8": 0.004408565370142961,
      "9": 0.0016578322898263653,
      "10": 0.0004602319131661472,
      "11": 0.0003160774393509136,
      "12": 0.0001442743130722056,
      "13": 0.0001442743130722056,
      "14": 0.00014427431307183564,
      "15": 0.00014427431307183564,
      "16": 0.00014427431307183564,
      "17": 0.00014427431307183564,
      "18": 0.00014427431307183564,
      "19": 0.00014427431307183564
    },
    "9": {
      "0": 0.1671869134698372,
      "1": 0.1671869134698372,
      "2": 0.16710106092314872,
      "3": 0.15950360569656633,
      "4": 0.11868973833117277,
      "5": 0.06259686970956732,
      "6": 0.024320188550156562,
      "7": 0.009156058408029973,
      "8": 0.002755543856161921,
      "9": 0.0009535927579061951,
      "10": 0.0004977349797587315,
      "11": 0.00032648527044888394,
      "12": 0.000144274313072089,
      "13": 0.000144274313072089,
      "14": 0.00014427431307264594,
      "15": 0.00014427431307264594,
      "16": 0.00014427431307264594,
      "17": 0.00014427431307264594,
      "18": 0.00014427431307264594,
      "19": 0.00014427431307264594
    },
    "10": {
      "0": 0.14635589619983208,
      "1": 0.14635589619983208,
      "2": 0.14633610082713597,
      "3": 0.1412759158964187,
      "4": 0.10910300211556892,
      "5": 0.058538146394936874,
      "6": 0.023032310684161617,
      "7": 0.007738952054545198,
      "8": 0.0033118459195569778,
      "9": 0.0017368752778287046,
      "10": 0.0005923258690154649,
      "11": 0.0003279636570843199,
      "12": 0.00014427431307247022,
      "13": 0.00014427431307247022,
      "14": 0.00014427431307224183,
      "15": 0.00014427431307224183,
      "16": 0.00014427431307224183,
      "17": 0.00014427431307224183,
      "18": 0.00014427431307224183,
      "19": 0.00014427431307224183
    }
  }
}