{
  "name": "max",
  "dist": {
    "dist_name": "poisson",
    "lam": 4,
    "param_str": "(4)"
  },
  "num_samples": 5000,
  "timestamp": "2024-05-07 16:41:21.561232",
  "num_T": 1,
  "num_A": 1,
  "num_iterations": 10,
  "target_init_entropy": 3.047095585180641,
  "awae_data": {
    "1": {
      "0": 1.1533290011217536,
      "1": 1.1524337487828804,
      "2": 1.1402431311626944,
      "3": 1.0757974681651472,
      "4": 0.9196518247190243,
      "5": 0.6895652670058694,
      "6": 0.44625136969529083,
      "7": 0.25675606514651117,
      "8": 0.12608441912728402,
      "9": 0.05846675496457626,
      "10": 0.024644062250012914,
      "11": 0.008607067746324745,
      "12": 0.0036373672706281083,
      "13": 0.000302654312546608,
      "14": 0.00014427431307217418,
      "15": 0.00014427431307217418,
      "16": 0.00014427431307217418,
      "17": 0.00014427431307217418,
      "18": 0.00014427431307217418,
      "19": 0.00014427431307217418,
      "20": 0.00014427431307217418,
      "21": 0.00014427431307217418,
      "22": 0.00014427431307217418,
      "23": 0.00014427431307217418,
      "24": 0.00014427431307217418,
      "25": 0.00014427431307217418,
      "26": 0.00014427431307217418,
      "27": 0.00014427431307203158,
      "28": 0.00014427431307217418,
      "29": 0.00014427431307203158,
      "30": 0.00014427431307203158,
      "31": 0.00014427431307203158,
      "32": 0.00014427431307230198,
      "33": 0.00014427431307203158,
      "34": 0.00014427431307203158,
      "35": 0.00014427431307203158,
      "36": 0.00014427431307203158,
      "37": 0.00014427431307230198,
      "38": 0.00014427431307203158,
      "39": 0.00014427431307203158
    },
    "2": {
      "0": 0.7248723120203222,
      "1": 0.7248723120203222,
      "2": 0.7236665830523717,
      "3": 0.7107781889052096,
      "4": 0.6555659706556237,
      "5": 0.5353479709644335,
      "6": 0.37713315531655833,
      "7": 0.2272824185331912,
      "8": 0.12044225290303934,
      "9": 0.057033057270414876,
      "10": 0.026290917351788956,
      "11": 0.010560519652763797,
      "12": 0.0038703256373517547,
      "13": 0.00080574741541938,
      "14": 0.0002679660039126175,
      "15": 0.00014427431307226322,
      "16": 0.00014427431307226322,
      "17": 0.00014427431307226322,
      "18": 0.00014427431307226322,
      "19": 0.00014427431307226322,
      "20": 0.00014427431307226322,
      "21": 0.00014427431307226322,
      "22": 0.000144274313072453,
      "23": 0.000144274313072453,
      "24": 0.00014427431307226322,
      "25": 0.00014427431307226322,
      "26": 0.00014427431307226322,
      "27": 0.00014427431307226322,
      "28": 0.00014427431307226322,
      "29": 0.00014427431307226322,
      "30": 0.00014427431307235768,
      "31": 0.00014427431307235768,
      "32": 0.000144274313072453,
      "33": 0.000144274313072453,
      "34": 0.000144274313072453,
      "35": 0.000144274313072453,
      "36": 0.000144274313072453,
      "37": 0.000144274313072453,
      "38": 0.000144274313072453,
      "39": 0.000144274313072453
    },
    "3": {
      "0": 0.5180743352542446,
      "1": 0.5180743352542446,
      "2": 0.5179555415923055,
      "3": 0.5150143300545246,
      "4": 0.4932871946703411,
      "5": 0.42641895174915145,
      "6": 0.3149705788253695,
      "7": 0.19964436723020226,
      "8": 0.1103457492069794,
      "9": 0.05422548937161233,
      "10": 0.025980801125073866,
      "11": 0.011179878855269585,
      "12": 0.0038047243396413964,
      "13": 0.0012092441308271962,
      "14": 0.0006467668755064342,
      "15": 0.00026742517127579445,
      "16": 0.00017312821389019764,
      "17": 0.00014427431307239332,
      "18": 0.00014427431307239332,
      "19": 0.00014427431307239332,
      "20": 0.00014427431307239332,
      "21": 0.00014427431307239332,
      "22": 0.00014427431307239332,
      "23": 0.00014427431307233808,
      "24": 0.00014427431307239332,
      "25": 0.00014427431307239332,
      "26": 0.00014427431307239332,
      "27": 0.00014427431307239332,
      "28": 0.00014427431307239332,
      "29": 0.00014427431307233808,
      "30": 0.00014427431307239164,
      "31": 0.00014427431307233808,
      "32": 0.00014427431307233808,
      "33": 0.00014427431307233808,
      "34": 0.00014427431307233808,
      "35": 0.00014427431307239164,
      "36": 0.00014427431307233808,
      "37": 0.00014427431307233808,
      "38": 0.00014427431307233808,
      "39": 0.00014427431307233808
    },
    "4": {
      "0": 0.40803009150514047,
      "1": 0.40803009150514047,
      "2": 0.40803009150514047,
      "3": 0.4070993948108164,
      "4": 0.39834869165646736,
      "5": 0.35821348876171244,
      "6": 0.27806085829461247,
      "7": 0.18145682000804209,
      "8": 0.10423932889386814,
      "9": 0.05085542925279522,
      "10": 0.02087456028674086,
      "11": 0.00950371328308259,
      "12": 0.0041623216120023655,
      "13": 0.0017481281302059008,
      "14": 0.00039681572872592093,
      "15": 0.00026384557334940253,
      "16": 0.00014427431307235323,
      "17": 0.00014427431307235323,
      "18": 0.00014427431307235323,
      "19": 0.00014427431307235323,
      "20": 0.00014427431307235323,
      "21": 0.00014427431307235323,
      "22": 0.00014427431307235323,
      "23": 0.00014427431307240587,
      "24": 0.00014427431307235323,
      "25": 0.00014427431307235323,
      "26": 0.00014427431307235323,
      "27": 0.00014427431307235323,
      "28": 0.00014427431307240587,
      "29": 0.00014427431307235323,
      "30": 0.00014427431307248429,
      "31": 0.00014427431307240587,
      "32": 0.00014427431307240587,
      "33": 0.00014427431307240587,
      "34": 0.00014427431307240587,
      "35": 0.00014427431307248429,
      "36": 0.00014427431307240587,
      "37": 0.00014427431307240587,
      "38": 0.00014427431307240587,
      "39": 0.00014427431307240587
    },
    "5": {
      "0": 0.339309168987597,
      "1": 0.339309168987597,
      "2": 0.339309168987597,
      "3": 0.33883583239270004,
      "4": 0.3346273856101854,
      "5": 0.311122370042142,
      "6": 0.25199459880395053,
      "7": 0.17223477741218107,
      "8": 0.10198597815507085,
      "9": 0.05279693081188904,
      "10": 0.023226303160429864,
      "11": 0.011538974406589847,
      "12": 0.004854877725224583,
      "13": 0.001182509460072255,
      "14": 0.0005663129702808333,
      "15": 0.00022118090169119227,
      "16": 0.0002284359630699181,
      "17": 0.00014427431307245883,
      "18": 0.00014427431307245883,
      "19": 0.00014427431307245883,
      "20": 0.00014427431307245883,
      "21": 0.00014427431307245883,
      "22": 0.00014427431307245883,
      "23": 0.00014427431307243162,
      "24": 0.00014427431307243162,
      "25": 0.00014427431307245883,
      "26": 0.00014427431307245883,
      "27": 0.00014427431307245883,
      "28": 0.00014427431307245883,
      "29": 0.00014427431307245883,
      "30": 0.0001442743130721013,
      "31": 0.0001442743130721013,
      "32": 0.00014427431307243162,
      "33": 0.00014427431307243162,
      "34": 0.00014427431307243162,
      "35": 0.00014427431307243162,
      "36": 0.00014427431307243162,
      "37": 0.00014427431307243162,
      "38": 0.00014427431307243162,
      "39": 0.00014427431307243162
    },
    "6": {
      "0": 0.28051266314661594,
      "1": 0.28051266314661594,
      "2": 0.28051266314661594,
      "3": 0.28048564019859545,
      "4": 0.2787103166137984,
      "5": 0.26467089605338906,
      "6": 0.22154002402248482,
      "7": 0.1561127810642963,
      "8": 0.09379997014554556,
      "9": 0.04612817757749557,
      "10": 0.020713496953177223,
      "11": 0.008334251545917479,
      "12": 0.002956211885899411,
      "13": 0.001300428930976565,
      "14": 0.00022318417039998107,
      "15": 0.00014427431307252248,
      "16": 0.00014427431307252248,
      "17": 0.00014427431307252248,
      "18": 0.00014427431307252248,
      "19": 0.00014427431307252248,
      "20": 0.00014427431307252248,