{
  "name": "max",
  "dist": {
    "dist_name": "poisson",
    "lam": 4,
    "param_str": "(4)"
  },
  "num_samples": 5000,
  "timestamp": "2024-04-29 16:33:32.041820",
  "num_T": 1,
  "num_A": 1,
  "num_iterations": 10,
  "target_init_entropy": 2.0866726998809635,
  "awae_data": {
    "1": {
      "0": 1.1455656499734699,
      "1": 1.144829053699682,
      "2": 1.1324065754400094,
      "3": 1.0703571822662663,
      "4": 0.9204069794034444,
      "5": 0.6975179300785419,
      "6": 0.463989935198425,
      "7": 0.26878367525606695,
      "8": 0.13808927277689304,
      "9": 0.06256263597208622,
      "10": 0.025912376733898578,
      "11": 0.010219673805062893,
      "12": 0.003498231061763097,
      "13": 0.0007405148397294676,
      "14": 0.0004903286893780912,
      "15": 0.00014427431307225208,
      "16": 0.00014427431307225208,
      "17": 0.00014427431307225208,
      "18": 0.00014427431307225208,
      "19": 0.00014427431307225208,
      "20": 0.00014427431307225208,
      "21": 0.00014427431307225208,
      "22": 0.00014427431307194996,
      "23": 0.00014427431307194996,
      "24": 0.00014427431307225208,
      "25": 0.00014427431307225208,
      "26": 0.00014427431307225208,
      "27": 0.00014427431307225208,
      "28": 0.00014427431307225208,
      "29": 0.00014427431307225208,
      "30": 0.00014427431307263808,
      "31": 0.00014427431307263808,
      "32": 0.00014427431307194996,
      "33": 0.00014427431307194996,
      "34": 0.00014427431307194996,
      "35": 0.00014427431307194996,
      "36": 0.00014427431307194996,
      "37": 0.00014427431307194996,
      "38": 0.00014427431307194996,
      "39": 0.00014427431307194996
    },
    "2": {
      "0": 0.7128471504547256,
      "1": 0.7128471504547256,
      "2": 0.7115451301518364,
      "3": 0.698664491485025,
      "4": 0.6440262360442339,
      "5": 0.525840374105105,
      "6": 0.3707632965148931,
      "7": 0.2225077968140138,
      "8": 0.11702055206985236,
      "9": 0.05291259137078891,
      "10": 0.024237412393504524,
      "11": 0.009074521584245765,
      "12": 0.0029611639633557703,
      "13": 0.0007455133659037315,
      "14": 0.00032232442033737566,
      "15": 0.00017312821388955994,
      "16": 0.00014427431307175448,
      "17": 0.00014427431307175448,
      "18": 0.00014427431307175448,
      "19": 0.00014427431307175448,
      "20": 0.00014427431307175448,
      "21": 0.00014427431307175448,
      "22": 0.00014427431307175448,
      "23": 0.0001442743130725844,
      "24": 0.00014427431307175448,
      "25": 0.00014427431307175448,
      "26": 0.00014427431307175448,
      "27": 0.00014427431307175448,
      "28": 0.00014427431307175448,
      "29": 0.0001442743130725844,
      "30": 0.0001442743130723869,
      "31": 0.0001442743130725844,
      "32": 0.0001442743130725844,
      "33": 0.0001442743130725844,
      "34": 0.0001442743130725844,
      "35": 0.0001442743130725844,
      "36": 0.0001442743130725844,
      "37": 0.0001442743130723869,
      "38": 0.0001442743130725844,
      "39": 0.0001442743130725844
    },
    "3": {
      "0": 0.5219669697188598,
      "1": 0.5219669697188598,
      "2": 0.521749208127887,
      "3": 0.518320511706818,
      "4": 0.4954948137898992,
      "5": 0.4288313684021591,
      "6": 0.31883395521476676,
      "7": 0.2020653550893612,
      "8": 0.11028153787106572,
      "9": 0.05056826285033097,
      "10": 0.022645937679711275,
      "11": 0.007694178487486878,
      "12": 0.0028085698846981207,
      "13": 0.0009905970109900972,
      "14": 0.000355708490322331,
      "15": 0.0001990685029099582,
      "16": 0.00014427431307224517,
      "17": 0.00014427431307224517,
      "18": 0.00014427431307224517,
      "19": 0.00014427431307224517,
      "20": 0.00014427431307224517,
      "21": 0.00014427431307224517,
      "22": 0.00014427431307224517,
      "23": 0.00014427431307189912,
      "24": 0.00014427431307224517,
      "25": 0.00014427431307224517,
      "26": 0.00014427431307224517,
      "27": 0.00014427431307224517,
      "28": 0.00014427431307224517,
      "29": 0.00014427431307189912,
      "30": 0.00014427431307248927,
      "31": 0.00014427431307189912,
      "32": 0.00014427431307189912,
      "33": 0.00014427431307189912,
      "34": 0.00014427431307189912,
      "35": 0.00014427431307189912,
      "36": 0.00014427431307189912,
      "37": 0.00014427431307248927,
      "38": 0.00014427431307189912,
      "39": 0.00014427431307189912
    },
    "4": {
      "0": 0.4082097608701716,
      "1": 0.4082097608701716,
      "2": 0.4082097608701716,
      "3": 0.40728631630074946,
      "4": 0.3979111215262677,
      "5": 0.3592555010313313,
      "6": 0.27995385235542997,
      "7": 0.1869647521713684,
      "8": 0.10702932903618745,
      "9": 0.05425513159688598,
      "10": 0.023046551607203352,
      "11": 0.008975757372136179,
      "12": 0.0038992964605377317,
      "13": 0.0010692590798185345,
      "14": 0.0005751758014386814,
      "15": 0.0001442743130724677,
      "16": 0.0001442743130724677,
      "17": 0.0001442743130724677,
      "18": 0.0001442743130724677,
      "19": 0.0001442743130724677,
      "20": 0.0001442743130724677,
      "21": 0.0001442743130724677,
      "22": 0.0001442743130724677,
      "23": 0.0001442743130724677,
      "24": 0.0001442743130725071,
      "25": 0.0001442743130724677,
      "26": 0.0001442743130724677,
      "27": 0.0001442743130724677,
      "28": 0.0001442743130724677,
      "29": 0.0001442743130725071,
      "30": 0.0001442743130724113,
      "31": 0.0001442743130725071,
      "32": 0.0001442743130725071,
      "33": 0.0001442743130725071,
      "34": 0.0001442743130725071,
      "35": 0.0001442743130725071,
      "36": 0.0001442743130725071,
      "37": 0.0001442743130724113,
      "38": 0.0001442743130725071,
      "39": 0.0001442743130725071
    },
    "5": {
      "0": 0.3356756726445604,
      "1": 0.3356756726445604,
      "2": 0.3356756726445604,
      "3": 0.33548197055826046,
      "4": 0.33120202472943283,
      "5": 0.30814093022394395,
      "6": 0.25198911892216264,
      "7": 0.17201442672529038,
      "8": 0.09818491927153088,
      "9": 0.0453751226332333,
      "10": 0.020594955668656986,
      "11": 0.009200486920562884,
      "12": 0.0033247915862524373,
      "13": 0.0008043355730081179,
      "14": 0.00040337007501638916,
      "15": 0.00014427431307220104,
      "16": 0.00014427431307220104,
      "17": 0.00014427431307220104,
      "18": 0.00014427431307220104,
      "19": 0.00014427431307220104,
      "20": 0.00014427431307220104,
      "21": 0.00014427431307220104,
      "22": 0.00014427431307220104,
      "23": 0.00014427431307220104,
      "24": 0.0001442743130724977,
      "25": 0.00014427431307220104,
      "26": 0.00014427431307220104,
      "27": 0.00014427431307220104,
      "28": 0.00014427431307220104,
      "29": 0.0001442743130724977,
      "30": 0.0001442743130723124,
      "31": 0.0001442743130724977,
      "32": 0.0001442743130724977,
      "33": 0.0001442743130724977,
      "34": 0.0001442743130724977,
      "35": 0.0001442743130724977,
      "36": 0.0001442743130724977,
      "37": 0.0001442743130723124,
      "38": 0.0001442743130724977,
      "39": 0.0001442743130724977
    },
    "6": {
      "0": 0.2828739625896187,
      "1": 0.2828739625896187,
      "2": 0.2828739625896187,
      "3": 0.28282601390594897,
      "4": 0.28123950743848775,
      "5": 0.26710977671031033,
      "6": 0.2239885058185581,
      "7": 0.15461908530762297,
      "8": 0.09113130384432712,
      "9": 0.04697097862779371,
      "10": 0.019319776318871825,
      "11": 0.00885644278138184,
      "12": 0.0048891632617936295,
      "13": 0.001966539424962486,
      "14": 0.0005689632592048126,
      "15": 0.00016734356693101055,
      "16": 0.00019849598617871443,
      "17": 0.00014427431307227438,
      "18": 0.00014427431307227438,
      "19": 0.00014427431307227438,
      "20": 0.00014427431307227438,
      "21": 0.00014427431307227438,