{
  "name": "median",
  "dist": {
    "dist_name": "lognormal",
    "m": 1.6702,
    "s": 0.3815,
    "param_str": "(1.6702,0.3815)"
  },
  "num_samples": 5000,
  "timestamp": "2024-05-08 01:27:38.761415",
  "num_T": 1,
  "num_A": 1,
  "num_iterations": 10,
  "target_init_entropy": 3.066439804645831,
  "awae_data": {
    "1": {
      "1e-05": 5.5936853050572335,
      "0.05263034482758621": 5.5936853050572335,
      "0.10525068965517241": 5.5936853050572335,
      "0.15787103448275863": 5.5936853050572335,
      "0.21049137931034484": 5.5936853050572335,
      "0.26311172413793105": 5.5936853050572335,
      "0.31573206896551725": 5.5936853050572335,
      "0.36835241379310346": 5.5936853050572335,
      "0.42097275862068967": 5.5936853050572335,
      "0.4735931034482759": 5.5936853050572335,
      "0.526213448275862": 5.5936853050572335,
      "0.5788337931034483": 5.5936853050572335,
      "0.6314541379310344": 5.5936853050572335,
      "0.6840744827586206": 5.5936853050572335,
      "0.7366948275862069": 5.603430539843814,
      "0.7893151724137931": 5.603430539843814,
      "0.8419355172413793": 5.603430539843814,
      "0.8945558620689654": 5.603430539843814,
      "0.9471762068965517": 5.603430539843814,
      "0.999796551724138": 5.6034073740557275,
      "1.0524168965517242": 5.60340955296202,
      "1.1050372413793104": 5.6033818829582795,
      "1.1576575862068967": 5.603340093492398,
      "1.210277931034483": 5.6032521257327135,
      "1.262898275862069": 5.603141875559787,
      "1.3155186206896552": 5.603109213198434,
      "1.3681389655172413": 5.602891194963644,
      "1.4207593103448277": 5.602446844414299,
      "1.4733796551724139": 5.593460466547748,
      "1.526": 5.592789357764743
    },
    "2": {
      "1e-05": 0.33021638479299686,
      "0.05263034482758621": 0.33021638479299686,
      "0.10525068965517241": 0.33021638479299686,
      "0.15787103448275863": 0.33021638479299686,
      "0.21049137931034484": 0.33021638479299686,
      "0.26311172413793105": 0.33021638479299686,
      "0.31573206896551725": 0.33021638479299686,
      "0.36835241379310346": 0.33021638479299686,
      "0.42097275862068967": 0.33021638479299686,
      "0.4735931034482759": 0.33021638479299686,
      "0.526213448275862": 0.33021638479299686,
      "0.5788337931034483": 0.33021638479299686,
      "0.6314541379310344": 0.33021638479299686,
      "0.6840744827586206": 0.33021638479299686,
      "0.7366948275862069": 0.31646960366913734,
      "0.7893151724137931": 0.31646960366913734,
      "0.8419355172413793": 0.31646960366913734,
      "0.8945558620689654": 0.31646960366913734,
      "0.9471762068965517": 0.31646960366913734,
      "0.999796551724138": 0.31646960366913734,
      "1.0524168965517242": 0.31646960366913734,
      "1.1050372413793104": 0.31646960366913734,
      "1.1576575862068967": 0.31646960366913734,
      "1.210277931034483": 0.3164819821593826,
      "1.262898275862069": 0.31636664005952564,
      "1.3155186206896552": 0.31657879058849897,
      "1.3681389655172413": 0.3166405275721518,
      "1.4207593103448277": 0.31630786499064667,
      "1.4733796551724139": 0.32905002483300544,
      "1.526": 0.3293227068446612
    },
    "3": {
      "1e-05": 2.233316276780733,
      "0.05263034482758621": 2.233316276780733,
      "0.10525068965517241": 2.233316276780733,
      "0.15787103448275863": 2.233316276780733,
      "0.21049137931034484": 2.233316276780733,
      "0.26311172413793105": 2.233316276780733,
      "0.31573206896551725": 2.233316276780733,
      "0.36835241379310346": 2.233316276780733,
      "0.42097275862068967": 2.233316276780733,
      "0.4735931034482759": 2.233316276780733,
      "0.526213448275862": 2.233316276780733,
      "0.5788337931034483": 2.233316276780733,
      "0.6314541379310344": 2.233316276780733,
      "0.6840744827586206": 2.233316276780733,
      "0.7366948275862069": 2.214871506079114,
      "0.7893151724137931": 2.214871506079114,
      "0.8419355172413793": 2.214871506079114,
      "0.8945558620689654": 2.214871506079114,
      "0.9471762068965517": 2.214871506079114,
      "0.999796551724138": 2.214871506079114,
      "1.0524168965517242": 2.214871506079114,
      "1.1050372413793104": 2.214871506079114,
      "1.1576575862068967": 2.214871506079114,
      "1.210277931034483": 2.214871506079114,
      "1.262898275862069": 2.214871506079114,
      "1.3155186206896552": 2.214871506079114,
      "1.3681389655172413": 2.214871506079114,
      "1.4207593103448277": 2.214871506079114,
      "1.4733796551724139": 2.24667196359172,
      "1.526": 2.24667196359172
    },
    "4": {
      "1e-05": 0.16812174471125835,
      "0.05263034482758621": 0.16812174471125835,
      "0.10525068965517241": 0.16812174471125835,
      "0.15787103448275863": 0.16812174471125835,
      "0.21049137931034484": 0.16812174471125835,
      "0.26311172413793105": 0.16812174471125835,
      "0.31573206896551725": 0.16812174471125835,
      "0.36835241379310346": 0.16812174471125835,
      "0.42097275862068967": 0.16812174471125835,
      "0.4735931034482759": 0.16812174471125835,
      "0.526213448275862": 0.16812174471125835,
      "0.5788337931034483": 0.16812174471125835,
      "0.6314541379310344": 0.16812174471125835,
      "0.6840744827586206": 0.16812174471125835,
      "0.7366948275862069": 0.1745699354276072,
      "0.7893151724137931": 0.1745699354276072,
      "0.8419355172413793": 0.1745699354276072,
      "0.8945558620689654": 0.1745699354276072,
      "0.9471762068965517": 0.1745699354276072,
      "0.999796551724138": 0.1745699354276072,
      "1.0524168965517242": 0.1745699354276072,
      "1.1050372413793104": 0.1745699354276072,
      "1.1576575862068967": 0.1745699354276072,
      "1.210277931034483": 0.1745699354276072,
      "1.262898275862069": 0.1745699354276072,
      "1.3155186206896552": 0.1745699354276072,
      "1.3681389655172413": 0.1745699354276072,
      "1.4207593103448277": 0.1745699354276072,
      "1.4733796551724139": 0.1937391339976539,
      "1.526": 0.1937391339976539
    },
    "5": {
      "1e-05": 1.3605423324572672,
      "0.05263034482758621": 1.3605423324572672,
      "0.10525068965517241": 1.3605423324572672,
      "0.15787103448275863": 1.3605423324572672,
      "0.21049137931034484": 1.3605423324572672,
      "0.26311172413793105": 1.3605423324572672,
      "0.31573206896551725": 1.3605423324572672,
      "0.36835241379310346": 1.3605423324572672,
      "0.42097275862068967": 1.3605423324572672,
      "0.4735931034482759": 1.3605423324572672,
      "0.526213448275862": 1.3605423324572672,
      "0.5788337931034483": 1.3605423324572672,
      "0.6314541379310344": 1.3605423324572672,
      "0.6840744827586206": 1.3605423324572672,
      "0.7366948275862069": 1.3276729560311429,
      "0.7893151724137931": 1.3276729560311429,
      "0.8419355172413793": 1.3276729560311429,
      "0.8945558620689654": 1.3276729560311429,
      "0.9471762068965517": 1.3276729560311429,
      "0.999796551724138": 1.3276729560311429,
      "1.0524168965517242": 1.3276729560311429,
      "1.1050372413793104": 1.3276729560311429,
      "1.1576575862068967": 1.3276729560311429,
      "1.210277931034483": 1.3276729560311429,
      "1.262898275862069": 1.3276729560311429,
      "1.3155186206896552": 1.3276729560311429,
      "1.3681389655172413": 1.3276729560311429,
      "1.4207593103448277": 1.3276729560311429,
      "1.4733796551724139": 1.3420825957345306,
      "1.526": 1.3420825957345306
    },
    "6": {
      "1e-05": 0.14206916771027608,
      "0.05263034482758621": 0.14206916771027608,
      "0.10525068965517241": 0.14206916771027608,
      "0.15787103448275863": 0.14206916771027608,
      "0.21049137931034484": 0.14206916771027608,
      "0.26311172413793105": 0.14206916771027608,
      "0.31573206896551725": 0.14206916771027608,
      "0.36835241379310346": 0.14206916771027608,
      "0.42097275862068967": 0.14206916771027608,
      "0.4735931034482759": 0.14206916771027608,