{
  "name": "median",
  "dist": {
    "dist_name": "lognormal",
    "m": 1.6702,
    "s": 0.145542,
    "param_str": "(1.6702,0.145542)"
  },
  "num_samples": 5000,
  "timestamp": "2024-05-01 18:43:14.622853",
  "num_T": 1,
  "num_A": 1,
  "num_iterations": 10,
  "target_init_entropy": 3.0664385655758357,
  "awae_data": {
    "1": {
      "1e-05": 5.579089688554707,
      "0.05822580000000001": 5.579089688554707,
      "0.1164416": 5.579089688554707,
      "0.17465740000000002": 5.579089688554707,
      "0.23287320000000003": 5.579089688554707,
      "0.29108900000000004": 5.579089688554707,
      "0.3493048": 5.579089688554707,
      "0.40752060000000007": 5.579089688554707,
      "0.46573640000000005": 5.579089688554707,
      "0.5239522": 5.579089688554707,
      "0.582168": 5.579089688554707
    },
    "2": {
      "1e-05": 0.3345371816119049,
      "0.05822580000000001": 0.3345371816119049,
      "0.1164416": 0.3345371816119049,
      "0.17465740000000002": 0.3345371816119049,
      "0.23287320000000003": 0.3345371816119049,
      "0.29108900000000004": 0.3345371816119049,
      "0.3493048": 0.3345371816119049,
      "0.40752060000000007": 0.3345371816119049,
      "0.46573640000000005": 0.3345371816119049,
      "0.5239522": 0.3345371816119049,
      "0.582168": 0.3345371816119049
    },
    "3": {
      "1e-05": 2.2635288920602976,
      "0.05822580000000001": 2.2635288920602976,
      "0.1164416": 2.2635288920602976,
      "0.17465740000000002": 2.2635288920602976,
      "0.23287320000000003": 2.2635288920602976,
      "0.29108900000000004": 2.2635288920602976,
      "0.3493048": 2.2635288920602976,
      "0.40752060000000007": 2.2635288920602976,
      "0.46573640000000005": 2.2635288920602976,
      "0.5239522": 2.2635288920602976,
      "0.582168": 2.2635288920602976
    },
    "4": {
      "1e-05": 0.18959866777942866,
      "0.05822580000000001": 0.18959866777942866,
      "0.1164416": 0.18959866777942866,
      "0.17465740000000002": 0.18959866777942866,
      "0.23287320000000003": 0.18959866777942866,
      "0.29108900000000004": 0.18959866777942866,
      "0.3493048": 0.18959866777942866,
      "0.40752060000000007": 0.18959866777942866,
      "0.46573640000000005": 0.18959866777942866,
      "0.5239522": 0.18959866777942866,
      "0.582168": 0.18959866777942866
    },
    "5": {
      "1e-05": 1.3540299376239229,
      "0.05822580000000001": 1.3540299376239229,
      "0.1164416": 1.3540299376239229,
      "0.17465740000000002": 1.3540299376239229,
      "0.23287320000000003": 1.3540299376239229,
      "0.29108900000000004": 1.3540299376239229,
      "0.3493048": 1.3540299376239229,
      "0.40752060000000007": 1.3540299376239229,
      "0.46573640000000005": 1.3540299376239229,
      "0.5239522": 1.3540299376239229,
      "0.582168": 1.3540299376239229
    },
    "6": {
      "1e-05": 0.1333720841891391,
      "0.05822580000000001": 0.1333720841891391,
      "0.1164416": 0.1333720841891391,
      "0.17465740000000002": 0.1333720841891391,
      "0.23287320000000003": 0.1333720841891391,
      "0.29108900000000004": 0.1333720841891391,
      "0.3493048": 0.1333720841891391,
      "0.40752060000000007": 0.1333720841891391,
      "0.46573640000000005": 0.1333720841891391,
      "0.5239522": 0.1333720841891391,
      "0.582168": 0.1333720841891391
    },
    "7": {
      "1e-05": 0.9354807738193591,
      "0.05822580000000001": 0.9354807738193591,
      "0.1164416": 0.9354807738193591,
      "0.17465740000000002": 0.9354807738193591,
      "0.23287320000000003": 0.9354807738193591,
      "0.29108900000000004": 0.9354807738193591,
      "0.3493048": 0.9354807738193591,
      "0.40752060000000007": 0.9354807738193591,
      "0.46573640000000005": 0.9354807738193591,
      "0.5239522": 0.9354807738193591,
      "0.582168": 0.9354807738193591
    },
    "8": {
      "1e-05": 0.10550789341650384,
      "0.05822580000000001": 0.10550789341650384,
      "0.1164416": 0.10550789341650384,
      "0.17465740000000002": 0.10550789341650384,
      "0.23287320000000003": 0.10550789341650384,
      "0.29108900000000004": 0.10550789341650384,
      "0.3493048": 0.10550789341650384,
      "0.40752060000000007": 0.10550789341650384,
      "0.46573640000000005": 0.10550789341650384,
      "0.5239522": 0.10550789341650384,
      "0.582168": 0.10550789341650384
    },
    "9": {
      "1e-05": 0.6965487685737232,
      "0.05822580000000001": 0.6965487685737232,
      "0.1164416": 0.6965487685737232,
      "0.17465740000000002": 0.6965487685737232,
      "0.23287320000000003": 0.6965487685737232,
      "0.29108900000000004": 0.6965487685737232,
      "0.3493048": 0.6965487685737232,
      "0.40752060000000007": 0.6965487685737232,
      "0.46573640000000005": 0.6965487685737232,
      "0.5239522": 0.6965487685737232,
      "0.582168": 0.6965487685737232
    },
    "10": {
      "1e-05": 0.08861461924534489,
      "0.05822580000000001": 0.08861461924534489,
      "0.1164416": 0.08861461924534489,
      "0.17465740000000002": 0.08861461924534489,
      "0.23287320000000003": 0.08861461924534489,
      "0.29108900000000004": 0.08861461924534489,
      "0.3493048": 0.08861461924534489,
      "0.40752060000000007": 0.08861461924534489,
      "0.46573640000000005": 0.08861461924534489,
      "0.5239522": 0.08861461924534489,
      "0.582168": 0.08861461924534489
    }
  }
}