{
  "name": "mean",
  "dist": {
    "dist_name": "uniform_int",
    "a": 0,
    "b": 16,
    "param_str": "(0,16)"
  },
  "num_samples": 5000,
  "timestamp": "2024-05-23 15:07:48.497680",
  "num_T": 1,
  "num_A": 1,
  "num_iterations": 10,
  "target_init_entropy": 4.0,
  "awae_data": {
    "1": {
      "0": 0.7196655316784424,
      "1": 0.7196655316784424,
      "2": 0.7196655316784424,
      "3": 0.7196655316784424,
      "4": 0.7196655316784424,
      "5": 0.7196655316784424,
      "6": 0.7196655316784424,
      "7": 0.7196655316784424,
      "8": 0.7196655316784424,
      "9": 0.7196655316784424,
      "10": 0.7196655316784424,
      "11": 0.7196655316784424,
      "12": 0.7196655316784424,
      "13": 0.7196655316784424,
      "14": 0.7110096033804689,
      "15": 0.7110096033804689
    },
    "2": {
      "0": 0.33007965354650803,
      "1": 0.33007965354650803,
      "2": 0.33007965354650803,
      "3": 0.33007965354650803,
      "4": 0.33007965354650803,
      "5": 0.33007965354650803,
      "6": 0.33007965354650803,
      "7": 0.33007965354650803,
      "8": 0.33007965354650803,
      "9": 0.33007965354650803,
      "10": 0.33007965354650803,
      "11": 0.33007965354650803,
      "12": 0.33007965354650803,
      "13": 0.33007965354650803,
      "14": 0.3139029859141851,
      "15": 0.3139029859141851
    },
    "3": {
      "0": 0.2196625357791647,
      "1": 0.21962503445688758,
      "2": 0.21963997857624634,
      "3": 0.21954691666592335,
      "4": 0.21941573783608398,
      "5": 0.2196444978224616,
      "6": 0.2196045522589122,
      "7": 0.21963997857624634,
      "8": 0.21954691666592335,
      "9": 0.21941573783608398,
      "10": 0.2196444978224616,
      "11": 0.2196045522589122,
      "12": 0.21963997857624634,
      "13": 0.21954691666592335,
      "14": 0.22353006105017123,
      "15": 0.22304403907773174
    },
    "4": {
      "0": 0.17982943191432327,
      "1": 0.1798326074460988,
      "2": 0.17951608063772492,
      "3": 0.17982943191432327,
      "4": 0.17981024955326225,
      "5": 0.17951608063772492,
      "6": 0.17982943191432327,
      "7": 0.17981024955326225,
      "8": 0.17951608063772492,
      "9": 0.17982943191432327,
      "10": 0.17981024955326225,
      "11": 0.17951608063772492,
      "12": 0.17982943191432327,
      "13": 0.17981024955326225,
      "14": 0.17657272549274064,
      "15": 0.17635393671781568
    },
    "5": {
      "0": 0.14122032726412498,
      "1": 0.14161726570283356,
      "2": 0.14126405529206337,
      "3": 0.14115021996928717,
      "4": 0.1414876625747015,
      "5": 0.14136687199115427,
      "6": 0.1412586781493804,
      "7": 0.14122032726412498,
      "8": 0.14161726570283356,
      "9": 0.14126405529206337,
      "10": 0.14115021996928717,
      "11": 0.1414876625747015,
      "12": 0.14136687199115427,
      "13": 0.1412586781493804,
      "14": 0.1465943729739298,
      "15": 0.14667059182825498
    },
    "6": {
      "0": 0.1291956609513051,
      "1": 0.1291956609513051,
      "2": 0.1291956609513051,
      "3": 0.1291956609513051,
      "4": 0.1291956609513051,
      "5": 0.1291956609513051,
      "6": 0.1291956609513051,
      "7": 0.1291956609513051,
      "8": 0.1291956609513051,
      "9": 0.1291956609513051,
      "10": 0.1291956609513051,
      "11": 0.1291956609513051,
      "12": 0.1291956609513051,
      "13": 0.1291956609513051,
      "14": 0.13197287148107745,
      "15": 0.13197287148107745
    },
    "7": {
      "0": 0.11118496847012375,
      "1": 0.1116139639170342,
      "2": 0.1115160632403657,
      "3": 0.1114596996378632,
      "4": 0.11139387919355563,
      "5": 0.11110036868886745,
      "6": 0.11154446699589712,
      "7": 0.11169088062125217,
      "8": 0.11121502408630732,
      "9": 0.11118496847012375,
      "10": 0.1116139639170342,
      "11": 0.1115160632403657,
      "12": 0.1114596996378632,
      "13": 0.11139332431084761,
      "14": 0.1113344721960831,
      "15": 0.11110284709795663
    },
    "8": {
      "0": 0.1042352370634961,
      "1": 0.10397851517664587,
      "2": 0.10448680046058831,
      "3": 0.10389368652672275,
      "4": 0.10406275961109161,
      "5": 0.1042352370634961,
      "6": 0.10397851517664587,
      "7": 0.10448680046058831,
      "8": 0.10389368652672275,
      "9": 0.10406275961109161,
      "10": 0.1042352370634961,
      "11": 0.10397851517664587,
      "12": 0.10448680046058831,
      "13": 0.10389368652672275,
      "14": 0.10211326513141832,
      "15": 0.10214498825368723
    },
    "9": {
      "0": 0.09769426114023486,
      "1": 0.09849190805821235,
      "2": 0.0977149467323565,
      "3": 0.09808343776195383,
      "4": 0.09808253514208531,
      "5": 0.09792816575373034,
      "6": 0.09830918135360431,
      "7": 0.09766507359183071,
      "8": 0.09853124259084266,
      "9": 0.0975751492126618,
      "10": 0.09842403266531044,
      "11": 0.09769426114023486,
      "12": 0.09849190805821235,
      "13": 0.0977149467323565,
      "14": 0.0880164347256904,
      "15": 0.08791793831718028
    },
    "10": {
      "0": 0.09128701239332061,
      "1": 0.0917975420548046,
      "2": 0.09159574689494834,
      "3": 0.09127102364992398,
      "4": 0.0917975420548046,
      "5": 0.09159574689494834,
      "6": 0.09127102364992398,
      "7": 0.0917975420548046,
      "8": 0.09159574689494834,
      "9": 0.09127102364992398,
      "10": 0.0917975420548046,
      "11": 0.09159574689494834,
      "12": 0.09127102364992398,
      "13": 0.0917975420548046,
      "14": 0.08957457033454831,
      "15": 0.08988521755054764
    }
  },
  "leakage_no_attacker": {
    "1": 0.7196655316784424,
    "2": 0.32984556744457544,
    "3": 0.2205413492426322,
    "4": 0.17975483928572855,
    "5": 0.14141449798271827,
    "6": 0.1274877897128782,
    "7": 0.11288711316119156,
    "8": 0.10396929587295353,
    "9": 0.0995828400025367,
    "10": 0.09084228128251116
  }
}