{
  "name": "mean",
  "dist": {
    "dist_name": "uniform_int",
    "a": 0,
    "b": 4,
    "param_str": "(0,4)"
  },
  "num_samples": 5000,
  "timestamp": "2024-05-23 15:00:47.393007",
  "num_T": 1,
  "num_A": 1,
  "num_iterations": 10,
  "target_init_entropy": 2.0,
  "awae_data": {
    "1": {
      "0": 0.6611100256028716,
      "1": 0.6611100256028716,
      "2": 0.6611100256028716,
      "3": 0.6611100256028716
    },
    "2": {
      "0": 0.3279928828349711,
      "1": 0.3279928828349711,
      "2": 0.3279928828349711,
      "3": 0.3279928828349711
    },
    "3": {
      "0": 0.21948581583123716,
      "1": 0.21948581583123716,
      "2": 0.21948581583123716,
      "3": 0.21948581583123716
    },
    "4": {
      "0": 0.1640960830003223,
      "1": 0.1640960830003223,
      "2": 0.1640960830003223,
      "3": 0.1640960830003223
    },
    "5": {
      "0": 0.1362730646914713,
      "1": 0.1362730646914713,
      "2": 0.1362730646914713,
      "3": 0.1362730646914713
    },
    "6": {
      "0": 0.10892145436046305,
      "1": 0.10892145436046305,
      "2": 0.10892145436046305,
      "3": 0.10892145436046305
    },
    "7": {
      "0": 0.10028658268491034,
      "1": 0.10028658268491034,
      "2": 0.10028658268491034,
      "3": 0.10028658268491034
    },
    "8": {
      "0": 0.08842662190209628,
      "1": 0.08842662190209628,
      "2": 0.08842662190209628,
      "3": 0.08842662190209628
    },
    "9": {
      "0": 0.07662215610311837,
      "1": 0.07662215610311837,
      "2": 0.07662215610311837,
      "3": 0.07662215610311837
    },
    "10": {
      "0": 0.07205242840601064,
      "1": 0.07205242840601064,
      "2": 0.07205242840601064,
      "3": 0.07205242840601064
    }
  },
  "leakage_no_attacker": {
    "1": 0.6611100256028716,
    "2": 0.3279928828349711,
    "3": 0.21948581583123716,
    "4": 0.1640960830003223,
    "5": 0.1362730646914713,
    "6": 0.10892145436046305,
    "7": 0.10028658268491034,
    "8": 0.08842662190209628,
    "9": 0.07662215610311837,
    "10": 0.07205242840601064
  }
}