{
  "name": "mean",
  "dist": {
    "dist_name": "uniform_int",
    "a": 0,
    "b": 8,
    "param_str": "(0,8)"
  },
  "num_samples": 5000,
  "timestamp": "2024-05-23 15:03:43.883910",
  "num_T": 1,
  "num_A": 1,
  "num_iterations": 10,
  "target_init_entropy": 3.0,
  "awae_data": {
    "1": {
      "0": 0.7016813065685397,
      "1": 0.7016813065685397,
      "2": 0.7016813065685397,
      "3": 0.7016813065685397,
      "4": 0.7016813065685397,
      "5": 0.7016813065685397,
      "6": 0.7016813065685397,
      "7": 0.7016813065685397
    },
    "2": {
      "0": 0.3217180732207491,
      "1": 0.3217180732207491,
      "2": 0.3217180732207491,
      "3": 0.3217180732207491,
      "4": 0.3217180732207491,
      "5": 0.3217180732207491,
      "6": 0.3217180732207491,
      "7": 0.3217180732207491
    },
    "3": {
      "0": 0.2157378923262964,
      "1": 0.2157378923262964,
      "2": 0.2157378923262964,
      "3": 0.2157378923262964,
      "4": 0.2157378923262964,
      "5": 0.2157378923262964,
      "6": 0.2157378923262964,
      "7": 0.2157378923262964
    },
    "4": {
      "0": 0.16337443022860687,
      "1": 0.16337443022860687,
      "2": 0.16337443022860687,
      "3": 0.16337443022860687,
      "4": 0.16337443022860687,
      "5": 0.16337443022860687,
      "6": 0.16337443022860687,
      "7": 0.16337443022860687
    },
    "5": {
      "0": 0.13598158174107056,
      "1": 0.13598158174107056,
      "2": 0.13598158174107056,
      "3": 0.13598158174107056,
      "4": 0.13598158174107056,
      "5": 0.13598158174107056,
      "6": 0.13598158174107056,
      "7": 0.13598158174107056
    },
    "6": {
      "0": 0.1136104280683734,
      "1": 0.1136104280683734,
      "2": 0.1136104280683734,
      "3": 0.1136104280683734,
      "4": 0.1136104280683734,
      "5": 0.1136104280683734,
      "6": 0.1136104280683734,
      "7": 0.1136104280683734
    },
    "7": {
      "0": 0.09928213492011903,
      "1": 0.09928213492011903,
      "2": 0.09928213492011903,
      "3": 0.09928213492011903,
      "4": 0.09928213492011903,
      "5": 0.09928213492011903,
      "6": 0.09928213492011903,
      "7": 0.09928213492011903
    },
    "8": {
      "0": 0.08902749295187973,
      "1": 0.08902749295187973,
      "2": 0.08902749295187973,
      "3": 0.08902749295187973,
      "4": 0.08902749295187973,
      "5": 0.08902749295187973,
      "6": 0.08902749295187973,
      "7": 0.08902749295187973
    },
    "9": {
      "0": 0.07819445839489406,
      "1": 0.07819445839489406,
      "2": 0.07819445839489406,
      "3": 0.07819445839489406,
      "4": 0.07819445839489406,
      "5": 0.07819445839489406,
      "6": 0.07819445839489406,
      "7": 0.07819445839489406
    },
    "10": {
      "0": 0.07400270934519634,
      "1": 0.07400270934519634,
      "2": 0.07400270934519634,
      "3": 0.07400270934519634,
      "4": 0.07400270934519634,
      "5": 0.07400270934519634,
      "6": 0.07400270934519634,
      "7": 0.07400270934519634
    }
  },
  "leakage_no_attacker": {
    "1": 0.7016813065685397,
    "2": 0.3217180732207491,
    "3": 0.2157378923262964,
    "4": 0.16337443022860687,
    "5": 0.13598158174107056,
    "6": 0.1136104280683734,
    "7": 0.09928213492011903,
    "8": 0.08902749295187973,
    "9": 0.07819445839489406,
    "10": 0.07400270934519634
  }
}