{
  "name": "mean_nd",
  "dist": {
    "dist_name": "poisson",
    "lam": 1,
    "param_str": "(1)"
  },
  "num_samples": 5000,
  "timestamp": "2024-05-23 13:20:39.603577",
  "num_T": 1,
  "num_A": 1,
  "num_iterations": 10,
  "target_init_entropy": 2.047095585180641,
  "awae_data": {
    "1": {
      "0": 0.5805888394593837,
      "1": 0.5805888394593837,
      "2": 0.5805888394593837,
      "3": 0.5805888394593837,
      "4": 0.5805888394593837,
      "5": 0.5805888394593837,
      "6": 0.5805888394593837,
      "7": 0.5805888394593837,
      "8": 0.5805888394593837,
      "9": 0.5805888394593837
    },
    "2": {
      "0": 0.33207898137197006,
      "1": 0.33207898137197006,
      "2": 0.33207898137197006,
      "3": 0.33207898137197006,
      "4": 0.33207898137197006,
      "5": 0.33207898137197006,
      "6": 0.33207898137197006,
      "7": 0.33207898137197006,
      "8": 0.33207898137197006,
      "9": 0.33207898137197006
    },
    "3": {
      "0": 0.2265274001640028,
      "1": 0.2265274001640028,
      "2": 0.2265274001640028,
      "3": 0.2265274001640028,
      "4": 0.2265274001640028,
      "5": 0.2265274001640028,
      "6": 0.2265274001640028,
      "7": 0.2265274001640028,
      "8": 0.2265274001640028,
      "9": 0.2265274001640028
    },
    "4": {
      "0": 0.17475180636641113,
      "1": 0.17475180636641113,
      "2": 0.17475180636641113,
      "3": 0.17475180636641113,
      "4": 0.17475180636641113,
      "5": 0.17475180636641113,
      "6": 0.17475180636641113,
      "7": 0.17475180636641113,
      "8": 0.17475180636641113,
      "9": 0.17475180636641113
    },
    "5": {
      "0": 0.1426446871609482,
      "1": 0.1426446871609482,
      "2": 0.1426446871609482,
      "3": 0.1426446871609482,
      "4": 0.1426446871609482,
      "5": 0.1426446871609482,
      "6": 0.1426446871609482,
      "7": 0.1426446871609482,
      "8": 0.1426446871609482,
      "9": 0.1426446871609482
    },
    "6": {
      "0": 0.12195700535780422,
      "1": 0.12195700535780422,
      "2": 0.12195700535780422,
      "3": 0.12195700535780422,
      "4": 0.12195700535780422,
      "5": 0.12195700535780422,
      "6": 0.12195700535780422,
      "7": 0.12195700535780422,
      "8": 0.12195700535780422,
      "9": 0.12195700535780422
    },
    "7": {
      "0": 0.10015641568514648,
      "1": 0.10015641568514648,
      "2": 0.10015641568514648,
      "3": 0.10015641568514648,
      "4": 0.10015641568514648,
      "5": 0.10015641568514648,
      "6": 0.10015641568514648,
      "7": 0.10015641568514648,
      "8": 0.10015641568514648,
      "9": 0.10015641568514648
    },
    "8": {
      "0": 0.0864815538642416,
      "1": 0.0864815538642416,
      "2": 0.0864815538642416,
      "3": 0.0864815538642416,
      "4": 0.0864815538642416,
      "5": 0.0864815538642416,
      "6": 0.0864815538642416,
      "7": 0.0864815538642416,
      "8": 0.0864815538642416,
      "9": 0.0864815538642416
    },
    "9": {
      "0": 0.08119621724807075,
      "1": 0.08119621724807075,
      "2": 0.08119621724807075,
      "3": 0.08119621724807075,
      "4": 0.08119621724807075,
      "5": 0.08119621724807075,
      "6": 0.08119621724807075,
      "7": 0.08119621724807075,
      "8": 0.08119621724807075,
      "9": 0.08119621724807075
    },
    "10": {
      "0": 0.07405651619710853,
      "1": 0.07405651619710853,
      "2": 0.07405651619710853,
      "3": 0.07405651619710853,
      "4": 0.07405651619710853,
      "5": 0.07405651619710853,
      "6": 0.07405651619710853,
      "7": 0.07405651619710853,
      "8": 0.07405651619710853,
      "9": 0.07405651619710853
    }
  },
  "leakage_no_attacker": {
    "1": 0.5805888394593837,
    "2": 0.33207898137197006,
    "3": 0.2265274001640028,
    "4": 0.17475180636641113,
    "5": 0.1426446871609482,
    "6": 0.12195700535780422,
    "7": 0.10015641568514648,
    "8": 0.0864815538642416,
    "9": 0.08119621724807075,
    "10": 0.07405651619710853
  }
}