{
  "name": "mean_nd",
  "dist": {
    "dist_name": "poisson",
    "lam": 2,
    "param_str": "(2)"
  },
  "num_samples": 5000,
  "timestamp": "2024-05-23 13:26:37.947999",
  "num_T": 1,
  "num_A": 1,
  "num_iterations": 10,
  "target_init_entropy": 2.547095585180641,
  "awae_data": {
    "1": {
      "0": 0.5448410693808725,
      "1": 0.5448410693808725,
      "2": 0.5448410693808725,
      "3": 0.5448410693808725,
      "4": 0.5448410693808725,
      "5": 0.5448410693808725,
      "6": 0.5448410693808725,
      "7": 0.5448410693808725,
      "8": 0.5448410693808725,
      "9": 0.5448410693808725,
      "10": 0.5448410693808725,
      "11": 0.5448410693808725,
      "12": 0.5448410693808725,
      "13": 0.5448410693808725,
      "14": 0.5544173332594748,
      "15": 0.5544173332594748,
      "16": 0.5544173332594748,
      "17": 0.5544173332594748,
      "18": 0.5544173332594748,
      "19": 0.5544173332594748
    },
    "2": {
      "0": 0.31021140166921374,
      "1": 0.31021140166921374,
      "2": 0.31021140166921374,
      "3": 0.31021140166921374,
      "4": 0.31021140166921374,
      "5": 0.31021140166921374,
      "6": 0.31021140166921374,
      "7": 0.31021140166921374,
      "8": 0.31021140166921374,
      "9": 0.31021140166921374,
      "10": 0.31021140166921374,
      "11": 0.31021140166921374,
      "12": 0.31021140166921374,
      "13": 0.31021140166921374,
      "14": 0.30834454729198973,
      "15": 0.30834454729198973,
      "16": 0.30834454729198973,
      "17": 0.30834454729198973,
      "18": 0.30834454729198973,
      "19": 0.30834454729198973
    },
    "3": {
      "0": 0.21748541021103543,
      "1": 0.21748541021103543,
      "2": 0.21748541021103543,
      "3": 0.21748541021103543,
      "4": 0.21748541021103543,
      "5": 0.21748541021103543,
      "6": 0.21748541021103543,
      "7": 0.21748541021103543,
      "8": 0.21748541021103543,
      "9": 0.21748541021103543,
      "10": 0.21748541021103543,
      "11": 0.21748541021103543,
      "12": 0.21748541021103543,
      "13": 0.21748541021103543,
      "14": 0.21334693447079767,
      "15": 0.21334693447079767,
      "16": 0.21334693447079767,
      "17": 0.21334693447079767,
      "18": 0.21334693447079767,
      "19": 0.21334693447079767
    },
    "4": {
      "0": 0.170314683057803,
      "1": 0.170314683057803,
      "2": 0.170314683057803,
      "3": 0.170314683057803,
      "4": 0.170314683057803,
      "5": 0.170314683057803,
      "6": 0.170314683057803,
      "7": 0.170314683057803,
      "8": 0.170314683057803,
      "9": 0.170314683057803,
      "10": 0.170314683057803,
      "11": 0.170314683057803,
      "12": 0.170314683057803,
      "13": 0.170314683057803,
      "14": 0.16581067157788698,
      "15": 0.16581067157788698,
      "16": 0.16581067157788698,
      "17": 0.16581067157788698,
      "18": 0.16581067157788698,
      "19": 0.16581067157788698
    },
    "5": {
      "0": 0.13891216125671108,
      "1": 0.13891216125671108,
      "2": 0.13891216125671108,
      "3": 0.13891216125671108,
      "4": 0.13891216125671108,
      "5": 0.13891216125671108,
      "6": 0.13891216125671108,
      "7": 0.13891216125671108,
      "8": 0.13891216125671108,
      "9": 0.13891216125671108,
      "10": 0.13891216125671108,
      "11": 0.13891216125671108,
      "12": 0.13891216125671108,
      "13": 0.13891216125671108,
      "14": 0.13746640230569196,
      "15": 0.13746640230569196,
      "16": 0.13746640230569196,
      "17": 0.13746640230569196,
      "18": 0.13746640230569196,
      "19": 0.13746640230569196
    },
    "6": {
      "0": 0.1180435116880008,
      "1": 0.1180435116880008,
      "2": 0.1180435116880008,
      "3": 0.1180435116880008,
      "4": 0.1180435116880008,
      "5": 0.1180435116880008,
      "6": 0.1180435116880008,
      "7": 0.1180435116880008,
      "8": 0.1180435116880008,
      "9": 0.1180435116880008,
      "10": 0.1180435116880008,
      "11": 0.1180435116880008,
      "12": 0.1180435116880008,
      "13": 0.1180435116880008,
      "14": 0.1227507294499742,
      "15": 0.1227507294499742,
      "16": 0.1227507294499742,
      "17": 0.1227507294499742,
      "18": 0.1227507294499742,
      "19": 0.1227507294499742
    },
    "7": {
      "0": 0.10103341412063922,
      "1": 0.10103341412063922,
      "2": 0.10103341412063922,
      "3": 0.10103341412063922,
      "4": 0.10103341412063922,
      "5": 0.10103341412063922,
      "6": 0.10103341412063922,
      "7": 0.10103341412063922,
      "8": 0.10103341412063922,
      "9": 0.10103341412063922,
      "10": 0.10103341412063922,
      "11": 0.10103341412063922,
      "12": 0.10103341412063922,
      "13": 0.10103341412063922,
      "14": 0.10407014289530254,
      "15": 0.10407014289530254,
      "16": 0.10407014289530254,
      "17": 0.10407014289530254,
      "18": 0.10407014289530254,
      "19": 0.10407014289530254
    },
    "8": {
      "0": 0.09326754108507632,
      "1": 0.09326754108507632,
      "2": 0.09326754108507632,
      "3": 0.09326754108507632,
      "4": 0.09326754108507632,
      "5": 0.09326754108507632,
      "6": 0.09326754108507632,
      "7": 0.09326754108507632,
      "8": 0.09326754108507632,
      "9": 0.09326754108507632,
      "10": 0.09326754108507632,
      "11": 0.09326754108507632,
      "12": 0.09326754108507632,
      "13": 0.09326754108507632,
      "14": 0.09114707252883696,
      "15": 0.09114707252883696,
      "16": 0.09114707252883696,
      "17": 0.09114707252883696,
      "18": 0.09114707252883696,
      "19": 0.09114707252883696
    },
    "9": {
      "0": 0.08560475523163695,
      "1": 0.08560475523163695,
      "2": 0.08560475523163695,
      "3": 0.08560475523163695,
      "4": 0.08560475523163695,
      "5": 0.08560475523163695,
      "6": 0.08560475523163695,
      "7": 0.08560475523163695,
      "8": 0.08560475523163695,
      "9": 0.08560475523163695,
      "10": 0.08560475523163695,
      "11": 0.08560475523163695,
      "12": 0.08560475523163695,
      "13": 0.08560475523163695,
      "14": 0.08331854935104796,
      "15": 0.08331854935104796,
      "16": 0.08331854935104796,
      "17": 0.08331854935104796,
      "18": 0.08331854935104796,
      "19": 0.08331854935104796
    },
    "10": {
      "0": 0.07928890692452614,
      "1": 0.07928890692452614,
      "2": 0.07928890692452614,
      "3": 0.07928890692452614,
      "4": 0.07928890692452614,
      "5": 0.07928890692452614,
      "6": 0.07928890692452614,
      "7": 0.07928890692452614,
      "8": 0.07928890692452614,
      "9": 0.07928890692452614,
      "10": 0.07928890692452614,
      "11": 0.07928890692452614,
      "12": 0.07928890692452614,
      "13": 0.07928890692452614,
      "14": 0.07675653438196191,
      "15": 0.07675653438196191,
      "16": 0.07675653438196191,
      "17": 0.07675653438196191,
      "18": 0.07675653438196191,
      "19": 0.07675653438196191
    }
  },
  "leakage_no_attacker": {
    "1": 0.5448410693808725,
    "2": 0.31021140166921374,
    "3": 0.21748541021103543,
    "4": 0.170314683057803,
    "5": 0.13891216125671108,
    "6": 0.1180435116880008,
    "7": 0.10103341412063922,
    "8": 0.09326754108507632,
    "9": 0.08560475523163695,
    "10": 0.07928890692452614
  }
}