{
  "name": "mean_nd",
  "dist": {
    "dist_name": "poisson",
    "lam": 4,
    "param_str": "(4)"
  },
  "num_samples": 5000,
  "timestamp": "2024-05-23 13:35:20.021107",
  "num_T": 1,
  "num_A": 1,
  "num_iterations": 10,
  "target_init_entropy": 3.047095585180641,
  "awae_data": {
    "1": {
      "0": 0.5198269109469741,
      "1": 0.5198269109469741,
      "2": 0.5198269109469741,
      "3": 0.5198269109469741,
      "4": 0.5198269109469741,
      "5": 0.5198269109469741,
      "6": 0.5198269109469741,
      "7": 0.5198269109469741,
      "8": 0.5198269109469741,
      "9": 0.5198269109469741,
      "10": 0.5198269109469741,
      "11": 0.5198269109469741,
      "12": 0.5198269109469741,
      "13": 0.5198269109469741,
      "14": 0.5297147222835868,
      "15": 0.5297147222835868,
      "16": 0.5297147222835868,
      "17": 0.5297147222835868,
      "18": 0.5297147222835868,
      "19": 0.5297147222835868,
      "20": 0.5297147222835868,
      "21": 0.5297147222835868,
      "22": 0.5297147222835868,
      "23": 0.5297147222835868,
      "24": 0.5297147222835868,
      "25": 0.5297147222835868,
      "26": 0.5297147222835868,
      "27": 0.5297147222835868,
      "28": 0.5246804689591851,
      "29": 0.5246804689591851,
      "30": 0.5211904548423691,
      "31": 0.5211904548423691,
      "32": 0.5246804689591851,
      "33": 0.5246804689591851,
      "34": 0.5246804689591851,
      "35": 0.5246804689591851,
      "36": 0.5246804689591851,
      "37": 0.5246804689591851,
      "38": 0.5246804689591851,
      "39": 0.5246804689591851
    },
    "2": {
      "0": 0.30146941394022336,
      "1": 0.30146941394022336,
      "2": 0.30146941394022336,
      "3": 0.30146941394022336,
      "4": 0.30146941394022336,
      "5": 0.30146941394022336,
      "6": 0.30146941394022336,
      "7": 0.30146941394022336,
      "8": 0.30146941394022336,
      "9": 0.30146941394022336,
      "10": 0.30146941394022336,
      "11": 0.30146941394022336,
      "12": 0.30146941394022336,
      "13": 0.30146941394022336,
      "14": 0.3092353682372342,
      "15": 0.3092353682372342,
      "16": 0.3092353682372342,
      "17": 0.3092353682372342,
      "18": 0.3092353682372342,
      "19": 0.3092353682372342,
      "20": 0.3092353682372342,
      "21": 0.3092353682372342,
      "22": 0.3092353682372342,
      "23": 0.3092353682372342,
      "24": 0.3092353682372342,
      "25": 0.3092353682372342,
      "26": 0.3092353682372342,
      "27": 0.3092353682372342,
      "28": 0.3019437184338828,
      "29": 0.3019437184338828,
      "30": 0.3042857415788765,
      "31": 0.3042857415788765,
      "32": 0.3019437184338828,
      "33": 0.3019437184338828,
      "34": 0.3019437184338828,
      "35": 0.3019437184338828,
      "36": 0.3019437184338828,
      "37": 0.3019437184338828,
      "38": 0.3019437184338828,
      "39": 0.3019437184338828
    },
    "3": {
      "0": 0.21386594563503408,
      "1": 0.21386594563503408,
      "2": 0.21386594563503408,
      "3": 0.21386594563503408,
      "4": 0.21386594563503408,
      "5": 0.21386594563503408,
      "6": 0.21386594563503408,
      "7": 0.21386594563503408,
      "8": 0.21386594563503408,
      "9": 0.21386594563503408,
      "10": 0.21386594563503408,
      "11": 0.21386594563503408,
      "12": 0.21386594563503408,
      "13": 0.21386594563503408,
      "14": 0.22184801838427357,
      "15": 0.22184801838427357,
      "16": 0.22184801838427357,
      "17": 0.22184801838427357,
      "18": 0.22184801838427357,
      "19": 0.22184801838427357,
      "20": 0.22184801838427357,
      "21": 0.22184801838427357,
      "22": 0.22184801838427357,
      "23": 0.22184801838427357,
      "24": 0.22184801838427357,
      "25": 0.22184801838427357,
      "26": 0.22184801838427357,
      "27": 0.22184801838427357,
      "28": 0.21556767978660263,
      "29": 0.21556767978660263,
      "30": 0.22093181447519936,
      "31": 0.22093181447519936,
      "32": 0.21556767978660263,
      "33": 0.21556767978660263,
      "34": 0.21556767978660263,
      "35": 0.21556767978660263,
      "36": 0.21556767978660263,
      "37": 0.21556767978660263,
      "38": 0.21556767978660263,
      "39": 0.21556767978660263
    },
    "4": {
      "0": 0.1707331428996607,
      "1": 0.1707331428996607,
      "2": 0.1707331428996607,
      "3": 0.1707331428996607,
      "4": 0.1707331428996607,
      "5": 0.1707331428996607,
      "6": 0.1707331428996607,
      "7": 0.1707331428996607,
      "8": 0.1707331428996607,
      "9": 0.1707331428996607,
      "10": 0.1707331428996607,
      "11": 0.1707331428996607,
      "12": 0.1707331428996607,
      "13": 0.1707331428996607,
      "14": 0.16794208206823819,
      "15": 0.16794208206823819,
      "16": 0.16794208206823819,
      "17": 0.16794208206823819,
      "18": 0.16794208206823819,
      "19": 0.16794208206823819,
      "20": 0.16794208206823819,
      "21": 0.16794208206823819,
      "22": 0.16794208206823819,
      "23": 0.16794208206823819,
      "24": 0.16794208206823819,
      "25": 0.16794208206823819,
      "26": 0.16794208206823819,
      "27": 0.16794208206823819,
      "28": 0.1740369006277101,
      "29": 0.1740369006277101,
      "30": 0.1740369006277101,
      "31": 0.16984801460997714,
      "32": 0.1740369006277101,
      "33": 0.1740369006277101,
      "34": 0.1740369006277101,
      "35": 0.1740369006277101,
      "36": 0.1740369006277101,
      "37": 0.1740369006277101,
      "38": 0.1740369006277101,
      "39": 0.1740369006277101
    },
    "5": {
      "0": 0.14332377994309328,
      "1": 0.14332377994309328,
      "2": 0.14332377994309328,
      "3": 0.14332377994309328,
      "4": 0.14332377994309328,
      "5": 0.14332377994309328,
      "6": 0.14332377994309328,
      "7": 0.14332377994309328,
      "8": 0.14332377994309328,
      "9": 0.14332377994309328,
      "10": 0.14332377994309328,
      "11": 0.14332377994309328,
      "12": 0.14332377994309328,
      "13": 0.14332377994309328,
      "14": 0.13880978211982264,
      "15": 0.13880978211982264,
      "16": 0.13880978211982264,
      "17": 0.13880978211982264,
      "18": 0.13880978211982264,
      "19": 0.13880978211982264,
      "20": 0.13880978211982264,
      "21": 0.13880978211982264,
      "22": 0.13880978211982264,
      "23": 0.13880978211982264,
      "24": 0.13880978211982264,
      "25": 0.13880978211982264,
      "26": 0.13880978211982264,
      "27": 0.13880978211982264,
      "28": 0.14098469383743423,
      "29": 0.14098469383743423,
      "30": 0.14513763557728065,
      "31": 0.14513763557728065,
      "32": 0.14098469383743423,
      "33": 0.14098469383743423,
      "34": 0.14098469383743423,
      "35": 0.14098469383743423,
      "36": 0.14098469383743423,
      "37": 0.14098469383743423,
      "38": 0.14098469383743423,
      "39": 0.14098469383743423
    },
    "6": {
      "0": 0.12251023983449941,
      "1": 0.12251023983449941,
      "2": 0.12251023983449941,
      "3": 0.12251023983449941,
      "4": 0.12251023983449941,
      "5": 0.12251023983449941,
      "6": 0.12251023983449941,
      "7": 0.12251023983449941,
      "8": 0.12251023983449941,
      "9": 0.12251023983449941,
      "10": 0.12251023983449941,
      "11": 0.12251023983449941,
      "12": 0.12251023983449941,
      "13": 0.12251023983449941,
      "14": 0.12349940517410388,
      "15": 0.12349940517410388,
      "16": 0.12349940517410388,
      "17": 0.12349940517410388,
      "18": 0.12349940517410388,
      "19": 0.12349940517410388,
      "20": 0.12349940517410388,
      "21": 0.12349940517410388,
      "22": 0.12349940517410388,
      "23": 0.12349940517410388,
      "24": 0.12349940517410388,
      "25": 0.12349940517410388,
      "26": 0.12349940517410388,
      "27": 0.12349940517410388,
      "28": 0.12466509629078795,
      "29": 0.12466509629078795,
      "30": 0.12335723934305062,
      "31": 0.12335723934305062,
      "32": 0.12466509629078795,
      "33": 0.12466509629078795,
      "34": 0.12466509629078795,