{
  "name": "all_fns",
  "dist": {
    "dist_name": "uniform_int",
    "a": 0,
    "b": 16,
    "param_str": "(0,16)"
  },
  "num_samples": 5000,
  "timestamp": "2024-05-23 11:53:17.618027",
  "num_T": 1,
  "num_A": 1,
  "num_iterations": 10,
  "target_init_entropy": 4.0,
  "awae_data": {
    "1": {
      "0": 3.0629352099297638,
      "1": 3.0629352099297638,
      "2": 3.0629352099297638,
      "3": 3.0629352099297638,
      "4": 3.0629352099297638,
      "5": 3.0629352099297638,
      "6": 3.0629352099297638,
      "7": 3.0629352099297638,
      "8": 3.0629352099297638,
      "9": 3.0629352099297638,
      "10": 3.0629352099297638,
      "11": 3.0629352099297638,
      "12": 3.0629352099297638,
      "13": 3.0629352099297638,
      "14": 3.062362624567167,
      "15": 3.062362624567167
    },
    "2": {
      "0": 2.545649343094174,
      "1": 2.5491113478045686,
      "2": 2.550980851999751,
      "3": 2.5503801634295367,
      "4": 2.5469814408725497,
      "5": 2.5425344355694772,
      "6": 2.53647855821679,
      "7": 2.5291958928077896,
      "8": 2.521268379792339,
      "9": 2.515135087022414,
      "10": 2.508721578447875,
      "11": 2.5029660510145684,
      "12": 2.498935949915823,
      "13": 2.4951988230583066,
      "14": 2.4987769010395837,
      "15": 2.498374880775157
    },
    "3": {
      "0": 2.1205845971506596,
      "1": 2.115000086021139,
      "2": 2.1001331061317035,
      "3": 2.0860933433900426,
      "4": 2.07037307177811,
      "5": 2.0471140356741886,
      "6": 2.00923797001389,
      "7": 1.9832709117449017,
      "8": 1.961134875355856,
      "9": 1.949620746766946,
      "10": 1.9437759006417032,
      "11": 1.93152282077395,
      "12": 1.9052509561537647,
      "13": 1.8601922200575713,
      "14": 1.7964053778534708,
      "15": 1.6640633992812304
    },
    "4": {
      "0": 1.7016502181455422,
      "1": 1.705400435846989,
      "2": 1.6986543848873203,
      "3": 1.6809512247326335,
      "4": 1.6540396045865795,
      "5": 1.6127989687988165,
      "6": 1.5744629885919437,
      "7": 1.5460722690380468,
      "8": 1.5207898806719906,
      "9": 1.491559294757859,
      "10": 1.471658946386373,
      "11": 1.4441783015170437,
      "12": 1.421225949340523,
      "13": 1.3867889738767838,
      "14": 1.2660979813909712,
      "15": 1.1167546661975334
    },
    "5": {
      "0": 1.4446146100717818,
      "1": 1.4407165150106445,
      "2": 1.419201432213854,
      "3": 1.3903981273101333,
      "4": 1.3608435974274409,
      "5": 1.3387114140766252,
      "6": 1.3140361674929795,
      "7": 1.3016730795739626,
      "8": 1.2966095245876068,
      "9": 1.2869634176133053,
      "10": 1.2859866325037328,
      "11": 1.2723276724721937,
      "12": 1.243286890272503,
      "13": 1.185835236890904,
      "14": 1.061256362213108,
      "15": 0.8757418436806235
    },
    "6": {
      "0": 1.2999021241136381,
      "1": 1.300377842739851,
      "2": 1.2978745554705147,
      "3": 1.2817110234752902,
      "4": 1.2552961755533023,
      "5": 1.2241538469012176,
      "6": 1.207985117281986,
      "7": 1.1885530566856026,
      "8": 1.1766540711073563,
      "9": 1.1762991341431595,
      "10": 1.156982609947765,
      "11": 1.1314539713662604,
      "12": 1.0976314564292846,
      "13": 1.0489989281539356,
      "14": 0.9603446825596876,
      "15": 0.8085116386814392
    },
    "7": {
      "0": 1.124669398440517,
      "1": 1.1248548881137235,
      "2": 1.1174520948581423,
      "3": 1.0932198424524588,
      "4": 1.072617880120734,
      "5": 1.0546421459871809,
      "6": 1.0419163164933443,
      "7": 1.0249065314986345,
      "8": 1.0254143659742407,
      "9": 1.0125706371637293,
      "10": 1.0079547525311328,
      "11": 0.9991113143945132,
      "12": 0.9684280030266376,
      "13": 0.9150792916909835,
      "14": 0.8312631974794022,
      "15": 0.6572526120776454
    },
    "8": {
      "0": 1.0001199068590305,
      "1": 0.9974617701350545,
      "2": 0.9942205713029966,
      "3": 0.9818463133783446,
      "4": 0.9570393878699518,
      "5": 0.9309421738012638,
      "6": 0.9151792916174715,
      "7": 0.9103153363425109,
      "8": 0.905982643281709,
      "9": 0.9100185162496202,
      "10": 0.894173513228717,
      "11": 0.8876100453684881,
      "12": 0.8664272569772283,
      "13": 0.8105801822274973,
      "14": 0.7374467073360591,
      "15": 0.5911464012066853
    },
    "9": {
      "0": 0.8978336583258418,
      "1": 0.8958255878782454,
      "2": 0.8891725163521684,
      "3": 0.8707354223226117,
      "4": 0.8424439728831938,
      "5": 0.8292009410458044,
      "6": 0.8227394317137383,
      "7": 0.8272031744682341,
      "8": 0.8370732423658274,
      "9": 0.8363818100822804,
      "10": 0.841200088174423,
      "11": 0.8433555339730541,
      "12": 0.8215836783862359,
      "13": 0.7669781469553575,
      "14": 0.6515753465228837,
      "15": 0.4980962556908513
    },
    "10": {
      "0": 0.802720615686176,
      "1": 0.8038644475853968,
      "2": 0.8067296990832276,
      "3": 0.8017545797114833,
      "4": 0.7808009691591898,
      "5": 0.7637164718190237,
      "6": 0.7492898951410234,
      "7": 0.7499872335933482,
      "8": 0.7554168592473682,
      "9": 0.7674869941247179,
      "10": 0.7585926520497065,
      "11": 0.7472364186278679,
      "12": 0.7285274345863553,
      "13": 0.6918932606292737,
      "14": 0.6151877259029043,
      "15": 0.4795529312207969
    }
  },
  "leakage_no_attacker": {
    "1": 3.0629352099297638,
    "2": 2.6154979781764576,
    "3": 2.266568227521635,
    "4": 1.8721065551853364,
    "5": 1.5719174231787565,
    "6": 1.382737098579722,
    "7": 1.2390705746776907,
    "8": 1.077775257761552,
    "9": 0.9649228335181445,
    "10": 0.8575606302155631
  }
}