{
  "name": "all_fns",
  "dist": {
    "dist_name": "uniform_int",
    "a": 0,
    "b": 4,
    "param_str": "(0,4)"
  },
  "num_samples": 5000,
  "timestamp": "2024-05-23 11:44:39.336578",
  "num_T": 1,
  "num_A": 1,
  "num_iterations": 10,
  "target_init_entropy": 2.0,
  "awae_data": {
    "1": {
      "0": 1.2524109543137674,
      "1": 1.2524109543137674,
      "2": 1.2524109543137674,
      "3": 1.2524109543137674
    },
    "2": {
      "0": 0.8872873537306767,
      "1": 0.8872873537306767,
      "2": 0.8872873537306767,
      "3": 0.8872873537306767
    },
    "3": {
      "0": 0.6743788187859998,
      "1": 0.6743788187859998,
      "2": 0.6743788187859998,
      "3": 0.6743788187859998
    },
    "4": {
      "0": 0.5366922472665796,
      "1": 0.5366922472665796,
      "2": 0.5181342994232226,
      "3": 0.52608675973945
    },
    "5": {
      "0": 0.44444629862528123,
      "1": 0.44444629862528123,
      "2": 0.42681207606681315,
      "3": 0.4334483660140596
    },
    "6": {
      "0": 0.3608875506348611,
      "1": 0.36070642556295346,
      "2": 0.33785031169299834,
      "3": 0.3468336931027649
    },
    "7": {
      "0": 0.31064544038370223,
      "1": 0.3055489421131906,
      "2": 0.2997122422567585,
      "3": 0.3010398411198918
    },
    "8": {
      "0": 0.2698493629513323,
      "1": 0.2678303196463686,
      "2": 0.2536677410960778,
      "3": 0.25596483900469796
    },
    "9": {
      "0": 0.2324260113008661,
      "1": 0.22789027438252055,
      "2": 0.22539694947776603,
      "3": 0.22604640419540178
    },
    "10": {
      "0": 0.2077398429639492,
      "1": 0.20514325859199634,
      "2": 0.2000163596292805,
      "3": 0.20148861303014648
    }
  },
  "leakage_no_attacker": {
    "1": 1.2524109543137674,
    "2": 0.8872873537306767,
    "3": 0.6743788187859998,
    "4": 0.5366922472665796,
    "5": 0.43634366710749506,
    "6": 0.36092192994535993,
    "7": 0.30875320518675686,
    "8": 0.2701140379312679,
    "9": 0.23316437529231565,
    "10": 0.20809648006182782
  }
}