{
  "name": "all_fns",
  "dist": {
    "dist_name": "uniform_int",
    "a": 0,
    "b": 8,
    "param_str": "(0,8)"
  },
  "num_samples": 5000,
  "timestamp": "2024-05-23 11:48:15.818419",
  "num_T": 1,
  "num_A": 1,
  "num_iterations": 10,
  "target_init_entropy": 3.0,
  "awae_data": {
    "1": {
      "0": 2.125714599626424,
      "1": 2.125714599626424,
      "2": 2.125714599626424,
      "3": 2.125714599626424,
      "4": 2.125714599626424,
      "5": 2.125714599626424,
      "6": 2.125714599626424,
      "7": 2.125714599626424
    },
    "2": {
      "0": 1.6578505997213135,
      "1": 1.6578505997213135,
      "2": 1.6578505997213135,
      "3": 1.6578505997213135,
      "4": 1.6578505997213135,
      "5": 1.6578505997213135,
      "6": 1.6578505997213135,
      "7": 1.6578505997213135
    },
    "3": {
      "0": 1.3661298837000726,
      "1": 1.3682863985276683,
      "2": 1.3620279930068762,
      "3": 1.3443502852876128,
      "4": 1.33075561609772,
      "5": 1.3319288727238707,
      "6": 1.3418504935554059,
      "7": 1.3332510762719998
    },
    "4": {
      "0": 1.1550222133672094,
      "1": 1.1474948771352977,
      "2": 1.1397129311007403,
      "3": 1.118842150205966,
      "4": 1.0736597607048313,
      "5": 1.0621215679684874,
      "6": 1.0728245886670966,
      "7": 1.0494596471309119
    },
    "5": {
      "0": 0.9747716519828791,
      "1": 0.971665623085029,
      "2": 0.9472745175652755,
      "3": 0.9059863007223697,
      "4": 0.8996462776119921,
      "5": 0.913783850233254,
      "6": 0.9147967827886481,
      "7": 0.8404280201211417
    },
    "6": {
      "0": 0.8481154652645231,
      "1": 0.8503325111213444,
      "2": 0.8449550803868018,
      "3": 0.8139519682795321,
      "4": 0.7812815507793716,
      "5": 0.7805652603690623,
      "6": 0.7889325964748447,
      "7": 0.7115227913629745
    },
    "7": {
      "0": 0.7364292909104625,
      "1": 0.7370216542563706,
      "2": 0.7220211227855831,
      "3": 0.682364731420483,
      "4": 0.6822467322641537,
      "5": 0.7075290227344027,
      "6": 0.7041152004551445,
      "7": 0.6259174957566425
    },
    "8": {
      "0": 0.6767832727198511,
      "1": 0.6729237288635748,
      "2": 0.6687494546857862,
      "3": 0.641564172956802,
      "4": 0.6150348540888759,
      "5": 0.6250653399545649,
      "6": 0.6384600180378643,
      "7": 0.5764363528932848
    },
    "9": {
      "0": 0.6271950597331615,
      "1": 0.6221433906412941,
      "2": 0.6208600589749891,
      "3": 0.592063399906361,
      "4": 0.5876390054730061,
      "5": 0.6127866278481741,
      "6": 0.6229385417424219,
      "7": 0.5725884769467686
    },
    "10": {
      "0": 0.5934931913585898,
      "1": 0.5896780069010077,
      "2": 0.5871416962789568,
      "3": 0.5726320708844792,
      "4": 0.558029840544487,
      "5": 0.5797174008899733,
      "6": 0.5895218125603027,
      "7": 0.5486081761136397
    }
  },
  "leakage_no_attacker": {
    "1": 2.125714599626424,
    "2": 1.6637564200912291,
    "3": 1.3589505463934313,
    "4": 1.1451112042525937,
    "5": 0.9692205856639339,
    "6": 0.8616374246623584,
    "7": 0.7230786723147296,
    "8": 0.6847852093326809,
    "9": 0.625503427896305,
    "10": 0.5936949602799371
  }
}