{
  "name": "var",
  "dist": {
    "dist_name": "uniform_int",
    "a": 0,
    "b": 16,
    "param_str": "(0,16)"
  },
  "num_samples": 1000,
  "num_T": 1,
  "num_A": 1,
  "num_iterations": 10,
  "target_init_entropy": 4.0,
  "awae_data": {
    "1": {
      "0": Infinity,
      "1": Infinity,
      "2": Infinity,
      "3": Infinity,
      "4": Infinity,
      "5": Infinity,
      "6": Infinity,
      "7": Infinity,
      "8": Infinity,
      "9": Infinity,
      "10": Infinity,
      "11": Infinity,
      "12": Infinity,
      "13": Infinity,
      "14": Infinity,
      "15": 1.7803667657039077
    },
    "2": {
      "0": 0.8228146043392192,
      "1": 0.8018402922055335,
      "2": 0.7631829112665758,
      "3": 0.7405307762466362,
      "4": 0.7055211157759409,
      "5": 0.6783777080344088,
      "6": 0.6676880627893006,
      "7": 0.618616656356507,
      "8": 0.6132306977274806,
      "9": 0.6672177726381728,
      "10": 0.6739280200093329,
      "11": 0.7199275277698385,
      "12": 0.7496913607136694,
      "13": 0.7786063416822046,
      "14": 0.7775804998206097,
      "15": 0.8196645097683568
    },
    "3": {
      "0": Infinity,
      "1": Infinity,
      "2": Infinity,
      "3": Infinity,
      "4": Infinity,
      "5": Infinity,
      "6": Infinity,
      "7": Infinity,
      "8": Infinity,
      "9": Infinity,
      "10": Infinity,
      "11": Infinity,
      "12": Infinity,
      "13": Infinity,
      "14": Infinity,
      "15": Infinity
    },
    "4": {
      "0": Infinity,
      "1": Infinity,
      "2": Infinity,
      "3": Infinity,
      "4": Infinity,
      "5": Infinity,
      "6": Infinity,
      "7": Infinity,
      "8": Infinity,
      "9": Infinity,
      "10": Infinity,
      "11": Infinity,
      "12": Infinity,
      "13": Infinity,
      "14": Infinity,
      "15": Infinity
    },
    "5": {
      "0": Infinity,
      "1": Infinity,
      "2": Infinity,
      "3": Infinity,
      "4": Infinity,
      "5": Infinity,
      "6": Infinity,
      "7": Infinity,
      "8": Infinity,
      "9": Infinity,
      "10": Infinity,
      "11": Infinity,
      "12": Infinity,
      "13": Infinity,
      "14": Infinity,
      "15": Infinity
    },
    "6": {
      "0": 0.25156144835170646,
      "1": 0.22549185338929406,
      "2": 0.21945787726500537,
      "3": 0.21877103205411247,
      "4": 0.1981012511120203,
      "5": 0.21606954456331273,
      "6": 0.17889999500815906,
      "7": 0.20294800534105178,
      "8": 0.20650432337590435,
      "9": 0.18922495293301947,
      "10": 0.20672360787007854,
      "11": 0.20747250093158778,
      "12": 0.20947129573699427,
      "13": 0.20505307718797558,
      "14": 0.22853135846745407,
      "15": 0.24134087073545696
    },
    "7": {
      "0": 0.19399797397881546,
      "1": 0.17896441247681238,
      "2": 0.20592498326243364,
      "3": Infinity,
      "4": Infinity,
      "5": Infinity,
      "6": Infinity,
      "7": Infinity,
      "8": Infinity,
      "9": Infinity,
      "10": Infinity,
      "11": Infinity,
      "12": Infinity,
      "13": 0.18193150674863584,
      "14": Infinity,
      "15": 0.1805228117913369
    },
    "8": {
      "0": 0.13913478405968743,
      "1": 0.1337484728610944,
      "2": 0.12731039621940984,
      "3": 0.11895748329012415,
      "4": Infinity,
      "5": Infinity,
      "6": 0.1370699770548061,
      "7": Infinity,
      "8": Infinity,
      "9": 0.103594325724322,
      "10": Infinity,
      "11": Infinity,
      "12": Infinity,
      "13": Infinity,
      "14": 0.15792580742106047,
      "15": Infinity
    },
    "9": {
      "0": 0.11462709706439826,
      "1": 0.11204554840776244,
      "2": 0.1266961216245232,
      "3": 0.12586562297657045,
      "4": 0.12284129938602728,
      "5": Infinity,
      "6": Infinity,
      "7": Infinity,
      "8": 0.13608859794700107,
      "9": 0.1306002383450072,
      "10": Infinity,
      "11": 0.10598116278119685,
      "12": 0.1207895601913275,
      "13": 0.12560073392111717,
      "14": 0.15101281689945537,
      "15": 0.1425993195095257
    },
    "10": {
      "0": 0.13444241439390492,
      "1": 0.14713141326907325,
      "2": 0.11475390759022137,
      "3": 0.14446518274118117,
      "4": 0.13884756949562277,
      "5": Infinity,
      "6": 0.11659294959030701,
      "7": Infinity,
      "8": Infinity,
      "9": Infinity,
      "10": Infinity,
      "11": 0.09863360671381169,
      "12": 0.10321388036226817,
      "13": 0.1228779106297773,
      "14": 0.11327052944468012,
      "15": 0.12355231745096673
    }
  }
}