{
  "name": "var",
  "dist": {
    "dist_name": "uniform_int",
    "a": 0,
    "b": 16,
    "param_str": "(0,16)"
  },
  "num_samples": 5000,
  "timestamp": "2024-04-29 16:29:03.380440",
  "num_T": 1,
  "num_A": 1,
  "num_iterations": 10,
  "target_init_entropy": 4.0,
  "awae_data": {
    "1": {
      "0": 2.646944111491283,
      "1": 2.4569510275003936,
      "2": 2.386862700013113,
      "3": 2.2995714822135005,
      "4": 2.246682619891563,
      "5": 2.170804611366767,
      "6": 2.0556817705752586,
      "7": 1.9288398174482198,
      "8": 1.9169379654323866,
      "9": 2.036991736124453,
      "10": 2.13254584725753,
      "11": 2.24932130893593,
      "12": 2.3160655314187895,
      "13": 2.409002637436003,
      "14": 2.4810974990629724,
      "15": 2.594959745311333
    },
    "2": {
      "0": 1.282882336613973,
      "1": 1.2120189803179975,
      "2": 1.1671527209693822,
      "3": 1.1525679371415494,
      "4": 1.0919937093616343,
      "5": 1.0652498471301657,
      "6": 1.0155143667293094,
      "7": 0.9540034293889335,
      "8": 0.9492130135977946,
      "9": 1.0205950236368746,
      "10": 1.0585814005832996,
      "11": 1.0919696127318899,
      "12": 1.1482842601221583,
      "13": 1.1704070164569,
      "14": 1.208869641338102,
      "15": 1.285224558514361
    },
    "3": {
      "0": 0.739133426507451,
      "1": 0.7224173773595842,
      "2": 0.6980456189163937,
      "3": 0.6807977138098033,
      "4": 0.6372743217341924,
      "5": 0.6177010394577298,
      "6": 0.5889732216702181,
      "7": 0.5560350279215353,
      "8": 0.5464238103872276,
      "9": 0.5769656397516144,
      "10": 0.6007896402938949,
      "11": 0.6230956523671953,
      "12": 0.6498225079317737,
      "13": 0.6803243470418752,
      "14": 0.7130541347790714,
      "15": 0.7293149812702729
    },
    "4": {
      "0": 0.4825286633107173,
      "1": 0.4774010430716536,
      "2": 0.4772408167700223,
      "3": 0.46218919318619023,
      "4": 0.4371784967419801,
      "5": 0.42749329851816,
      "6": 0.40746121710233324,
      "7": 0.3908062744323506,
      "8": 0.3939204391335303,
      "9": 0.3969485947368707,
      "10": 0.40778427807788764,
      "11": 0.41880959520857386,
      "12": 0.4407577135561994,
      "13": 0.44139754413256443,
      "14": 0.46224923071193136,
      "15": 0.4709961409511855
    },
    "5": {
      "0": 0.43178231317280114,
      "1": 0.4332788822868496,
      "2": 0.427057109456413,
      "3": 0.420930683639311,
      "4": 0.41448515278801334,
      "5": 0.4000965572258969,
      "6": 0.4030178423554768,
      "7": 0.3965951692777258,
      "8": 0.3908788062508705,
      "9": 0.38818769093428074,
      "10": 0.38691760508256035,
      "11": 0.400305583096385,
      "12": 0.3971960237279317,
      "13": 0.4044553635958765,
      "14": 0.42327831714120023,
      "15": 0.4417947339148425
    },
    "6": {
      "0": 0.2766165496671221,
      "1": 0.28382896176052147,
      "2": 0.25991493208454997,
      "3": 0.25717395281956223,
      "4": 0.2615749601736007,
      "5": 0.25326636131185093,
      "6": 0.23755289830830795,
      "7": 0.23211013092023677,
      "8": 0.24402395386795334,
      "9": 0.23734418364137205,
      "10": 0.23853611507884592,
      "11": 0.2657771835730513,
      "12": 0.2640634342069889,
      "13": 0.26371201646279024,
      "14": 0.27604352770215723,
      "15": 0.27498929933147387
    },
    "7": {
      "0": 0.3701424573387963,
      "1": 0.37366888282428734,
      "2": 0.37061828970807303,
      "3": 0.3643295850528344,
      "4": 0.3669277526301627,
      "5": 0.36003686332233986,
      "6": 0.3499821841953651,
      "7": 0.3447838106715149,
      "8": 0.3437618119548035,
      "9": 0.3528331193479174,
      "10": 0.35240046361933003,
      "11": 0.35908015802000764,
      "12": 0.3680890501242072,
      "13": 0.36486082171292844,
      "14": 0.35689661963732733,
      "15": 0.3638515908683396
    },
    "8": {
      "0": 0.3118142272163276,
      "1": 0.3247538418783614,
      "2": 0.31522427785977614,
      "3": 0.30871767700958375,
      "4": 0.31820336422436957,
      "5": 0.3212711756697767,
      "6": 0.3130613207307782,
      "7": 0.30487155572795577,
      "8": 0.3230968205598468,
      "9": 0.3105518845812455,
      "10": 0.3126396365321466,
      "11": 0.32972457415168177,
      "12": 0.32195062432233834,
      "13": 0.33413090551660024,
      "14": 0.32397853543970856,
      "15": 0.3086489720509075
    },
    "9": {
      "0": 0.2792778236731205,
      "1": 0.3184226159168596,
      "2": 0.29767127350093414,
      "3": 0.3150846530801708,
      "4": 0.31303170849081197,
      "5": 0.3032369543703254,
      "6": 0.32428928648888006,
      "7": 0.31853117477680587,
      "8": 0.31515285854273395,
      "9": 0.30465840778166087,
      "10": 0.310306265200876,
      "11": 0.3033488085155498,
      "12": 0.3053350331855288,
      "13": 0.2973401795961853,
      "14": 0.28607648343902636,
      "15": 0.30492062532585607
    },
    "10": {
      "0": 0.30365409593485004,
      "1": 0.29764894898500954,
      "2": 0.3166487094854281,
      "3": 0.32585030827472516,
      "4": 0.31281030029960133,
      "5": 0.30356927298181624,
      "6": 0.3100101733002997,
      "7": 0.31086165379535136,
      "8": 0.3057130959560538,
      "9": 0.3156580816520351,
      "10": 0.30230613520350097,
      "11": 0.30999397193041733,
      "12": 0.29629081110570415,
      "13": 0.30636942381990917,
      "14": 0.2991184127552799,
      "15": 0.2960161862240599
    }
  }
}