{
  "name": "var",
  "dist": {
    "dist_name": "uniform_int",
    "a": 0,
    "b": 16,
    "param_str": "(0,16)"
  },
  "num_samples": 5000,
  "timestamp": "2024-05-07 16:37:06.434036",
  "num_T": 1,
  "num_A": 1,
  "num_iterations": 10,
  "target_init_entropy": 4.0,
  "awae_data": {
    "1": {
      "0": 2.6492919281197067,
      "1": 2.4597985875481245,
      "2": 2.3831547797930686,
      "3": 2.30156147376864,
      "4": 2.240836867177561,
      "5": 2.169026332763121,
      "6": 2.057607507288888,
      "7": 1.9274451465300584,
      "8": 1.9155060522720977,
      "9": 2.0388704096803236,
      "10": 2.138542959519092,
      "11": 2.247129435212914,
      "12": 2.3064663224809445,
      "13": 2.406193456556769,
      "14": 2.485503615480911,
      "15": 2.5936085553332164
    },
    "2": {
      "0": 1.2890125697176764,
      "1": 1.219114661671367,
      "2": 1.1787675803234188,
      "3": 1.1596219415774365,
      "4": 1.1034574211533055,
      "5": 1.0723929511982262,
      "6": 1.0212721193428635,
      "7": 0.9581271519066549,
      "8": 0.9541899723135995,
      "9": 1.0242917557889641,
      "10": 1.0654993036540246,
      "11": 1.091407552437515,
      "12": 1.1486446632319356,
      "13": 1.1758167305751919,
      "14": 1.2230373945112873,
      "15": 1.2930004024760788
    },
    "3": {
      "0": 0.7495953345363497,
      "1": 0.7204959013980203,
      "2": 0.6984773429922514,
      "3": 0.6758171529387745,
      "4": 0.6374953055388126,
      "5": 0.6112841163499341,
      "6": 0.5847283682085144,
      "7": 0.5482150118502204,
      "8": 0.5413053548739065,
      "9": 0.5682725142270936,
      "10": 0.5974689636469821,
      "11": 0.6219870973464364,
      "12": 0.6532532453152986,
      "13": 0.6853686982406952,
      "14": 0.7005167678172916,
      "15": 0.7268306423746517
    },
    "4": {
      "0": 0.49080509665691086,
      "1": 0.48203343965626405,
      "2": 0.4586905560047879,
      "3": 0.4638787462869205,
      "4": 0.44951953333644273,
      "5": 0.419287100714102,
      "6": 0.4062629631919381,
      "7": 0.404456192566955,
      "8": 0.3965419324490117,
      "9": 0.4003015658596333,
      "10": 0.4061031337603119,
      "11": 0.4257110398275187,
      "12": 0.43964476430760413,
      "13": 0.44987572364572337,
      "14": 0.46244356926109076,
      "15": 0.4920165262350179
    },
    "5": {
      "0": 0.4330738952967913,
      "1": 0.40762266156340343,
      "2": 0.43172095538852806,
      "3": 0.41174294185087035,
      "4": 0.41589341872723395,
      "5": 0.3898672531200778,
      "6": 0.40506137957328325,
      "7": 0.3891834233161281,
      "8": 0.39053449022267717,
      "9": 0.3884374544554144,
      "10": 0.3922408122589355,
      "11": 0.38689467448841713,
      "12": 0.3994545746409529,
      "13": 0.4092881132228783,
      "14": 0.4218175410312074,
      "15": 0.4508501991330764
    },
    "6": {
      "0": 0.28729981904725743,
      "1": 0.27806591100099265,
      "2": 0.2719206703555915,
      "3": 0.27888253338587377,
      "4": 0.2532043617013963,
      "5": 0.2575669878512962,
      "6": 0.2448886880242024,
      "7": 0.24458032830706236,
      "8": 0.24812231236826973,
      "9": 0.24953201301921607,
      "10": 0.2525620696032524,
      "11": 0.26675449821926966,
      "12": 0.2749149256758844,
      "13": 0.2817006690449843,
      "14": 0.27224457026445154,
      "15": 0.2708827555652985
    },
    "7": {
      "0": 0.37940991947916736,
      "1": 0.36387680107823933,
      "2": 0.37548250175462894,
      "3": 0.3742874798750159,
      "4": 0.3740727086047574,
      "5": 0.36552651656584123,
      "6": 0.33986788288082737,
      "7": 0.3389689931800534,
      "8": 0.3437143863011587,
      "9": 0.3547949359945993,
      "10": 0.3570172972393236,
      "11": 0.3664117527457872,
      "12": 0.3687721111946571,
      "13": 0.3519473768456521,
      "14": 0.35899104788957975,
      "15": 0.37080944979731967
    },
    "8": {
      "0": 0.31826170326847925,
      "1": 0.31396019759458593,
      "2": 0.3160467578040342,
      "3": 0.3091511295683099,
      "4": 0.3243762848902988,
      "5": 0.3224849768327825,
      "6": 0.32186558707913365,
      "7": 0.31347933284093915,
      "8": 0.32387077903280204,
      "9": 0.31420147086792916,
      "10": 0.3092490205119081,
      "11": 0.31232700109145484,
      "12": 0.33554198026338306,
      "13": 0.31114500055934396,
      "14": 0.31954680736216917,
      "15": 0.3119978303260794
    },
    "9": {
      "0": 0.3166053713713689,
      "1": 0.307614841417427,
      "2": 0.32144950604317934,
      "3": 0.31565872387775695,
      "4": 0.29279548417431805,
      "5": 0.3131887659913419,
      "6": 0.31593831144304835,
      "7": 0.3201702788029875,
      "8": 0.30762071914443406,
      "9": 0.3158255925439904,
      "10": 0.30505229447017823,
      "11": 0.3055250536893065,
      "12": 0.30836495910464673,
      "13": 0.2871916690186344,
      "14": 0.30190818457924984,
      "15": 0.3025553710214758
    },
    "10": {
      "0": 0.29946719434370983,
      "1": 0.3180395197965183,
      "2": 0.307841922279733,
      "3": 0.3192218456772045,
      "4": 0.3179103584982514,
      "5": 0.2967744107584228,
      "6": 0.31859435587345286,
      "7": 0.316659353545919,
      "8": 0.32021215785159224,
      "9": 0.3103823983579586,
      "10": 0.3062774467871373,
      "11": 0.30115742282548996,
      "12": 0.30757945520345703,
      "13": 0.30092719690952874,
      "14": 0.29709806057221133,
      "15": 0.3011038635386777
    }
  },
  "leakage_no_attacker": {
    "1": 0.21503323740033037,
    "2": 0.3400371140991284,
    "3": 0.2415797877511779,
    "4": 0.34134444277282383,
    "5": 0.3145199568483614,
    "6": 0.3591925087390167,
    "7": 0.2331362601091981,
    "8": 0.34463313854049504,
    "9": 0.29252336770542586,
    "10": 0.2973666089689818
  }
}