{
  "name": "var",
  "dist": {
    "dist_name": "uniform_int",
    "a": 0,
    "b": 4,
    "param_str": "(0,4)"
  },
  "num_samples": 5000,
  "timestamp": "2024-05-07 16:30:03.697857",
  "num_T": 1,
  "num_A": 1,
  "num_iterations": 10,
  "target_init_entropy": 2.0,
  "awae_data": {
    "1": {
      "0": 0.9873323342343916,
      "1": 0.7351891998617575,
      "2": 0.7329456036712466,
      "3": 0.9817104644633472
    },
    "2": {
      "0": 0.5803261057786588,
      "1": 0.47028115366911205,
      "2": 0.47203433420785207,
      "3": 0.5792660787473655
    },
    "3": {
      "0": 0.34353529295479657,
      "1": 0.3081345100184352,
      "2": 0.30402580154562026,
      "3": 0.3433652055588401
    },
    "4": {
      "0": 0.22616957117875391,
      "1": 0.21087701013758994,
      "2": 0.21272433803338447,
      "3": 0.2283978725684083
    },
    "5": {
      "0": 0.16792997990589995,
      "1": 0.15519006802872806,
      "2": 0.1559351538423974,
      "3": 0.16518530063321826
    },
    "6": {
      "0": 0.11816044381056416,
      "1": 0.11504210036588902,
      "2": 0.1177119552566441,
      "3": 0.11940992782985478
    },
    "7": {
      "0": 0.10443356300526438,
      "1": 0.09038215658284686,
      "2": 0.08890929440431478,
      "3": 0.10113910909557991
    },
    "8": {
      "0": 0.09465418953420943,
      "1": 0.08689159209049005,
      "2": 0.08737838898348552,
      "3": 0.09176843167261468
    },
    "9": {
      "0": 0.08299656866306862,
      "1": 0.07454105195568253,
      "2": 0.07699089114274113,
      "3": 0.08350016469343424
    },
    "10": {
      "0": 0.06755188581725595,
      "1": 0.06592360713724821,
      "2": 0.0668806083192418,
      "3": 0.0709484943401433
    }
  },
  "leakage_no_attacker": {
    "1": 0.15476795205273003,
    "2": 0.1467909506008746,
    "3": 0.11609177465324291,
    "4": 0.10044525728485368,
    "5": 0.08915912570099514,
    "6": 0.07857422340948918,
    "7": 0.0680103683938375,
    "8": 0.06595611978482328,
    "9": 0.06378555484201245,
    "10": 0.06101252510325596
  }
}