{
  "name": "var",
  "dist": {
    "dist_name": "uniform_int",
    "a": 0,
    "b": 4,
    "param_str": "(0,4)"
  },
  "num_samples": 5000,
  "timestamp": "2024-04-29 16:24:37.151764",
  "num_T": 1,
  "num_A": 1,
  "num_iterations": 10,
  "target_init_entropy": 2.0,
  "awae_data": {
    "1": {
      "0": 0.9881343613160863,
      "1": 0.7369173235566346,
      "2": 0.7312016341981079,
      "3": 0.9808538602333478
    },
    "2": {
      "0": 0.5802185058396969,
      "1": 0.4752894658943455,
      "2": 0.47427786397058763,
      "3": 0.5784893184243859
    },
    "3": {
      "0": 0.34253773890278627,
      "1": 0.30805761797709075,
      "2": 0.30439978570070286,
      "3": 0.3433922766467249
    },
    "4": {
      "0": 0.23133179677837412,
      "1": 0.21298758984241792,
      "2": 0.21407625951699258,
      "3": 0.23219606880497903
    },
    "5": {
      "0": 0.16632984434415082,
      "1": 0.15951645578859866,
      "2": 0.15921380408621555,
      "3": 0.1662210846511983
    },
    "6": {
      "0": 0.11823650387783151,
      "1": 0.12244494510330264,
      "2": 0.11819270157346888,
      "3": 0.11959685043665409
    },
    "7": {
      "0": 0.10496140257955529,
      "1": 0.09262296869890277,
      "2": 0.09025242195968972,
      "3": 0.10275310851753927
    },
    "8": {
      "0": 0.09388277066636909,
      "1": 0.08863037067063292,
      "2": 0.08773724912876438,
      "3": 0.0957965993676846
    },
    "9": {
      "0": 0.08410111415114883,
      "1": 0.0793178293025816,
      "2": 0.07577232499121181,
      "3": 0.08257834070211584
    },
    "10": {
      "0": 0.06721402417747095,
      "1": 0.06331925075761652,
      "2": 0.06331622524286232,
      "3": 0.06713172426486005
    }
  }
}