{
  "name": "var",
  "dist": {
    "dist_name": "uniform_int",
    "a": 0,
    "b": 8,
    "param_str": "(0,8)"
  },
  "num_samples": 5000,
  "timestamp": "2024-05-07 16:33:02.317023",
  "num_T": 1,
  "num_A": 1,
  "num_iterations": 10,
  "target_init_entropy": 3.0,
  "awae_data": {
    "1": {
      "0": 1.8169308580430656,
      "1": 1.5540242399395472,
      "2": 1.4018132115898148,
      "3": 1.2231811436957218,
      "4": 1.2239488344060614,
      "5": 1.4007048183326811,
      "6": 1.5540955504674865,
      "7": 1.821915766143242
    },
    "2": {
      "0": 1.0192522447548416,
      "1": 0.8811612267748309,
      "2": 0.807381595962988,
      "3": 0.7480039626542946,
      "4": 0.751591560036756,
      "5": 0.8002606817584998,
      "6": 0.8772074841883919,
      "7": 1.0112212364309052
    },
    "3": {
      "0": 0.5647253589307379,
      "1": 0.4798377829135017,
      "2": 0.4217041599644181,
      "3": 0.40249523739969406,
      "4": 0.3963167195252231,
      "5": 0.41472702021196206,
      "6": 0.47668163823077875,
      "7": 0.5510549161474826
    },
    "4": {
      "0": 0.31638775226257443,
      "1": 0.2867465490465516,
      "2": 0.2515757627310308,
      "3": 0.23293146032316686,
      "4": 0.23397851313339574,
      "5": 0.24818081636175732,
      "6": 0.2799572162150259,
      "7": 0.32655747678847097
    },
    "5": {
      "0": 0.2128131589093057,
      "1": 0.18644643197232674,
      "2": 0.16638875029520178,
      "3": 0.15446049048132685,
      "4": 0.15324622267720006,
      "5": 0.15904927013873238,
      "6": 0.1831709783328067,
      "7": 0.199994582792493
    },
    "6": {
      "0": 0.133824090365389,
      "1": 0.12662462155845525,
      "2": 0.11306021473429743,
      "3": 0.10530846155893495,
      "4": 0.10697229305536982,
      "5": 0.11499525350771807,
      "6": 0.12582269856706532,
      "7": 0.13981300964699095
    },
    "7": {
      "0": 0.1225921735090588,
      "1": 0.11345800460436535,
      "2": 0.10201645699003073,
      "3": 0.09267790295555843,
      "4": 0.0939316093932114,
      "5": 0.10038325768833045,
      "6": 0.1103183227723111,
      "7": 0.1278038834721334
    },
    "8": {
      "0": 0.12328195037454828,
      "1": 0.11636995435349066,
      "2": 0.10652715962686207,
      "3": 0.0991864889361129,
      "4": 0.09721522777553496,
      "5": 0.10595752941995976,
      "6": 0.11391442809998256,
      "7": 0.12094898055303069
    },
    "9": {
      "0": 0.11845329046643957,
      "1": 0.11368070500951752,
      "2": 0.10109453178072306,
      "3": 0.0985635227657218,
      "4": 0.09568055090826545,
      "5": 0.10014936007010697,
      "6": 0.10882132073553337,
      "7": 0.11955670458219687
    },
    "10": {
      "0": 0.11194701306703245,
      "1": 0.10554165389450443,
      "2": 0.09841165761093433,
      "3": 0.09789075596995744,
      "4": 0.09697835506341909,
      "5": 0.1039781103479627,
      "6": 0.10254775342265432,
      "7": 0.11023625860867108
    }
  },
  "leakage_no_attacker": {
    "1": 0.20487123972060634,
    "2": 0.25418661794445535,
    "3": 0.18529292938697123,
    "4": 0.14862860593186766,
    "5": 0.12174129189010466,
    "6": 0.10327032258475832,
    "7": 0.08211250787575182,
    "8": 0.0900779111841957,
    "9": 0.08572957637708907,
    "10": 0.09781407334532073
  }
}