{
  "name": "var",
  "dist": {
    "dist_name": "uniform_int",
    "a": 0,
    "b": 8,
    "param_str": "(0,8)"
  },
  "num_samples": 5000,
  "timestamp": "2024-04-29 16:26:14.836830",
  "num_T": 1,
  "num_A": 1,
  "num_iterations": 10,
  "target_init_entropy": 3.0,
  "awae_data": {
    "1": {
      "0": 1.818822296167874,
      "1": 1.554790299747736,
      "2": 1.394191192534038,
      "3": 1.22231544333746,
      "4": 1.220715053901116,
      "5": 1.3968647329401063,
      "6": 1.5538731518967688,
      "7": 1.8128519056263248
    },
    "2": {
      "0": 1.0114034036337753,
      "1": 0.8710404393270667,
      "2": 0.7955345067982462,
      "3": 0.741066853461507,
      "4": 0.7403319663098646,
      "5": 0.7985399733351317,
      "6": 0.8758975241355781,
      "7": 1.0135349821702104
    },
    "3": {
      "0": 0.5537663470947244,
      "1": 0.47789397360163355,
      "2": 0.4171148794929179,
      "3": 0.395370405295343,
      "4": 0.3926617344945559,
      "5": 0.41416439036467406,
      "6": 0.4678284600767867,
      "7": 0.5454264974544532
    },
    "4": {
      "0": 0.3212932368427211,
      "1": 0.28329256264693975,
      "2": 0.24985007175078522,
      "3": 0.23570785852002912,
      "4": 0.2332233770841316,
      "5": 0.24460550892138336,
      "6": 0.27927652311383006,
      "7": 0.31650517107840803
    },
    "5": {
      "0": 0.2054130053758782,
      "1": 0.187515205796673,
      "2": 0.16121289764305163,
      "3": 0.15545987060301383,
      "4": 0.15294428801262105,
      "5": 0.16434329278952572,
      "6": 0.18476693964034224,
      "7": 0.20496804428468818
    },
    "6": {
      "0": 0.13848542670509845,
      "1": 0.13157763385466154,
      "2": 0.11748818594814722,
      "3": 0.10914804033088514,
      "4": 0.10815969137617705,
      "5": 0.11769212383461061,
      "6": 0.12848393329272692,
      "7": 0.1368884288793797
    },
    "7": {
      "0": 0.12324568959355373,
      "1": 0.11204002363323447,
      "2": 0.1028418489624748,
      "3": 0.09687463536217379,
      "4": 0.09317342435488365,
      "5": 0.0961648943339938,
      "6": 0.11079122814778423,
      "7": 0.1256232518355288
    },
    "8": {
      "0": 0.12061723653051086,
      "1": 0.11276231512209531,
      "2": 0.10555240794719387,
      "3": 0.10477232001688852,
      "4": 0.10270841839988043,
      "5": 0.10621362909642622,
      "6": 0.11135743920323031,
      "7": 0.11944874457607568
    },
    "9": {
      "0": 0.11858754287344057,
      "1": 0.11324393916518682,
      "2": 0.10001851777844932,
      "3": 0.09796261566231683,
      "4": 0.0980530200632706,
      "5": 0.10043685720897033,
      "6": 0.11303747346298829,
      "7": 0.11845386950689545
    },
    "10": {
      "0": 0.10754912314520182,
      "1": 0.1069783634820047,
      "2": 0.09962582268764023,
      "3": 0.1059207242270425,
      "4": 0.09524007972223687,
      "5": 0.10356846208309314,
      "6": 0.106251349520052,
      "7": 0.11375401913074694
    }
  }
}