{
  "name": "all_fns",
  "dist": {
    "dist_name": "poisson",
    "lam": 1,
    "param_str": "(1)"
  },
  "num_samples": 5000,
  "timestamp": "2024-05-23 11:45:20.394772",
  "num_T": 1,
  "num_A": 1,
  "num_iterations": 10,
  "target_init_entropy": 2.047095585180641,
  "awae_data": {
    "1": {
      "0": 1.1979121818502885,
      "1": 1.198078230992668,
      "2": 1.1981750027739975,
      "3": 1.1981634409998778,
      "4": 1.1982274742875374,
      "5": 1.1985011943927497,
      "6": 1.1987088418579412,
      "7": 1.1987451140807095,
      "8": 1.1988431054450248,
      "9": 1.199002948097999
    },
    "2": {
      "0": 0.8739614327920167,
      "1": 0.8741563167823887,
      "2": 0.8748402430936789,
      "3": 0.873905536368836,
      "4": 0.8740288187471762,
      "5": 0.8740526318948604,
      "6": 0.8741903258046746,
      "7": 0.8744233024577275,
      "8": 0.8743104022978567,
      "9": 0.8744060775050025
    },
    "3": {
      "0": 0.6892645915885139,
      "1": 0.6889294468678002,
      "2": 0.6897859583561484,
      "3": 0.6906239791711777,
      "4": 0.6899505098323344,
      "5": 0.686152003408841,
      "6": 0.6834186856742268,
      "7": 0.6828971437528897,
      "8": 0.6866774838914124,
      "9": 0.6909919153712795
    },
    "4": {
      "0": 0.5681367446160436,
      "1": 0.5672944448342699,
      "2": 0.5627280956753931,
      "3": 0.5649866585177679,
      "4": 0.564003352932401,
      "5": 0.5604348417632725,
      "6": 0.5578094353705099,
      "7": 0.5578727762022553,
      "8": 0.5760089057626937,
      "9": 0.5599194851656264
    },
    "5": {
      "0": 0.49041551652908943,
      "1": 0.4901423626937162,
      "2": 0.4897386480124043,
      "3": 0.4880755894339329,
      "4": 0.47739689010907654,
      "5": 0.4731689210953406,
      "6": 0.46987229904836003,
      "7": 0.47924596307509615,
      "8": 0.47328038966481945,
      "9": 0.4736248608080905
    },
    "6": {
      "0": 0.43405545592158123,
      "1": 0.4343330431239484,
      "2": 0.43116882022990655,
      "3": 0.4292381366773972,
      "4": 0.41567870611698216,
      "5": 0.41032319285217156,
      "6": 0.40917921477245994,
      "7": 0.40815862007166226,
      "8": 0.40794739554683374,
      "9": 0.4075283972078159
    },
    "7": {
      "0": 0.3844727636993421,
      "1": 0.3801604253439757,
      "2": 0.3910422191604007,
      "3": 0.36798572450771144,
      "4": 0.34955021168366796,
      "5": 0.3423438481564509,
      "6": 0.34003036918830415,
      "7": 0.3391995107949762,
      "8": 0.3388384833229043,
      "9": 0.338256863955241
    },
    "8": {
      "0": 0.3428414481755516,
      "1": 0.34133613841490196,
      "2": 0.34948768163028887,
      "3": 0.3274682153633384,
      "4": 0.3055511147397346,
      "5": 0.29603273010127973,
      "6": 0.29410827105806747,
      "7": 0.29319067959395906,
      "8": 0.29283495967030515,
      "9": 0.2952740311418365
    },
    "9": {
      "0": 0.3212020171460201,
      "1": 0.3163231045998439,
      "2": 0.32640175605175104,
      "3": 0.29945388909634596,
      "4": 0.27151494110233704,
      "5": 0.26162658472917755,
      "6": 0.25925148856527047,
      "7": 0.2580196608439696,
      "8": 0.25784455852312166,
      "9": 0.2600991511091804
    },
    "10": {
      "0": 0.2958206393852302,
      "1": 0.29267737848232767,
      "2": 0.304507288951207,
      "3": 0.28106892954422974,
      "4": 0.2525051087724871,
      "5": 0.23951227818154833,
      "6": 0.2369885680968391,
      "7": 0.23590732933206388,
      "8": 0.23525645780501084,
      "9": 0.23643225907832144
    }
  },
  "leakage_no_attacker": {
    "1": 1.1981303237439955,
    "2": 0.8754593429638471,
    "3": 0.6914563665202675,
    "4": 0.5676812767105412,
    "5": 0.4902705551117335,
    "6": 0.4350077125282179,
    "7": 0.39069687677771914,
    "8": 0.3450423848911921,
    "9": 0.325975583932404,
    "10": 0.29621212342263303
  }
}