{
  "name": "all_fns",
  "dist": {
    "dist_name": "poisson",
    "lam": 2,
    "param_str": "(2)"
  },
  "num_samples": 5000,
  "timestamp": "2024-05-23 11:53:15.363014",
  "num_T": 1,
  "num_A": 1,
  "num_iterations": 10,
  "target_init_entropy": 2.547095585180641,
  "awae_data": {
    "1": {
      "0": 1.6591477139163602,
      "1": 1.659575440754845,
      "2": 1.6598454104617026,
      "3": 1.660688132263853,
      "4": 1.660836960948744,
      "5": 1.6609739588542964,
      "6": 1.6609252972726065,
      "7": 1.6597698144558326,
      "8": 1.6596317206949383,
      "9": 1.6603650073127192,
      "10": 1.6608820401929507,
      "11": 1.661367656393511,
      "12": 1.661284800727254,
      "13": 1.66108054877462,
      "14": 1.6666980593624914,
      "15": 1.666348391866523,
      "16": 1.6659421775663052,
      "17": 1.6656102927963026,
      "18": 1.6650975027998052,
      "19": 1.664347466804167
    },
    "2": {
      "0": 1.272701885664905,
      "1": 1.2738295372366193,
      "2": 1.2745263814122822,
      "3": 1.2741943251713888,
      "4": 1.273136433292399,
      "5": 1.2719048994297204,
      "6": 1.2717658822645113,
      "7": 1.2718758992975245,
      "8": 1.2719002234922514,
      "9": 1.2718074024768988,
      "10": 1.2716837139103003,
      "11": 1.2718909454134768,
      "12": 1.2716457176052702,
      "13": 1.2716875107702958,
      "14": 1.2563614650313497,
      "15": 1.2567693659624475,
      "16": 1.256481322061361,
      "17": 1.2564575044261903,
      "18": 1.256647243622424,
      "19": 1.2566151976161113
    },
    "3": {
      "0": 1.0170519599139674,
      "1": 1.016059006421743,
      "2": 1.0165066101686437,
      "3": 1.007805451889996,
      "4": 1.0116318448243453,
      "5": 1.0131367602041244,
      "6": 1.0085959450962776,
      "7": 1.0021912276605343,
      "8": 1.0093797101989703,
      "9": 1.0181846676591992,
      "10": 1.012600797562181,
      "11": 1.0310606227706458,
      "12": 1.0089881262286482,
      "13": 1.0003129781648488,
      "14": 0.9961996255224953,
      "15": 1.0022963532262332,
      "16": 0.9991771454982521,
      "17": 1.0093566928944735,
      "18": 1.006135228265353,
      "19": 1.010854899166771
    },
    "4": {
      "0": 0.8635831687639316,
      "1": 0.8617493705979324,
      "2": 0.8374996218128723,
      "3": 0.8289047485813382,
      "4": 0.8373416968965313,
      "5": 0.831337927441265,
      "6": 0.8270473463772493,
      "7": 0.8232254794724412,
      "8": 0.8227686954463593,
      "9": 0.8190368933832108,
      "10": 0.8155786846626366,
      "11": 0.8174673601924702,
      "12": 0.8154642951869755,
      "13": 0.8073915929954465,
      "14": 0.7977995612156227,
      "15": 0.7879326025228968,
      "16": 0.8064768690485241,
      "17": 0.7945935626714616,
      "18": 0.7931411733947658,
      "19": 0.7890189938944713
    },
    "5": {
      "0": 0.7368888188481508,
      "1": 0.736994288420922,
      "2": 0.6990240289252824,
      "3": 0.7165986120564559,
      "4": 0.6983683943345085,
      "5": 0.6674821161453076,
      "6": 0.6494660065272073,
      "7": 0.6381277527677635,
      "8": 0.6338765989552748,
      "9": 0.6366802506355216,
      "10": 0.6539387637890766,
      "11": 0.6456310700505081,
      "12": 0.6523029053313124,
      "13": 0.6448313957072813,
      "14": 0.6418500490987202,
      "15": 0.6459321847355813,
      "16": 0.6418700598280112,
      "17": 0.6251494724400573,
      "18": 0.6387521611432879,
      "19": 0.6240957611687644
    },
    "6": {
      "0": 0.6485765192103526,
      "1": 0.649036641653036,
      "2": 0.6131235571800214,
      "3": 0.6234611351387367,
      "4": 0.6026403716480074,
      "5": 0.557774715963074,
      "6": 0.5291261881582553,
      "7": 0.517825599568129,
      "8": 0.5119511036590574,
      "9": 0.5092613673318868,
      "10": 0.508057328106682,
      "11": 0.5078624832826826,
      "12": 0.5074600602679398,
      "13": 0.5066344868937249,
      "14": 0.5207912571565244,
      "15": 0.5201900676391952,
      "16": 0.5189380906203089,
      "17": 0.5171809864628175,
      "18": 0.5158846347766662,
      "19": 0.5147125313985739
    },
    "7": {
      "0": 0.5817294799186408,
      "1": 0.5809712926448583,
      "2": 0.5512177559254037,
      "3": 0.5764331634577609,
      "4": 0.5425331415255336,
      "5": 0.4871628398833575,
      "6": 0.45249314398692864,
      "7": 0.44020031648998587,
      "8": 0.43580096275543545,
      "9": 0.4341898893740126,
      "10": 0.43369298215757146,
      "11": 0.443561249613576,
      "12": 0.43750074910911163,
      "13": 0.4462139666808529,
      "14": 0.423475357088821,
      "15": 0.4216783430629052,
      "16": 0.4216068991901164,
      "17": 0.4225309268102059,
      "18": 0.4161381920496387,
      "19": 0.4189299609913282
    },
    "8": {
      "0": 0.5259774365135499,
      "1": 0.5257395800218514,
      "2": 0.49599886951370264,
      "3": 0.5180968418275823,
      "4": 0.4888305583677893,
      "5": 0.43190285097836634,
      "6": 0.3961495244211401,
      "7": 0.38753094237222785,
      "8": 0.3826795569298885,
      "9": 0.38135894162804856,
      "10": 0.3866104383472004,
      "11": 0.38428067635158447,
      "12": 0.3916085344534499,
      "13": 0.38892642845341824,
      "14": 0.39377283956939396,
      "15": 0.3993480860626151,
      "16": 0.39308010696826734,
      "17": 0.3876029944182504,
      "18": 0.3938913431731801,
      "19": 0.387875772303523
    },
    "9": {
      "0": 0.508647704044253,
      "1": 0.5104284102705846,
      "2": 0.49044009948801487,
      "3": 0.5096742333575028,
      "4": 0.47835025836306233,
      "5": 0.4166811728517278,
      "6": 0.37691652011779614,
      "7": 0.3650867809975447,
      "8": 0.3606644896834942,
      "9": 0.3619244600333035,
      "10": 0.36098830948124266,
      "11": 0.36406601737542693,
      "12": 0.3720384132257366,
      "13": 0.3646787626664466,
      "14": 0.3522761208057984,
      "15": 0.35136673439721033,
      "16": 0.34569011796572713,
      "17": 0.35284580388507863,
      "18": 0.3473746232450298,
      "19": 0.3494960267530789
    },
    "10": {
      "0": 0.4876237471925552,
      "1": 0.4846300342282171,
      "2": 0.4552101338701364,
      "3": 0.4850208097075416,
      "4": 0.45678572124954486,
      "5": 0.3978599688804908,
      "6": 0.35320617902551865,
      "7": 0.33752474754101025,
      "8": 0.33242892377587835,
      "9": 0.3315462202730998,
      "10": 0.33191822522593395,
      "11": 0.3378932563025614,
      "12": 0.3358736077879989,
      "13": 0.3311398788249287,
      "14": 0.32633650890211396,
      "15": 0.33511303324808817,
      "16": 0.3234486349575021,
      "17": 0.3241064819507502,
      "18": 0.3255503893080458,
      "19": 0.32599318895346086
    }
  },
  "leakage_no_attacker": {
    "1": 1.6609171339330309,
    "2": 1.2767985668247728,
    "3": 1.0241133469880235,
    "4": 0.8632321547180188,
    "5": 0.7322241471646296,
    "6": 0.649482486985516,
    "7": 0.583290641743842,
    "8": 0.5276873949981189,
    "9": 0.5113444832767249,
    "10": 0.4876894853093258
  }
}