{
  "name": "all_fns",
  "dist": {
    "dist_name": "poisson",
    "lam": 4,
    "param_str": "(4)"
  },
  "num_samples": 5000,
  "timestamp": "2024-05-23 12:04:57.949017",
  "num_T": 1,
  "num_A": 1,
  "num_iterations": 10,
  "target_init_entropy": 3.047095585180641,
  "awae_data": {
    "1": {
      "0": 2.141942302420156,
      "1": 2.1422186618180667,
      "2": 2.142230191314304,
      "3": 2.1423073341257672,
      "4": 2.1425359367606447,
      "5": 2.143745463759829,
      "6": 2.1446146298401003,
      "7": 2.1449851105532387,
      "8": 2.144672978882285,
      "9": 2.1443322688785935,
      "10": 2.143333762066748,
      "11": 2.142890586992986,
      "12": 2.1428653314600905,
      "13": 2.143689957156543,
      "14": 2.147109953355816,
      "15": 2.1475962989042845,
      "16": 2.1476918977556965,
      "17": 2.147531587040141,
      "18": 2.1477439361813593,
      "19": 2.147509012872038,
      "20": 2.1471173172340263,
      "21": 2.1466554062716066,
      "22": 2.1461313359354235,
      "23": 2.145341111417893,
      "24": 2.144074384773017,
      "25": 2.1434870515148567,
      "26": 2.14308600618402,
      "27": 2.142346658978545,
      "28": 2.152095547230176,
      "29": 2.151973055901766,
      "30": 2.1357385547672747,
      "31": 2.1357983653604693,
      "32": 2.1514414077636888,
      "33": 2.1514647512125196,
      "34": 2.151343816383376,
      "35": 2.1514529921097996,
      "36": 2.1517828388014735,
      "37": 2.1516033514223243,
      "38": 2.1514799893835215,
      "39": 2.151492421550767
    },
    "2": {
      "0": 1.6983845571455713,
      "1": 1.7006901184715768,
      "2": 1.7024776240197848,
      "3": 1.7026814653795923,
      "4": 1.701452071769695,
      "5": 1.6993078182235397,
      "6": 1.698004762868872,
      "7": 1.6928651267306005,
      "8": 1.6893289200697672,
      "9": 1.6879144257129866,
      "10": 1.6876047106152463,
      "11": 1.688472985196413,
      "12": 1.6883979008146361,
      "13": 1.6883804677945136,
      "14": 1.6942931929959737,
      "15": 1.6927117448010764,
      "16": 1.6919120164229728,
      "17": 1.691662222134984,
      "18": 1.691570883298088,
      "19": 1.692219583850197,
      "20": 1.6932350683816328,
      "21": 1.6940279269637748,
      "22": 1.6948889690093367,
      "23": 1.6953044797013885,
      "24": 1.6961152972624365,
      "25": 1.6965823622976317,
      "26": 1.6970410400140097,
      "27": 1.6970428993181539,
      "28": 1.701550925417528,
      "29": 1.701829911873111,
      "30": 1.7042550258222537,
      "31": 1.7047358143128974,
      "32": 1.703775791930611,
      "33": 1.7044670067844443,
      "34": 1.7036402891546651,
      "35": 1.7037680944869316,
      "36": 1.7031897467634998,
      "37": 1.7020977715919643,
      "38": 1.701506492493492,
      "39": 1.6992191933308107
    },
    "3": {
      "0": 1.403723513634571,
      "1": 1.4032856158963747,
      "2": 1.4031376253974113,
      "3": 1.3945622223831853,
      "4": 1.3789573690260226,
      "5": 1.372609554948037,
      "6": 1.3761256257519592,
      "7": 1.3713809704264115,
      "8": 1.3688789403972665,
      "9": 1.3592649554589546,
      "10": 1.3475947447347958,
      "11": 1.343763161538924,
      "12": 1.3311016680492347,
      "13": 1.329499014485072,
      "14": 1.332285203994151,
      "15": 1.3253236797637853,
      "16": 1.3277926868345902,
      "17": 1.3306232177635922,
      "18": 1.327566629852259,
      "19": 1.3313252477624773,
      "20": 1.3316355146180736,
      "21": 1.3356295836528926,
      "22": 1.337539435274633,
      "23": 1.3395869156673412,
      "24": 1.3298419661503353,
      "25": 1.3172042737420069,
      "26": 1.3053897110054975,
      "27": 1.3059325548556155,
      "28": 1.3058545158287962,
      "29": 1.306049665979469,
      "30": 1.3047305683188817,
      "31": 1.2963519402051356,
      "32": 1.2912366353138995,
      "33": 1.2976418607952405,
      "34": 1.3069269946744344,
      "35": 1.3045802542164364,
      "36": 1.2946734985901558,
      "37": 1.2950636646113707,
      "38": 1.3018750262622696,
      "39": 1.3019543102426472
    },
    "4": {
      "0": 1.1969714184584528,
      "1": 1.192233636944309,
      "2": 1.1855080019639277,
      "3": 1.162905582913169,
      "4": 1.127608866806089,
      "5": 1.1189083980300567,
      "6": 1.1221239165997028,
      "7": 1.097408949218773,
      "8": 1.081178146739875,
      "9": 1.0750341137502955,
      "10": 1.055297313741859,
      "11": 1.0497011007475567,
      "12": 1.0474067194213603,
      "13": 1.0332689024964925,
      "14": 1.006629229896277,
      "15": 0.9946172095921751,
      "16": 0.9919928407857309,
      "17": 0.9944438973125452,
      "18": 0.990117821935917,
      "19": 0.9853138026583961,
      "20": 0.9824690786977403,
      "21": 0.9779346715219281,
      "22": 0.9747344060138966,
      "23": 0.9763096729958491,
      "24": 0.9814981046382181,
      "25": 0.9856864720455578,
      "26": 0.9643019193535041,
      "27": 0.9621321524099645,
      "28": 0.9675915870467451,
      "29": 0.9782480796002326,
      "30": 0.9730233664114041,
      "31": 0.9794928542629894,
      "32": 0.9614100621773269,
      "33": 0.9584057342426616,
      "34": 0.9569353709188004,
      "35": 0.9556748685930152,
      "36": 0.9575698881814759,
      "37": 0.957170121479631,
      "38": 0.9568239993687626,
      "39": 0.9528270569380728
    },
    "5": {
      "0": 1.0217903777000756,
      "1": 1.0212306778246654,
      "2": 1.0197956289454422,
      "3": 0.9960148036968427,
      "4": 0.9788051425776239,
      "5": 0.9968549182601887,
      "6": 0.9666767435848772,
      "7": 0.9149620137793392,
      "8": 0.8714320394669857,
      "9": 0.8476889513371099,
      "10": 0.8375888143398486,
      "11": 0.8419742650613073,
      "12": 0.8369304258833961,
      "13": 0.8279440286894545,
      "14": 0.8192180527584739,
      "15": 0.8131939992593396,
      "16": 0.8064396013175628,
      "17": 0.8049816338631889,
      "18": 0.8011487840966435,
      "19": 0.7921012350228194,
      "20": 0.7927210340153862,
      "21": 0.7877048453227549,
      "22": 0.7793713585197354,
      "23": 0.7742237642946865,
      "24": 0.7748624991895628,
      "25": 0.7850560813504582,
      "26": 0.7745896240163404,
      "27": 0.757065218617136,
      "28": 0.7496393094417841,
      "29": 0.7507366900919459,
      "30": 0.7639429883213403,
      "31": 0.7590630758892641,
      "32": 0.7328593915306221,
      "33": 0.7237034928589063,
      "34": 0.7207619387272242,
      "35": 0.7222778738706526,
      "36": 0.7341051595713841,
      "37": 0.7185269562330594,
      "38": 0.7158364595743152,
      "39": 0.7098176659226039
    },
    "6": {
      "0": 0.9155977761352851,
      "1": 0.9153109919611442,
      "2": 0.910079652837904,
      "3": 0.8993568528119702,
      "4": 0.8564375618532498,
      "5": 0.8620328070191956,
      "6": 0.8524975084606407,
      "7": 0.7983163186460234,
      "8": 0.7511356354784333,
      "9": 0.7164663044978832,
      "10": 0.695624882051495,
      "11": 0.6804755448977653,
      "12": 0.67318249818189,
      "13": 0.671518611878407,
      "14": 0.6593261171622748,
      "15": 0.6598138939750402,
      "16": 0.6589065085480794,
      "17": 0.6552867329341956,
      "18": 0.6580351514179676,
      "19": 0.6579154478073846,
      "20": 0.656416503468323,
      "21": 0.6537875838082925,
      "22": 0.6525643009631443,
      "23": 0.6471726192019825,
      "24": 0.6417134346269995,
      "25": 0.6385834048823025,
      "26": 0.6351729339259478,
      "27": 0.6315518988276141,
      "28": 0.6497573351746265,
      "29": 0.6466128272164587,
      "30": 0.6265349759657605,
      "31": 0.6230256461876329,
      "32": 0.6415735894129277,
      "33": 0.6396649792970923,
      "34": 0.6399773784072549,
      "35": 0.6378431685416641,
      "36": 0.6379402924842434,
      "37": 0.6374108288134576,
      "38": 0.6343111999142488,
      "39": 0.6301866480748599
    },
    "7": {
      "0": 0.8258933248146519,