{
  "name": "median",
  "dist": {
    "dist_name": "uniform_int",
    "a": 0,
    "b": 16,
    "param_str": "(0,16)"
  },
  "num_samples": 1000,
  "num_T": 1,
  "num_A": 1,
  "num_iterations": 10,
  "target_init_entropy": 4.0,
  "awae_data": {
    "1": {
      "0": 1.027780700944677,
      "1": 0.9832203841668166,
      "2": 0.9003697120809395,
      "3": 0.8178480880960007,
      "4": 0.76378972769082,
      "5": 0.7128438350797723,
      "6": 0.6603773028884816,
      "7": 0.6506735956715769,
      "8": 0.6623853060836966,
      "9": 0.666554570668921,
      "10": 0.7022669162442894,
      "11": 0.7676952580493576,
      "12": 0.8433575225487628,
      "13": 0.8608469876289824,
      "14": 0.9612915074326753,
      "15": 1.0346942281662337
    },
    "2": {
      "0": 0.2687281227707312,
      "1": 0.2975865429881962,
      "2": 0.33290595162408476,
      "3": 0.3843160962833726,
      "4": 0.41419056047734826,
      "5": 0.4490943258243242,
      "6": 0.45379802691428794,
      "7": 0.4460375807389008,
      "8": 0.4573884439900165,
      "9": 0.434020894236681,
      "10": 0.4403793169868756,
      "11": 0.39584357033331746,
      "12": 0.36181150600245426,
      "13": 0.34555810162312983,
      "14": 0.30634279254262486,
      "15": 0.28309067374130803
    },
    "3": {
      "0": 0.3892562328439564,
      "1": 0.3621602388492806,
      "2": 0.3306455940740429,
      "3": 0.35273801741367017,
      "4": 0.3068133780848471,
      "5": 0.29731296140915225,
      "6": 0.2999649830645466,
      "7": 0.27675398526039957,
      "8": 0.2913558493622199,
      "9": 0.28344413110979993,
      "10": 0.3084959783337945,
      "11": 0.30195378953619045,
      "12": 0.3424455077042364,
      "13": 0.3358161686969917,
      "14": 0.35783945285177826,
      "15": 0.372782313399891
    },
    "4": {
      "0": 0.15737669436526663,
      "1": 0.16543387365488224,
      "2": 0.17825400795135898,
      "3": 0.17488358077275615,
      "4": 0.19856982129621276,
      "5": 0.2035729861009136,
      "6": 0.20858885625328924,
      "7": 0.22675782828925506,
      "8": 0.21354102442246722,
      "9": 0.22110451081486718,
      "10": 0.21120541715156388,
      "11": 0.20096296219456997,
      "12": 0.1811599823384301,
      "13": 0.15976963598580152,
      "14": 0.16097558684539795,
      "15": 0.16004612764042805
    },
    "5": {
      "0": 0.2231940186058659,
      "1": 0.225817446387005,
      "2": 0.2148939259815131,
      "3": 0.20660131426646888,
      "4": 0.19367581446693016,
      "5": 0.18795265334853242,
      "6": 0.1799979844817198,
      "7": 0.180493914956059,
      "8": 0.17346115913842386,
      "9": 0.19213715468507253,
      "10": 0.17472563030815508,
      "11": 0.18999926832042777,
      "12": 0.20470790013072637,
      "13": 0.20542228759847436,
      "14": 0.22454670086368583,
      "15": 0.20668615828440523
    },
    "6": {
      "0": 0.12747004804760304,
      "1": 0.1286318643365598,
      "2": 0.11695778867925724,
      "3": 0.13054234143930893,
      "4": 0.12815362697142177,
      "5": 0.14577657554738305,
      "6": 0.13968761235826094,
      "7": 0.13857890817300703,
      "8": 0.14866254319983688,
      "9": 0.13856882310687893,
      "10": 0.14883843167516414,
      "11": 0.13781449443479402,
      "12": 0.13060008531009273,
      "13": 0.13000940882152098,
      "14": 0.1256451441354561,
      "15": 0.12130612725227015
    },
    "7": {
      "0": 0.16611778868707242,
      "1": 0.142417507421792,
      "2": 0.1426386400999688,
      "3": 0.1386475468611387,
      "4": 0.15210212109630578,
      "5": 0.1357344057206754,
      "6": 0.1371478213504863,
      "7": 0.1327949612241665,
      "8": 0.12475900226411993,
      "9": 0.13645535478521822,
      "10": 0.14138462902409338,
      "11": 0.14764443730710586,
      "12": 0.14500617649138078,
      "13": 0.14967124521401504,
      "14": 0.15694317613491243,
      "15": 0.14942910875472726
    },
    "8": {
      "0": 0.10270701284943481,
      "1": 0.10860147569073213,
      "2": 0.10316556697691667,
      "3": 0.09708825231033394,
      "4": 0.11374137473143656,
      "5": 0.11412919735422733,
      "6": 0.11786309840627748,
      "7": 0.11092818525203327,
      "8": 0.10992854247427346,
      "9": 0.10585585961114516,
      "10": 0.10615736927448813,
      "11": 0.10340419740953588,
      "12": 0.09618002451012056,
      "13": 0.09966104108241994,
      "14": 0.10372693437247624,
      "15": 0.10115830450349575
    },
    "9": {
      "0": 0.11588259984424935,
      "1": 0.1222725652219814,
      "2": 0.11122248114413866,
      "3": 0.11432731600149537,
      "4": 0.11245230692105548,
      "5": 0.11318060083491015,
      "6": 0.11536476984513715,
      "7": 0.10347247729123524,
      "8": 0.10536230949088372,
      "9": 0.1086966680815584,
      "10": 0.09936924183597236,
      "11": 0.11761798798884233,
      "12": 0.11276845174018853,
      "13": 0.11377397149324572,
      "14": 0.1261861444039237,
      "15": 0.11966300095624256
    },
    "10": {
      "0": 0.09170991315058057,
      "1": 0.09683084252847726,
      "2": 0.0905880530996391,
      "3": 0.08543195729155148,
      "4": 0.08009499977239937,
      "5": 0.0909262201358115,
      "6": 0.0916521129326944,
      "7": 0.09376935282336865,
      "8": 0.08795445393446905,
      "9": 0.08992598260433617,
      "10": 0.09428472119351942,
      "11": 0.10051895705658942,
      "12": 0.09186358902456253,
      "13": 0.08721890693090004,
      "14": 0.09455937631512963,
      "15": 0.08752059217504655
    }
  }
}