{
  "name": "median",
  "dist": {
    "dist_name": "uniform_int",
    "a": 0,
    "b": 16,
    "param_str": "(0,16)"
  },
  "num_samples": 5000,
  "timestamp": "2024-04-29 16:36:31.500306",
  "num_T": 1,
  "num_A": 1,
  "num_iterations": 10,
  "target_init_entropy": 4.0,
  "awae_data": {
    "1": {
      "0": 1.4940137638506439,
      "1": 1.3991368573986511,
      "2": 1.2890581627368347,
      "3": 1.1848878159779126,
      "4": 1.0941936877966105,
      "5": 1.0261895758035369,
      "6": 0.977423970275399,
      "7": 0.9483339225954543,
      "8": 0.9509930722812173,
      "9": 0.9738927487617678,
      "10": 1.0181066206247986,
      "11": 1.08530790032348,
      "12": 1.178494475194758,
      "13": 1.281710835454589,
      "14": 1.3859078778269285,
      "15": 1.4791672924986226
    },
    "2": {
      "0": 0.3567282691166072,
      "1": 0.3984168953410652,
      "2": 0.4512602599687606,
      "3": 0.5056563591192023,
      "4": 0.54837476730603,
      "5": 0.5859275925962562,
      "6": 0.6091531224898803,
      "7": 0.6189138531402167,
      "8": 0.6187283734885003,
      "9": 0.6079523276434389,
      "10": 0.5859850211946827,
      "11": 0.5497602738287831,
      "12": 0.5037477373451258,
      "13": 0.4509972954410218,
      "14": 0.3989934544329997,
      "15": 0.3539657225100943
    },
    "3": {
      "0": 0.5174583165688971,
      "1": 0.5083485038151576,
      "2": 0.48798044794740464,
      "3": 0.4584316171290874,
      "4": 0.42710478135747654,
      "5": 0.40264986583905193,
      "6": 0.3850751941004456,
      "7": 0.3756344518402385,
      "8": 0.37608283749829313,
      "9": 0.38251844046235634,
      "10": 0.4019925142467839,
      "11": 0.4248005893860734,
      "12": 0.45262502154241047,
      "13": 0.4778554840868603,
      "14": 0.5109624505073123,
      "15": 0.520504983195768
    },
    "4": {
      "0": 0.19345250569128816,
      "1": 0.1971302756727155,
      "2": 0.20839616777899722,
      "3": 0.22561348687265004,
      "4": 0.2428368818517035,
      "5": 0.2604532336529958,
      "6": 0.2773002294520049,
      "7": 0.283721752176491,
      "8": 0.2808074055494307,
      "9": 0.26992722990113166,
      "10": 0.2569451224711357,
      "11": 0.2397406091261458,
      "12": 0.22049689100526285,
      "13": 0.2046275551981826,
      "14": 0.19341673501309742,
      "15": 0.1906310259371239
    },
    "5": {
      "0": 0.29058958940350565,
      "1": 0.2885819706806646,
      "2": 0.2840722913848611,
      "3": 0.27275428419940123,
      "4": 0.26013643561198657,
      "5": 0.24545184500348677,
      "6": 0.23362831231016443,
      "7": 0.22551839920288602,
      "8": 0.22402468168887557,
      "9": 0.23308011642875703,
      "10": 0.24668766738267286,
      "11": 0.2615673443198479,
      "12": 0.2767752273324372,
      "13": 0.28714743107112517,
      "14": 0.2902564836438765,
      "15": 0.29260319847317307
    },
    "6": {
      "0": 0.1416644451062235,
      "1": 0.14092792228212114,
      "2": 0.14204961945343975,
      "3": 0.1475288783221833,
      "4": 0.15518248342281005,
      "5": 0.16459777452037008,
      "6": 0.17375787270374762,
      "7": 0.17677201179853214,
      "8": 0.17638052210518526,
      "9": 0.1733741255171705,
      "10": 0.16393225027047306,
      "11": 0.15548084329117093,
      "12": 0.14736775664564056,
      "13": 0.14145908005179683,
      "14": 0.13955476052811305,
      "15": 0.13990492536023
    },
    "7": {
      "0": 0.20411578705992253,
      "1": 0.20238457189973985,
      "2": 0.20102789820735226,
      "3": 0.19583337967410597,
      "4": 0.18811044996135168,
      "5": 0.17631077880349597,
      "6": 0.16638463563884895,
      "7": 0.16009983000744618,
      "8": 0.1597086042022362,
      "9": 0.1626343809800288,
      "10": 0.17254774974681636,
      "11": 0.18241670675829272,
      "12": 0.18895903275746595,
      "13": 0.19298419949517584,
      "14": 0.19646806408386885,
      "15": 0.19782731691135028
    },
    "8": {
      "0": 0.10795827577203485,
      "1": 0.10762003171816321,
      "2": 0.10754658849189067,
      "3": 0.10869834240381726,
      "4": 0.11303076350325174,
      "5": 0.11617273957603688,
      "6": 0.1200327996217924,
      "7": 0.12174673625685098,
      "8": 0.12335851471827874,
      "9": 0.11929042563979078,
      "10": 0.11707848917590917,
      "11": 0.11207241325152015,
      "12": 0.10784739425463952,
      "13": 0.10748184573356812,
      "14": 0.11077894184477506,
      "15": 0.1114815232981782
    },
    "9": {
      "0": 0.14173789566661424,
      "1": 0.14109307635069107,
      "2": 0.1398764664703526,
      "3": 0.13857181426427337,
      "4": 0.13427158567730194,
      "5": 0.1276140583630114,
      "6": 0.12196457938256502,
      "7": 0.11800665418560537,
      "8": 0.11779737390273806,
      "9": 0.12160733981677274,
      "10": 0.12571964120323748,
      "11": 0.13146717589234308,
      "12": 0.13615248245123884,
      "13": 0.13808691937854967,
      "14": 0.14879780763682932,
      "15": 0.14906703713326527
    },
    "10": {
      "0": 0.0923481871312332,
      "1": 0.09237738195351192,
      "2": 0.0917203674265129,
      "3": 0.0924133924176266,
      "4": 0.09488176978289012,
      "5": 0.09871958856140672,
      "6": 0.10021091941762447,
      "7": 0.10180687939523665,
      "8": 0.10280065889961236,
      "9": 0.1015302370129256,
      "10": 0.0988195643802586,
      "11": 0.09633968176365519,
      "12": 0.09391151271206546,
      "13": 0.09277118310562023,
      "14": 0.09430911590191164,
      "15": 0.09451490037307782
    }
  }
}