{
  "name": "median",
  "dist": {
    "dist_name": "uniform_int",
    "a": 0,
    "b": 16,
    "param_str": "(0,16)"
  },
  "num_samples": 5000,
  "timestamp": "2024-05-07 16:49:39.128799",
  "num_T": 1,
  "num_A": 1,
  "num_iterations": 10,
  "target_init_entropy": 4.0,
  "awae_data": {
    "1": {
      "0": 1.4835899010789508,
      "1": 1.3863501688743147,
      "2": 1.27788000368286,
      "3": 1.173393684900024,
      "4": 1.0831245524281081,
      "5": 1.0136472338847822,
      "6": 0.9697247338135497,
      "7": 0.9480168410898612,
      "8": 0.9492436259952723,
      "9": 0.9744740520371238,
      "10": 1.024048077105488,
      "11": 1.0936734150615652,
      "12": 1.1831712326599146,
      "13": 1.2881578817452932,
      "14": 1.396895080577056,
      "15": 1.4902345971722144
    },
    "2": {
      "0": 0.3544076176563197,
      "1": 0.3958493482566316,
      "2": 0.44805120420052874,
      "3": 0.5006558888835859,
      "4": 0.5482004851625393,
      "5": 0.5841246946966002,
      "6": 0.6105935072461993,
      "7": 0.6190964666257406,
      "8": 0.6224516412446578,
      "9": 0.6082815844982197,
      "10": 0.5850494705775436,
      "11": 0.5449676736770723,
      "12": 0.4982757557262766,
      "13": 0.4481136051341498,
      "14": 0.3932806655185647,
      "15": 0.3523098294114135
    },
    "3": {
      "0": 0.5175151966405693,
      "1": 0.5096785374597789,
      "2": 0.49098320025146275,
      "3": 0.4649547792750831,
      "4": 0.4346166174035173,
      "5": 0.40908889280535254,
      "6": 0.39014124799709604,
      "7": 0.3791516024039072,
      "8": 0.37889212304676223,
      "9": 0.39016640767764293,
      "10": 0.40922920710070815,
      "11": 0.43110436674002495,
      "12": 0.45975539568877444,
      "13": 0.48753713370786544,
      "14": 0.4994090240539921,
      "15": 0.5075069575593818
    },
    "4": {
      "0": 0.19732949757316234,
      "1": 0.19971393248932687,
      "2": 0.2092009786513978,
      "3": 0.22635417822882697,
      "4": 0.24817461588991505,
      "5": 0.26634873797150393,
      "6": 0.28007218692584157,
      "7": 0.283661577692323,
      "8": 0.2859683499632549,
      "9": 0.27755854884716835,
      "10": 0.2619906811625655,
      "11": 0.24627972112296725,
      "12": 0.2275492811100918,
      "13": 0.21385267679911726,
      "14": 0.19397646857200668,
      "15": 0.19204765978587957
    },
    "5": {
      "0": 0.2878483854266958,
      "1": 0.28597195173652135,
      "2": 0.2807463353961393,
      "3": 0.27132592685618706,
      "4": 0.2591609112515586,
      "5": 0.24687863276207253,
      "6": 0.2345304613122181,
      "7": 0.22732377975749124,
      "8": 0.22837062671244,
      "9": 0.2369197330910328,
      "10": 0.24732677736279746,
      "11": 0.26102359216596843,
      "12": 0.27634374438807024,
      "13": 0.2848550710650673,
      "14": 0.28944972302152683,
      "15": 0.29214120494153395
    },
    "6": {
      "0": 0.1369101834225518,
      "1": 0.1365801763114112,
      "2": 0.1387171951758277,
      "3": 0.14508932632936933,
      "4": 0.15281361527143394,
      "5": 0.16334566836568612,
      "6": 0.17107990072592782,
      "7": 0.17419212372619494,
      "8": 0.17517562648211363,
      "9": 0.1696355102104692,
      "10": 0.16208070852748607,
      "11": 0.15499357035730818,
      "12": 0.14583327169224153,
      "13": 0.14021435501524301,
      "14": 0.13625922320115078,
      "15": 0.13652105034155768
    },
    "7": {
      "0": 0.19715949364224156,
      "1": 0.19585133460447726,
      "2": 0.19433104895625095,
      "3": 0.18969667309979402,
      "4": 0.18200543328268343,
      "5": 0.1724883141965936,
      "6": 0.16300549872704134,
      "7": 0.15781901249429175,
      "8": 0.15866328328174964,
      "9": 0.16271128749761837,
      "10": 0.16990233357784854,
      "11": 0.17911974985352574,
      "12": 0.18757788143570597,
      "13": 0.19129747040713474,
      "14": 0.19357094591284554,
      "15": 0.19459730821604573
    },
    "8": {
      "0": 0.10904685917049847,
      "1": 0.10870870074376056,
      "2": 0.10858248998191158,
      "3": 0.11048288788683654,
      "4": 0.11503659647647427,
      "5": 0.11944215875500501,
      "6": 0.12360498789358858,
      "7": 0.12545930212440864,
      "8": 0.12695218992049334,
      "9": 0.12503144602053234,
      "10": 0.12036458198511499,
      "11": 0.11774241183465439,
      "12": 0.11455536908160746,
      "13": 0.11238731823816361,
      "14": 0.11012165914097423,
      "15": 0.11033827464827084
    },
    "9": {
      "0": 0.14844694489967192,
      "1": 0.14817605172181156,
      "2": 0.1467809516353718,
      "3": 0.14480851273095977,
      "4": 0.13953878679390733,
      "5": 0.13286731766298818,
      "6": 0.12632057193311413,
      "7": 0.12398880632844973,
      "8": 0.12512356665192895,
      "9": 0.12923572158753502,
      "10": 0.13517792746717663,
      "11": 0.14219522898484055,
      "12": 0.1472047156024718,
      "13": 0.14787131836587553,
      "14": 0.14445446502993817,
      "15": 0.1450339211872668
    },
    "10": {
      "0": 0.09191892139152792,
      "1": 0.09180577974545182,
      "2": 0.09180741687048175,
      "3": 0.0928366657088367,
      "4": 0.09487241361245191,
      "5": 0.0975420928620922,
      "6": 0.10151133012465818,
      "7": 0.10272837695253409,
      "8": 0.10370173162900109,
      "9": 0.10388988200868332,
      "10": 0.10242030041270808,
      "11": 0.10022061434954307,
      "12": 0.09825342702916588,
      "13": 0.09681526778397195,
      "14": 0.09351675744745964,
      "15": 0.09389020910784605
    }
  },
  "leakage_no_attacker": {
    "1": 0.7168037631066965,
    "2": 0.7697956062005659,
    "3": 0.2417590462233476,
    "4": 0.3863319204023472,
    "5": 0.159191356676692,
    "6": 0.2379979625332683,
    "7": 0.1215791900084912,
    "8": 0.16826250240477797,
    "9": 0.1029523794721543,
    "10": 0.13262003461318314
  }
}