{
  "name": "median",
  "dist": {
    "dist_name": "uniform_int",
    "a": 0,
    "b": 4,
    "param_str": "(0,4)"
  },
  "num_samples": 5000,
  "timestamp": "2024-04-29 16:31:17.593628",
  "num_T": 1,
  "num_A": 1,
  "num_iterations": 10,
  "target_init_entropy": 2.0,
  "awae_data": {
    "1": {
      "0": 0.6671801317473396,
      "1": 0.4990986629180192,
      "2": 0.5053549340635249,
      "3": 0.6815861510776499
    },
    "2": {
      "0": 0.32324947175139485,
      "1": 0.36211713097906195,
      "2": 0.3658431912693307,
      "3": 0.3294753661390857
    },
    "3": {
      "0": 0.23670463496042582,
      "1": 0.18656957693939114,
      "2": 0.19092466654757498,
      "3": 0.23984144978824737
    },
    "4": {
      "0": 0.17485028429361843,
      "1": 0.17533508598871184,
      "2": 0.17519898556986704,
      "3": 0.17348904587833586
    },
    "5": {
      "0": 0.1399246125034051,
      "1": 0.11405251304562052,
      "2": 0.11769646220056836,
      "3": 0.1403031768220666
    },
    "6": {
      "0": 0.12446225304268985,
      "1": 0.11834606287448016,
      "2": 0.12014114371637304,
      "3": 0.1283288686829934
    },
    "7": {
      "0": 0.09144418932108733,
      "1": 0.076438440881838,
      "2": 0.0766550298222319,
      "3": 0.09286685968100601
    },
    "8": {
      "0": 0.09445581732621108,
      "1": 0.08360509219193304,
      "2": 0.08322747387174645,
      "3": 0.0899923581011303
    },
    "9": {
      "0": 0.0684919505592156,
      "1": 0.05782247241468241,
      "2": 0.05957752066184026,
      "3": 0.06821240833064364
    },
    "10": {
      "0": 0.06987889074485373,
      "1": 0.06305700242286008,
      "2": 0.06349112509815873,
      "3": 0.07053631797249822
    }
  }
}