{
  "name": "median",
  "dist": {
    "dist_name": "uniform_int",
    "a": 0,
    "b": 4,
    "param_str": "(0,4)"
  },
  "num_samples": 1000,
  "num_T": 1,
  "num_A": 1,
  "num_iterations": 10,
  "target_init_entropy": 2.0,
  "awae_data": {
    "1": {
      "0": 0.47994484426988454,
      "1": 0.3452115966498619,
      "2": 0.33684947654912817,
      "3": 0.4619305783439872
    },
    "2": {
      "0": 0.22487283216330467,
      "1": 0.2565881354688702,
      "2": 0.24994200019429486,
      "3": 0.22414234786689743
    },
    "3": {
      "0": 0.1588154223013181,
      "1": 0.12572524229064355,
      "2": 0.1311962194206398,
      "3": 0.1565658831846116
    },
    "4": {
      "0": 0.1167262547280645,
      "1": 0.12693538463115125,
      "2": 0.12920776819863364,
      "3": 0.123415095556402
    },
    "5": {
      "0": 0.09697636020593654,
      "1": 0.07783707579613516,
      "2": 0.07917608684330044,
      "3": 0.1000786484596247
    },
    "6": {
      "0": 0.08925475891566999,
      "1": 0.08070451896388502,
      "2": 0.07961515951946381,
      "3": 0.09354243979525514
    },
    "7": {
      "0": 0.07071150378822036,
      "1": 0.05777529505493244,
      "2": 0.051864006693661244,
      "3": 0.06586616240182075
    },
    "8": {
      "0": 0.07596466466638545,
      "1": 0.06196568802462834,
      "2": 0.05672382885995175,
      "3": 0.06530614417610463
    },
    "9": {
      "0": 0.04687426995592821,
      "1": 0.043365415586392404,
      "2": 0.039593724327755105,
      "3": 0.04676140864993386
    },
    "10": {
      "0": 0.054773214076931157,
      "1": 0.04867377164900888,
      "2": 0.04908423945958519,
      "3": 0.050678523217791524
    }
  }
}