{
  "name": "median",
  "dist": {
    "dist_name": "uniform_int",
    "a": 0,
    "b": 4,
    "param_str": "(0,4)"
  },
  "num_samples": 5000,
  "timestamp": "2024-05-07 16:41:22.672154",
  "num_T": 1,
  "num_A": 1,
  "num_iterations": 10,
  "target_init_entropy": 2.0,
  "awae_data": {
    "1": {
      "0": 0.6696784987256799,
      "1": 0.4953740766127928,
      "2": 0.4945148811453011,
      "3": 0.6692700680517397
    },
    "2": {
      "0": 0.32069911970318254,
      "1": 0.35846100191583913,
      "2": 0.35519724295220345,
      "3": 0.32087528781340857
    },
    "3": {
      "0": 0.24014565294917922,
      "1": 0.18816351289361635,
      "2": 0.19236332169257347,
      "3": 0.23872112339174034
    },
    "4": {
      "0": 0.1726374950542243,
      "1": 0.1729426416319317,
      "2": 0.17379141678887317,
      "3": 0.17307147019773167
    },
    "5": {
      "0": 0.14059249261571163,
      "1": 0.11474199541536945,
      "2": 0.11268870320633437,
      "3": 0.14014508617607518
    },
    "6": {
      "0": 0.1286767899130019,
      "1": 0.12118589025825058,
      "2": 0.1205929509972397,
      "3": 0.12762299362635726
    },
    "7": {
      "0": 0.09361890291704739,
      "1": 0.07630469588385216,
      "2": 0.07702604129354258,
      "3": 0.0914382514899495
    },
    "8": {
      "0": 0.09616473384776178,
      "1": 0.08790857552336642,
      "2": 0.08815713160086691,
      "3": 0.0973699394460966
    },
    "9": {
      "0": 0.07206323526255946,
      "1": 0.06053090387533633,
      "2": 0.060397211236501804,
      "3": 0.0701135724183946
    },
    "10": {
      "0": 0.07054286265650918,
      "1": 0.06308661816191559,
      "2": 0.06239173898157235,
      "3": 0.0698300351659083
    }
  },
  "leakage_no_attacker": {
    "1": 0.6572041029861291,
    "2": 0.3584120223387325,
    "3": 0.22437380235084597,
    "4": 0.17436934085563094,
    "5": 0.1500678825569239,
    "6": 0.1167158850958718,
    "7": 0.1071799926749081,
    "8": 0.08183500042336206,
    "9": 0.08532043979182032,
    "10": 0.05807177094779986
  }
}