{
  "name": "median",
  "dist": {
    "dist_name": "uniform_int",
    "a": 0,
    "b": 8,
    "param_str": "(0,8)"
  },
  "num_samples": 5000,
  "timestamp": "2024-05-07 16:45:00.006767",
  "num_T": 1,
  "num_A": 1,
  "num_iterations": 10,
  "target_init_entropy": 3.0,
  "awae_data": {
    "1": {
      "0": 1.0686304099120756,
      "1": 0.9229452007721177,
      "2": 0.7956200242921442,
      "3": 0.7237156824003337,
      "4": 0.7222756279057456,
      "5": 0.7915899585885644,
      "6": 0.9198734699179706,
      "7": 1.0701496792953649
    },
    "2": {
      "0": 0.3475640724157781,
      "1": 0.3999583357216868,
      "2": 0.4461220632643551,
      "3": 0.47126963345721845,
      "4": 0.47710950397008184,
      "5": 0.44800574691813005,
      "6": 0.39907110502168225,
      "7": 0.3455472631793078
    },
    "3": {
      "0": 0.3645767598980588,
      "1": 0.3379368486930864,
      "2": 0.2976645342459324,
      "3": 0.27089468940831063,
      "4": 0.2688517240089423,
      "5": 0.2937570282499116,
      "6": 0.3310185235718218,
      "7": 0.3562849472473998
    },
    "4": {
      "0": 0.17812872276521047,
      "1": 0.18612205114335229,
      "2": 0.20159941686280872,
      "3": 0.2153919361936966,
      "4": 0.21622204259877215,
      "5": 0.2033452202826716,
      "6": 0.1884845975432305,
      "7": 0.18101789125207773
    },
    "5": {
      "0": 0.21317716858768013,
      "1": 0.20495951665331388,
      "2": 0.18538874440787484,
      "3": 0.16698866851542207,
      "4": 0.16342439552781346,
      "5": 0.17885804394762767,
      "6": 0.19668574533016786,
      "7": 0.20411308050269578
    },
    "6": {
      "0": 0.13834627341998912,
      "1": 0.13736145580271159,
      "2": 0.14069025795811324,
      "3": 0.14701464575672968,
      "4": 0.14637519309938654,
      "5": 0.1406617317771672,
      "6": 0.1357055166831164,
      "7": 0.13707192411450445
    },
    "7": {
      "0": 0.14258347226720955,
      "1": 0.14051406257699955,
      "2": 0.13069880407143156,
      "3": 0.11938200816739364,
      "4": 0.11902493194928465,
      "5": 0.1282263900959156,
      "6": 0.13988196727221439,
      "7": 0.14208992542660528
    },
    "8": {
      "0": 0.10891501338800488,
      "1": 0.10799770029017812,
      "2": 0.10752696039107387,
      "3": 0.10913362880628222,
      "4": 0.10844753719612814,
      "5": 0.10699388298767905,
      "6": 0.10739979445303657,
      "7": 0.10830527822420218
    },
    "9": {
      "0": 0.10395625983878412,
      "1": 0.10327205641477022,
      "2": 0.09665804939251568,
      "3": 0.08914468843941341,
      "4": 0.08771563977959373,
      "5": 0.09599216641003219,
      "6": 0.10200490058608018,
      "7": 0.10316406271707881
    },
    "10": {
      "0": 0.08732533527717254,
      "1": 0.08691593674174374,
      "2": 0.08509800659520804,
      "3": 0.08520637424123267,
      "4": 0.08622582775144629,
      "5": 0.08496006579044317,
      "6": 0.08595540170419776,
      "7": 0.08587990425054545
    }
  },
  "leakage_no_attacker": {
    "1": 0.7057537401359915,
    "2": 0.5484104641626446,
    "3": 0.22761507287206148,
    "4": 0.26388953958293504,
    "5": 0.15690149359000619,
    "6": 0.16896087382617528,
    "7": 0.12205428761374434,
    "8": 0.12117003404711493,
    "9": 0.09786733000913202,
    "10": 0.0911770147733904
  }
}