{
  "name": "median",
  "dist": {
    "dist_name": "uniform_int",
    "a": 0,
    "b": 8,
    "param_str": "(0,8)"
  },
  "num_samples": 5000,
  "timestamp": "2024-04-29 16:33:18.046075",
  "num_T": 1,
  "num_A": 1,
  "num_iterations": 10,
  "target_init_entropy": 3.0,
  "awae_data": {
    "1": {
      "0": 1.060337078913499,
      "1": 0.9117943689033143,
      "2": 0.7828733121943044,
      "3": 0.7104394490879503,
      "4": 0.7169460628349392,
      "5": 0.7946455629463766,
      "6": 0.9260214163596558,
      "7": 1.0771244409442968
    },
    "2": {
      "0": 0.3446475473035606,
      "1": 0.3968178789501409,
      "2": 0.4448043174959476,
      "3": 0.47348889913734815,
      "4": 0.46865014983289266,
      "5": 0.44099187996051603,
      "6": 0.39147286584834606,
      "7": 0.33976835912467307
    },
    "3": {
      "0": 0.36478285577738034,
      "1": 0.33972071336248133,
      "2": 0.3010884884402551,
      "3": 0.27064872982361854,
      "4": 0.2701431952086053,
      "5": 0.2956565438523239,
      "6": 0.3349357954470852,
      "7": 0.360929549452956
    },
    "4": {
      "0": 0.18445177478480887,
      "1": 0.19021704477789791,
      "2": 0.2039300176248524,
      "3": 0.21845362360310042,
      "4": 0.21732608402814532,
      "5": 0.2028518035145853,
      "6": 0.18877479057157445,
      "7": 0.18017643202072736
    },
    "5": {
      "0": 0.20861866688798134,
      "1": 0.20050881152857064,
      "2": 0.18155589426729205,
      "3": 0.16634753018188586,
      "4": 0.16628162674783578,
      "5": 0.1770950047202265,
      "6": 0.19578219534025196,
      "7": 0.20295165142341265
    },
    "6": {
      "0": 0.13028282167110514,
      "1": 0.13036088883494795,
      "2": 0.13552003253697867,
      "3": 0.1403980733074392,
      "4": 0.13986882278775065,
      "5": 0.13532562413256183,
      "6": 0.13060815417050245,
      "7": 0.13090308548214638
    },
    "7": {
      "0": 0.14057842582972965,
      "1": 0.13805822879152002,
      "2": 0.12908432713524426,
      "3": 0.11882932987314199,
      "4": 0.11853070650061519,
      "5": 0.13044311658073734,
      "6": 0.13975307359434835,
      "7": 0.14243606344883494
    },
    "8": {
      "0": 0.10317944300760995,
      "1": 0.10243829490964107,
      "2": 0.10186496315536497,
      "3": 0.10565751483250414,
      "4": 0.10589815891655971,
      "5": 0.10418977979496975,
      "6": 0.10388736044740787,
      "7": 0.10399779562746816
    },
    "9": {
      "0": 0.10244511999332102,
      "1": 0.10135421739899268,
      "2": 0.09494076681238288,
      "3": 0.08739932814374479,
      "4": 0.08857180522308161,
      "5": 0.09727320963504894,
      "6": 0.10353802922023307,
      "7": 0.1037415915420438
    },
    "10": {
      "0": 0.08806239663925339,
      "1": 0.08768753252659044,
      "2": 0.0873247992596384,
      "3": 0.08584477160830502,
      "4": 0.08416184522047013,
      "5": 0.08397323079512756,
      "6": 0.08535662387980907,
      "7": 0.08596778790658224
    }
  }
}