{
  "name": "median",
  "dist": {
    "dist_name": "uniform_int",
    "a": 0,
    "b": 8,
    "param_str": "(0,8)"
  },
  "num_samples": 1000,
  "num_T": 1,
  "num_A": 1,
  "num_iterations": 10,
  "target_init_entropy": 3.0,
  "awae_data": {
    "1": {
      "0": 0.7244709851323391,
      "1": 0.6303196859245388,
      "2": 0.5524106896648289,
      "3": 0.49665673063293436,
      "4": 0.5096507584766486,
      "5": 0.5505919411063221,
      "6": 0.6392492172372031,
      "7": 0.7353000735352141
    },
    "2": {
      "0": 0.24324026794446815,
      "1": 0.2888509823611017,
      "2": 0.2994574963321449,
      "3": 0.3284941429601961,
      "4": 0.33292724065499685,
      "5": 0.3224014672686602,
      "6": 0.26610822359067204,
      "7": 0.23636453131077798
    },
    "3": {
      "0": 0.2621623383630045,
      "1": 0.23527866400170377,
      "2": 0.2119156624646438,
      "3": 0.1863029073003784,
      "4": 0.19406839151351135,
      "5": 0.2122424902569034,
      "6": 0.23839495687948262,
      "7": 0.26290135125386527
    },
    "4": {
      "0": 0.1317548334591948,
      "1": 0.1356904422190639,
      "2": 0.15607187219112603,
      "3": 0.16480836274037966,
      "4": 0.16036291770707173,
      "5": 0.16314627686258762,
      "6": 0.13643591811686104,
      "7": 0.13427482305640553
    },
    "5": {
      "0": 0.1456020279218714,
      "1": 0.1406194807440299,
      "2": 0.13220654948164096,
      "3": 0.12082964888281408,
      "4": 0.11798125866948897,
      "5": 0.13372729515506382,
      "6": 0.14415658283375235,
      "7": 0.14214088142391065
    },
    "6": {
      "0": 0.09729045727631766,
      "1": 0.09580469449973347,
      "2": 0.1071674726238065,
      "3": 0.10663269163702631,
      "4": 0.10777827535658095,
      "5": 0.10702871085769108,
      "6": 0.11450606574637975,
      "7": 0.1018705299817619
    },
    "7": {
      "0": 0.09909643323853558,
      "1": 0.0963365206179741,
      "2": 0.09250742160007971,
      "3": 0.0835686606562353,
      "4": 0.08078075445688794,
      "5": 0.0883143616238294,
      "6": 0.09997301108408475,
      "7": 0.09702139060833219
    },
    "8": {
      "0": 0.07530318124172634,
      "1": 0.07232307652076012,
      "2": 0.07526456471018055,
      "3": 0.08149342149740682,
      "4": 0.08021367921091253,
      "5": 0.08241615083003953,
      "6": 0.07070770510567996,
      "7": 0.08168823883915394
    },
    "9": {
      "0": 0.07635245343893234,
      "1": 0.0731626403891548,
      "2": 0.07471071182430997,
      "3": 0.07317583336470387,
      "4": 0.06327928523427671,
      "5": 0.07059626181864329,
      "6": 0.0778115911329236,
      "7": 0.08262693572723194
    },
    "10": {
      "0": 0.06668584459190748,
      "1": 0.058794071434839015,
      "2": 0.06656645597113713,
      "3": 0.06154641891175261,
      "4": 0.06135781429246902,
      "5": 0.06624801194652535,
      "6": 0.06351321717629684,
      "7": 0.06867486328989489
    }
  }
}