{
  "name": "median_min",
  "dist": {
    "dist_name": "lognormal",
    "m": 1.6702,
    "s": 0.3815,
    "param_str": "(1.6702,0.3815)"
  },
  "num_samples": 5000,
  "timestamp": "2024-05-08 03:42:19.906432",
  "num_T": 1,
  "num_A": 1,
  "num_iterations": 10,
  "target_init_entropy": 3.066439804645831,
  "awae_data": {
    "1": {
      "1e-05": 5.587458112555284,
      "0.05263034482758621": 5.587458112555284,
      "0.10525068965517241": 5.587458112555284,
      "0.15787103448275863": 5.587458112555284,
      "0.21049137931034484": 5.587458112555284,
      "0.26311172413793105": 5.587458112555284,
      "0.31573206896551725": 5.587458112555284,
      "0.36835241379310346": 5.587458112555284,
      "0.42097275862068967": 5.587458112555284,
      "0.4735931034482759": 5.587458112555284,
      "0.526213448275862": 5.587458112555284,
      "0.5788337931034483": 5.587458112555284,
      "0.6314541379310344": 5.587458112555284,
      "0.6840744827586206": 5.587458112555284,
      "0.7366948275862069": 5.607909404283905,
      "0.7893151724137931": 5.607909404283905,
      "0.8419355172413793": 5.607909404283905,
      "0.8945558620689654": 5.607909404283905,
      "0.9471762068965517": 5.607909404283905,
      "0.999796551724138": 5.607909404283905,
      "1.0524168965517242": 5.607909404283905,
      "1.1050372413793104": 5.607909404283905,
      "1.1576575862068967": 5.607909404283905,
      "1.210277931034483": 5.607911919070526,
      "1.262898275862069": 5.6078454442254735,
      "1.3155186206896552": 5.607782057232595,
      "1.3681389655172413": 5.607520717008209,
      "1.4207593103448277": 5.607087858105315,
      "1.4733796551724139": 5.591273762389198,
      "1.526": 5.590519055764266
    },
    "2": {
      "1e-05": 3.2009950427781297,
      "0.05263034482758621": 3.2009950427781297,
      "0.10525068965517241": 3.2009950427781297,
      "0.15787103448275863": 3.2009950427781297,
      "0.21049137931034484": 3.2009950427781297,
      "0.26311172413793105": 3.2009950427781297,
      "0.31573206896551725": 3.2009950427781297,
      "0.36835241379310346": 3.2009950427781297,
      "0.42097275862068967": 3.2009950427781297,
      "0.4735931034482759": 3.2009950427781297,
      "0.526213448275862": 3.2009950427781297,
      "0.5788337931034483": 3.2009950427781297,
      "0.6314541379310344": 3.2009950427781297,
      "0.6840744827586206": 3.2009950427781297,
      "0.7366948275862069": 3.16781363361373,
      "0.7893151724137931": 3.16781363361373,
      "0.8419355172413793": 3.16781363361373,
      "0.8945558620689654": 3.16781363361373,
      "0.9471762068965517": 3.16781363361373,
      "0.999796551724138": 3.16781363361373,
      "1.0524168965517242": 3.16781363361373,
      "1.1050372413793104": 3.16781363361373,
      "1.1576575862068967": 3.16781363361373,
      "1.210277931034483": 3.16781363361373,
      "1.262898275862069": 3.16781363361373,
      "1.3155186206896552": 3.16781363361373,
      "1.3681389655172413": 3.16781363361373,
      "1.4207593103448277": 3.16781363361373,
      "1.4733796551724139": 3.1746905887027843,
      "1.526": 3.1746905887027843
    },
    "3": {
      "1e-05": 2.272232354691359,
      "0.05263034482758621": 2.272232354691359,
      "0.10525068965517241": 2.272232354691359,
      "0.15787103448275863": 2.272232354691359,
      "0.21049137931034484": 2.272232354691359,
      "0.26311172413793105": 2.272232354691359,
      "0.31573206896551725": 2.272232354691359,
      "0.36835241379310346": 2.272232354691359,
      "0.42097275862068967": 2.272232354691359,
      "0.4735931034482759": 2.272232354691359,
      "0.526213448275862": 2.272232354691359,
      "0.5788337931034483": 2.272232354691359,
      "0.6314541379310344": 2.272232354691359,
      "0.6840744827586206": 2.272232354691359,
      "0.7366948275862069": 2.2873797735448296,
      "0.7893151724137931": 2.2873797735448296,
      "0.8419355172413793": 2.2873797735448296,
      "0.8945558620689654": 2.2873797735448296,
      "0.9471762068965517": 2.2873797735448296,
      "0.999796551724138": 2.2873797735448296,
      "1.0524168965517242": 2.2873797735448296,
      "1.1050372413793104": 2.2873797735448296,
      "1.1576575862068967": 2.2873797735448296,
      "1.210277931034483": 2.2873797735448296,
      "1.262898275862069": 2.2873797735448296,
      "1.3155186206896552": 2.2873797735448296,
      "1.3681389655172413": 2.2873797735448296,
      "1.4207593103448277": 2.2873797735448296,
      "1.4733796551724139": 2.2314521884244916,
      "1.526": 2.2314432574551906
    },
    "4": {
      "1e-05": 1.7326010771067542,
      "0.05263034482758621": 1.7326010771067542,
      "0.10525068965517241": 1.7326010771067542,
      "0.15787103448275863": 1.7326010771067542,
      "0.21049137931034484": 1.7326010771067542,
      "0.26311172413793105": 1.7326010771067542,
      "0.31573206896551725": 1.7326010771067542,
      "0.36835241379310346": 1.7326010771067542,
      "0.42097275862068967": 1.7326010771067542,
      "0.4735931034482759": 1.7326010771067542,
      "0.526213448275862": 1.7326010771067542,
      "0.5788337931034483": 1.7326010771067542,
      "0.6314541379310344": 1.7326010771067542,
      "0.6840744827586206": 1.7326010771067542,
      "0.7366948275862069": 1.6398379587937442,
      "0.7893151724137931": 1.6398379587937442,
      "0.8419355172413793": 1.6398379587937442,
      "0.8945558620689654": 1.6398379587937442,
      "0.9471762068965517": 1.6398379587937442,
      "0.999796551724138": 1.6398379587937442,
      "1.0524168965517242": 1.6398379587937442,
      "1.1050372413793104": 1.6398379587937442,
      "1.1576575862068967": 1.6398379587937442,
      "1.210277931034483": 1.6398379587937442,
      "1.262898275862069": 1.6398379587937442,
      "1.3155186206896552": 1.6398379587937442,
      "1.3681389655172413": 1.6398379587937442,
      "1.4207593103448277": 1.6398379587937442,
      "1.4733796551724139": 1.6510708321575769,
      "1.526": 1.6510708321575769
    },
    "5": {
      "1e-05": 1.3211584385231168,
      "0.05263034482758621": 1.3211584385231168,
      "0.10525068965517241": 1.3211584385231168,
      "0.15787103448275863": 1.3211584385231168,
      "0.21049137931034484": 1.3211584385231168,
      "0.26311172413793105": 1.3211584385231168,
      "0.31573206896551725": 1.3211584385231168,
      "0.36835241379310346": 1.3211584385231168,
      "0.42097275862068967": 1.3211584385231168,
      "0.4735931034482759": 1.3211584385231168,
      "0.526213448275862": 1.3211584385231168,
      "0.5788337931034483": 1.3211584385231168,
      "0.6314541379310344": 1.3211584385231168,
      "0.6840744827586206": 1.3211584385231168,
      "0.7366948275862069": 1.3321842085193445,
      "0.7893151724137931": 1.3321842085193445,
      "0.8419355172413793": 1.3321842085193445,
      "0.8945558620689654": 1.3321842085193445,
      "0.9471762068965517": 1.3321842085193445,
      "0.999796551724138": 1.3321842085193445,
      "1.0524168965517242": 1.3321842085193445,
      "1.1050372413793104": 1.3321842085193445,
      "1.1576575862068967": 1.3321842085193445,
      "1.210277931034483": 1.3321842085193445,
      "1.262898275862069": 1.3321842085193445,
      "1.3155186206896552": 1.3321842085193445,
      "1.3681389655172413": 1.3321842085193445,
      "1.4207593103448277": 1.3321842085193445,
      "1.4733796551724139": 1.306741848826698,
      "1.526": 1.306741848826698
    },
    "6": {
      "1e-05": 1.0774244702296731,
      "0.05263034482758621": 1.0774244702296731,
      "0.10525068965517241": 1.0774244702296731,
      "0.15787103448275863": 1.0774244702296731,
      "0.21049137931034484": 1.0774244702296731,
      "0.26311172413793105": 1.0774244702296731,
      "0.31573206896551725": 1.0774244702296731,
      "0.36835241379310346": 1.0774244702296731,
      "0.42097275862068967": 1.0774244702296731,
      "0.4735931034482759": 1.0774244702296731,
      "0.526213448275862": 1.0774244702296731,