{
  "name": "var_mu",
  "dist": {
    "dist_name": "uniform_int",
    "a": 0,
    "b": 16,
    "param_str": "(0,16)"
  },
  "num_samples": 1000,
  "num_T": 1,
  "num_A": 1,
  "num_iterations": 10,
  "target_init_entropy": 4.0,
  "awae_data": {
    "1": {
      "0": 2.0982023087637725,
      "1": 2.1069684899503835,
      "2": 2.1080075796555953,
      "3": 2.1092801106061194,
      "4": 2.1065695972139196,
      "5": 2.104900480902083,
      "6": 2.10980936310801,
      "7": 2.0997211674894336,
      "8": 2.1032856760655125,
      "9": 2.1053545059110674,
      "10": 2.1069329968672554,
      "11": 2.102115170487675,
      "12": 2.104863232914932,
      "13": 2.1061727076699697,
      "14": 2.1044082930902968,
      "15": 2.1067594129132456
    },
    "2": {
      "0": 1.2290239697187082,
      "1": 1.235752079109584,
      "2": 1.2268495507953578,
      "3": 1.2256181037710867,
      "4": 1.2209528209773322,
      "5": 1.2172385677026996,
      "6": 1.2307701124085093,
      "7": 1.230560344604326,
      "8": 1.230760637271534,
      "9": 1.2019876602854456,
      "10": 1.2184030171334854,
      "11": 1.2543400222270993,
      "12": 1.2218820545765159,
      "13": 1.2401036933565472,
      "14": 1.2119161853553697,
      "15": 1.2431144628921462
    },
    "3": {
      "0": 0.6580326283994508,
      "1": Infinity,
      "2": Infinity,
      "3": Infinity,
      "4": Infinity,
      "5": Infinity,
      "6": Infinity,
      "7": Infinity,
      "8": Infinity,
      "9": Infinity,
      "10": Infinity,
      "11": Infinity,
      "12": Infinity,
      "13": Infinity,
      "14": Infinity,
      "15": Infinity
    },
    "4": {
      "0": 0.4640824880687964,
      "1": 0.49179227349585675,
      "2": Infinity,
      "3": Infinity,
      "4": Infinity,
      "5": Infinity,
      "6": Infinity,
      "7": Infinity,
      "8": Infinity,
      "9": Infinity,
      "10": Infinity,
      "11": Infinity,
      "12": 0.4377367286096069,
      "13": Infinity,
      "14": Infinity,
      "15": Infinity
    },
    "5": {
      "0": 0.3877503154211939,
      "1": Infinity,
      "2": Infinity,
      "3": Infinity,
      "4": Infinity,
      "5": Infinity,
      "6": Infinity,
      "7": Infinity,
      "8": Infinity,
      "9": Infinity,
      "10": Infinity,
      "11": Infinity,
      "12": 0.3546250328380022,
      "13": Infinity,
      "14": 0.37910863528978783,
      "15": 0.338560722176083
    },
    "6": {
      "0": 0.39436962927919617,
      "1": 0.401053677562938,
      "2": 0.36498060459736226,
      "3": 0.38274260022202994,
      "4": 0.37740174345966937,
      "5": 0.3988913686722632,
      "6": 0.37804497450168867,
      "7": 0.3750960735545987,
      "8": 0.3686139522859154,
      "9": 0.39203140754258126,
      "10": 0.3684602419283533,
      "11": 0.3672267991450643,
      "12": 0.4010290618913602,
      "13": 0.37169909034793,
      "14": 0.36502764980686764,
      "15": 0.36791446626834007
    },
    "7": {
      "0": 0.29306789523690846,
      "1": 0.2987757285656704,
      "2": 0.2967111585693825,
      "3": 0.2930507361677132,
      "4": 0.3188720365928944,
      "5": 0.29947542946243183,
      "6": 0.2940227956139876,
      "7": 0.2648674185194448,
      "8": 0.269140963299352,
      "9": Infinity,
      "10": 0.3197849830968818,
      "11": 0.28531002884048773,
      "12": 0.25906722296305784,
      "13": 0.2868275088896376,
      "14": 0.2653052727136976,
      "15": 0.29422359371169904
    },
    "8": {
      "0": 0.2724581024755463,
      "1": 0.22452820959016218,
      "2": 0.24850401530658006,
      "3": 0.28334446780656414,
      "4": 0.2602324741420451,
      "5": 0.2541630730995141,
      "6": 0.2541146337457717,
      "7": 0.2614881034674693,
      "8": 0.2480888176332182,
      "9": 0.2493987730094315,
      "10": 0.2446188639083478,
      "11": 0.22087809847595508,
      "12": 0.2420755431366739,
      "13": 0.2706127110968838,
      "14": 0.2521372469664871,
      "15": 0.255148825621131
    },
    "9": {
      "0": 0.23387634577616376,
      "1": 0.24689150492789896,
      "2": 0.2167861410028694,
      "3": 0.20647468927916704,
      "4": Infinity,
      "5": 0.2263346214365411,
      "6": Infinity,
      "7": 0.2256218366286852,
      "8": 0.2400730147942856,
      "9": 0.24318442105829746,
      "10": 0.22105632829171845,
      "11": 0.20679044303198987,
      "12": 0.2398843085766053,
      "13": 0.23213198347904274,
      "14": 0.21009909131886956,
      "15": 0.22472873386684267
    },
    "10": {
      "0": 0.22011371970487353,
      "1": 0.21713239500586273,
      "2": 0.22347068617687255,
      "3": 0.2141726264945361,
      "4": 0.20469000954554267,
      "5": 0.23214693941293185,
      "6": 0.21547366469479293,
      "7": 0.21034480604120137,
      "8": 0.2133115003293355,
      "9": 0.2057418330580237,
      "10": 0.19941016150628807,
      "11": 0.23275519264115868,
      "12": 0.22517215900322377,
      "13": 0.2151555447423877,
      "14": 0.2223622033940575,
      "15": 0.21886104868775683
    }
  }
}