{
  "name": "var_mu",
  "dist": {
    "dist_name": "uniform_int",
    "a": 0,
    "b": 16,
    "param_str": "(0,16)"
  },
  "num_samples": 5000,
  "timestamp": "2024-04-29 16:43:05.342022",
  "num_T": 1,
  "num_A": 1,
  "num_iterations": 10,
  "target_init_entropy": 4.0,
  "awae_data": {
    "1": {
      "0": 3.0628451368395595,
      "1": 3.0628451368395595,
      "2": 3.0628451368395595,
      "3": 3.0628451368395595,
      "4": 3.0628451368395595,
      "5": 3.0628451368395595,
      "6": 3.0628451368395595,
      "7": 3.0628451368395595,
      "8": 3.0628451368395595,
      "9": 3.0628451368395595,
      "10": 3.0628451368395595,
      "11": 3.0628451368395595,
      "12": 3.0628451368395595,
      "13": 3.0628451368395595,
      "14": 3.061697833132201,
      "15": 3.061697833132201
    },
    "2": {
      "0": 2.226857795319124,
      "1": 2.2282449277607226,
      "2": 2.226145716751599,
      "3": 2.225406749375834,
      "4": 2.2256387735460192,
      "5": 2.2258721352852175,
      "6": 2.2268365938051047,
      "7": 2.2259109349358055,
      "8": 2.2274279282811653,
      "9": 2.2279718669201785,
      "10": 2.2279384014326427,
      "11": 2.228184057604024,
      "12": 2.2269423705193385,
      "13": 2.2290951554403864,
      "14": 2.2316543618658145,
      "15": 2.2303005161046867
    },
    "3": {
      "0": 1.2752741834701509,
      "1": 1.2787828736596834,
      "2": 1.2743603104841545,
      "3": 1.2753140261650406,
      "4": 1.2799233973824928,
      "5": 1.2845206141397352,
      "6": 1.2800395337578745,
      "7": 1.2836930253176992,
      "8": 1.2800364572901703,
      "9": 1.270147814893971,
      "10": 1.2701670906305003,
      "11": 1.265336500359343,
      "12": 1.2507391231477476,
      "13": 1.244737829237034,
      "14": 1.2607761521974146,
      "15": 1.257280293086292
    },
    "4": {
      "0": 0.8266764417569284,
      "1": 0.8323315726202456,
      "2": 0.8294844419579768,
      "3": 0.8303948731163346,
      "4": 0.8288093943658934,
      "5": 0.8188219783035333,
      "6": 0.8167481145484479,
      "7": 0.8062721158690422,
      "8": 0.8071314062254619,
      "9": 0.8004456811456919,
      "10": 0.792247033218393,
      "11": 0.7920680618432174,
      "12": 0.7878065496112919,
      "13": 0.7845369865674214,
      "14": 0.7941084592643077,
      "15": 0.782771322175281
    },
    "5": {
      "0": 0.6414960975425686,
      "1": 0.6393252024544833,
      "2": 0.6390151813501099,
      "3": 0.6450581328716191,
      "4": 0.6419782593215856,
      "5": 0.64426693880961,
      "6": 0.6437844389773791,
      "7": 0.6428484110452064,
      "8": 0.6335261295166118,
      "9": 0.6383137544361619,
      "10": 0.6279140899785245,
      "11": 0.6210309036337187,
      "12": 0.6164946763156319,
      "13": 0.6129459228685518,
      "14": 0.6172776707515236,
      "15": 0.6125067396943604
    },
    "6": {
      "0": 0.6087944539052321,
      "1": 0.6113144309698088,
      "2": 0.6114942035889411,
      "3": 0.6137579353196965,
      "4": 0.6133122551309125,
      "5": 0.6165206091150512,
      "6": 0.6204026702985305,
      "7": 0.6225804257284654,
      "8": 0.623655654595393,
      "9": 0.6250975455729327,
      "10": 0.6198730628271496,
      "11": 0.6197209448713645,
      "12": 0.6203128231353697,
      "13": 0.6221993213799298,
      "14": 0.6198171656546096,
      "15": 0.6231801085878216
    },
    "7": {
      "0": 0.5111484991743765,
      "1": 0.506063824539613,
      "2": 0.49954425825572224,
      "3": 0.4995033354408305,
      "4": 0.4966466979635532,
      "5": 0.49632766488826513,
      "6": 0.49368167342760777,
      "7": 0.49193428377527415,
      "8": 0.49192217702560354,
      "9": 0.48901578683454694,
      "10": 0.48951141854076974,
      "11": 0.49042196400795035,
      "12": 0.4873783272468935,
      "13": 0.48361815887960014,
      "14": 0.47623656970443645,
      "15": 0.4703866170928898
    },
    "8": {
      "0": 0.4329848950351928,
      "1": 0.4323398778586351,
      "2": 0.4293517311174034,
      "3": 0.42997594873909273,
      "4": 0.4285646666373764,
      "5": 0.4281688698817865,
      "6": 0.422229347890846,
      "7": 0.4242325807204016,
      "8": 0.4195893926567152,
      "9": 0.42123404552535487,
      "10": 0.41635953906072876,
      "11": 0.41415030327713975,
      "12": 0.41669869474030763,
      "13": 0.40924609563259606,
      "14": 0.41624291545723935,
      "15": 0.4145185893337386
    },
    "9": {
      "0": 0.3727184556810432,
      "1": 0.3760246237531832,
      "2": 0.377019915150967,
      "3": 0.37773269601659537,
      "4": 0.3792597857464558,
      "5": 0.3802788604249793,
      "6": 0.37559577684391904,
      "7": 0.37418011897094694,
      "8": 0.3710063362156691,
      "9": 0.3665564543292221,
      "10": 0.3657636310032242,
      "11": 0.3655768071642225,
      "12": 0.35754875987057533,
      "13": 0.3541421705792868,
      "14": 0.3620049248874346,
      "15": 0.35742703248761304
    },
    "10": {
      "0": 0.3557533572170364,
      "1": 0.3582149190344862,
      "2": 0.35893646386044314,
      "3": 0.357388250974149,
      "4": 0.3573365125670581,
      "5": 0.3565769588344247,
      "6": 0.3517932919022023,
      "7": 0.35122933472304274,
      "8": 0.34961256849983113,
      "9": 0.34915894745677856,
      "10": 0.3505582624486731,
      "11": 0.3522051865097358,
      "12": 0.3435062711739848,
      "13": 0.3398406090431321,
      "14": 0.3546321641883513,
      "15": 0.3548236694564818
    }
  }
}