{
  "name": "var_mu",
  "dist": {
    "dist_name": "uniform_int",
    "a": 0,
    "b": 16,
    "param_str": "(0,16)"
  },
  "num_samples": 5000,
  "timestamp": "2024-05-07 17:12:23.581469",
  "num_T": 1,
  "num_A": 1,
  "num_iterations": 10,
  "target_init_entropy": 4.0,
  "awae_data": {
    "1": {
      "0": 3.0629667281429667,
      "1": 3.0629667281429667,
      "2": 3.0629667281429667,
      "3": 3.0629667281429667,
      "4": 3.0629667281429667,
      "5": 3.0629667281429667,
      "6": 3.0629667281429667,
      "7": 3.0629667281429667,
      "8": 3.0629667281429667,
      "9": 3.0629667281429667,
      "10": 3.0629667281429667,
      "11": 3.0629667281429667,
      "12": 3.0629667281429667,
      "13": 3.0629667281429667,
      "14": 3.0634935325078168,
      "15": 3.0634935325078168
    },
    "2": {
      "0": 2.232231174961869,
      "1": 2.2355610149526646,
      "2": 2.2350473128927955,
      "3": 2.2336563124057696,
      "4": 2.2363046674891978,
      "5": 2.2361967703520644,
      "6": 2.2370858007078693,
      "7": 2.237737843907634,
      "8": 2.236782562292503,
      "9": 2.2360610278315702,
      "10": 2.2364451693943974,
      "11": 2.2364228738802887,
      "12": 2.235556330780071,
      "13": 2.2374584813965814,
      "14": 2.235323835220204,
      "15": 2.2332094971588097
    },
    "3": {
      "0": 1.2818815432162745,
      "1": 1.2868685159440587,
      "2": 1.2854752747171505,
      "3": 1.2835181436921042,
      "4": 1.2853459015633768,
      "5": 1.2880178069091996,
      "6": 1.286175953065068,
      "7": 1.2987260508142011,
      "8": 1.294546697725907,
      "9": 1.2911451898423225,
      "10": 1.2846047215012075,
      "11": 1.2802483565671534,
      "12": 1.270508817029504,
      "13": 1.265275699518322,
      "14": 1.2513429992525316,
      "15": 1.2523787809558085
    },
    "4": {
      "0": 0.8166627006867044,
      "1": 0.8166328902600416,
      "2": 0.8163441566942581,
      "3": 0.8173760659441618,
      "4": 0.8168858979119509,
      "5": 0.811154445462091,
      "6": 0.8154809493932904,
      "7": 0.8165867423215281,
      "8": 0.8107790225889314,
      "9": 0.8097390953312746,
      "10": 0.8037955532867107,
      "11": 0.7990136255254708,
      "12": 0.7902945507767373,
      "13": 0.7835978075139751,
      "14": 0.7546897726435253,
      "15": 0.7524429566379364
    },
    "5": {
      "0": 0.642879820987765,
      "1": 0.640227193798528,
      "2": 0.6403957830740185,
      "3": 0.6387816985281229,
      "4": 0.6360486062541751,
      "5": 0.6328984202127323,
      "6": 0.6314204552964284,
      "7": 0.62729204113307,
      "8": 0.6248644105462925,
      "9": 0.6233004554872956,
      "10": 0.6170417036537836,
      "11": 0.6113537274560745,
      "12": 0.60522081943573,
      "13": 0.5982591639738832,
      "14": 0.6115094920180708,
      "15": 0.6071643896555311
    },
    "6": {
      "0": 0.6003658573202301,
      "1": 0.6003847101353929,
      "2": 0.601933799454968,
      "3": 0.6049466075981716,
      "4": 0.6007858753375453,
      "5": 0.602237825249633,
      "6": 0.6033011758242072,
      "7": 0.6028220958149684,
      "8": 0.6036497095371874,
      "9": 0.6039773146453108,
      "10": 0.601173816114208,
      "11": 0.5959871560502884,
      "12": 0.5994349217095201,
      "13": 0.5991611846979613,
      "14": 0.62162973718044,
      "15": 0.6197475332225765
    },
    "7": {
      "0": 0.5301658293628493,
      "1": 0.5283381481221967,
      "2": 0.5247395068872678,
      "3": 0.5231886990652268,
      "4": 0.5204985490410753,
      "5": 0.510217603526297,
      "6": 0.5066302826352744,
      "7": 0.5012036520198454,
      "8": 0.5014325259231364,
      "9": 0.4972197330648881,
      "10": 0.4885047431142103,
      "11": 0.48271240383339026,
      "12": 0.476657350025745,
      "13": 0.46744736375433416,
      "14": 0.4829908778922108,
      "15": 0.48071168481368093
    },
    "8": {
      "0": 0.4302047491145312,
      "1": 0.43024539517316585,
      "2": 0.42731294978882106,
      "3": 0.42111268622835996,
      "4": 0.42058386236988293,
      "5": 0.4153515439710994,
      "6": 0.41136145133353014,
      "7": 0.40813579096401587,
      "8": 0.41389059389951877,
      "9": 0.4059323380823308,
      "10": 0.402537819304122,
      "11": 0.40174380587216846,
      "12": 0.3985750273137948,
      "13": 0.4000582559983177,
      "14": 0.42017383410634446,
      "15": 0.4184656206086007
    },
    "9": {
      "0": 0.3922400496458112,
      "1": 0.39336096870434123,
      "2": 0.39579939339852366,
      "3": 0.398137648952809,
      "4": 0.39806044925122086,
      "5": 0.39962574761617287,
      "6": 0.3952416575634387,
      "7": 0.39531678471226117,
      "8": 0.3932249346807501,
      "9": 0.3956021210131964,
      "10": 0.3920109570223701,
      "11": 0.38680444806168934,
      "12": 0.38135747474707443,
      "13": 0.3730776473229477,
      "14": 0.36400566426872666,
      "15": 0.3563287433054189
    },
    "10": {
      "0": 0.37810352250347623,
      "1": 0.3818775198810123,
      "2": 0.3795570801252725,
      "3": 0.37365117887333066,
      "4": 0.37569339522816836,
      "5": 0.37369014987527843,
      "6": 0.37093138061814745,
      "7": 0.3715890426645226,
      "8": 0.36917860223777893,
      "9": 0.3675854533770503,
      "10": 0.36556157873597106,
      "11": 0.36061281473184104,
      "12": 0.36185755665525926,
      "13": 0.36021398715116126,
      "14": 0.35077978856512554,
      "15": 0.34626976015439653
    }
  },
  "leakage_no_attacker": {
    "1": 3.0629667281429667,
    "2": 2.30217007488728,
    "3": 1.3284165159761367,
    "4": 0.8334146336774273,
    "5": 0.6217830143086054,
    "6": 0.5307955755297867,
    "7": 0.5792683078534895,
    "8": 0.4226024805053542,
    "9": 0.40581553727982067,
    "10": 0.3581101321987135
  }
}