{
  "name": "var_mu",
  "dist": {
    "dist_name": "uniform_int",
    "a": 0,
    "b": 4,
    "param_str": "(0,4)"
  },
  "num_samples": 5000,
  "timestamp": "2024-04-29 16:38:18.593600",
  "num_T": 1,
  "num_A": 1,
  "num_iterations": 10,
  "target_init_entropy": 2.0,
  "awae_data": {
    "1": {
      "0": 1.2524109543137674,
      "1": 1.2524109543137674,
      "2": 1.2524109543137674,
      "3": 1.2524109543137674
    },
    "2": {
      "0": 0.8897753363732758,
      "1": 0.8897753363732758,
      "2": 0.8897753363732758,
      "3": 0.8897753363732758
    },
    "3": {
      "0": 0.6432246357015197,
      "1": 0.6432246357015197,
      "2": 0.6432246357015197,
      "3": 0.6432246357015197
    },
    "4": {
      "0": 0.4789757644980147,
      "1": 0.4789757644980147,
      "2": 0.4789757644980147,
      "3": 0.4789757644980147
    },
    "5": {
      "0": 0.36794763990663937,
      "1": 0.36794763990663937,
      "2": 0.36794763990663937,
      "3": 0.36794763990663937
    },
    "6": {
      "0": 0.2912418056602245,
      "1": 0.2912220522567524,
      "2": 0.2912673493419576,
      "3": 0.291219602222783
    },
    "7": {
      "0": 0.23691658393334286,
      "1": 0.23696428841610606,
      "2": 0.23686684788370976,
      "3": 0.23686652259835267
    },
    "8": {
      "0": 0.2055388517652485,
      "1": 0.20549193967281426,
      "2": 0.20544576269596632,
      "3": 0.20534212530976864
    },
    "9": {
      "0": 0.1804464932711815,
      "1": 0.18040102088799648,
      "2": 0.1801606773434553,
      "3": 0.18039104008598533
    },
    "10": {
      "0": 0.15745323087240487,
      "1": 0.15732218422494937,
      "2": 0.1570109110868451,
      "3": 0.15721805530597335
    }
  }
}