{
  "name": "var_mu",
  "dist": {
    "dist_name": "uniform_int",
    "a": 0,
    "b": 4,
    "param_str": "(0,4)"
  },
  "num_samples": 5000,
  "timestamp": "2024-05-07 17:04:56.234700",
  "num_T": 1,
  "num_A": 1,
  "num_iterations": 10,
  "target_init_entropy": 2.0,
  "awae_data": {
    "1": {
      "0": 1.2478302696980195,
      "1": 1.2478302696980195,
      "2": 1.2478302696980195,
      "3": 1.2478302696980195
    },
    "2": {
      "0": 0.8848824529760282,
      "1": 0.8848824529760282,
      "2": 0.8848824529760282,
      "3": 0.8848824529760282
    },
    "3": {
      "0": 0.6403289702668398,
      "1": 0.6403289702668398,
      "2": 0.6403289702668398,
      "3": 0.6403289702668398
    },
    "4": {
      "0": 0.4800993242486696,
      "1": 0.4800993242486696,
      "2": 0.4800993242486696,
      "3": 0.4800993242486696
    },
    "5": {
      "0": 0.3687546719922054,
      "1": 0.3688989151276449,
      "2": 0.3688989151276449,
      "3": 0.3688713462493972
    },
    "6": {
      "0": 0.28598424996403493,
      "1": 0.2859369066610856,
      "2": 0.28596051227924724,
      "3": 0.28599261354757366
    },
    "7": {
      "0": 0.2387463311375145,
      "1": 0.23877786996186517,
      "2": 0.23877971443472906,
      "3": 0.23892795750613027
    },
    "8": {
      "0": 0.2052118630416452,
      "1": 0.20562211910171793,
      "2": 0.2055399306378952,
      "3": 0.2052635889828268
    },
    "9": {
      "0": 0.17709552030308373,
      "1": 0.17662853336046852,
      "2": 0.1766174933562624,
      "3": 0.1770253924322011
    },
    "10": {
      "0": 0.15784147027010922,
      "1": 0.15770796156281092,
      "2": 0.15757484136321948,
      "3": 0.15772823607258957
    }
  },
  "leakage_no_attacker": {
    "1": 1.2478302696980195,
    "2": 0.8848824529760282,
    "3": 0.6403289702668398,
    "4": 0.4800993242486696,
    "5": 0.3688989151276449,
    "6": 0.2859234831065311,
    "7": 0.23908268565265806,
    "8": 0.20554037940345551,
    "9": 0.17669527424270154,
    "10": 0.15794237635504654
  }
}