{
  "name": "var_mu",
  "dist": {
    "dist_name": "uniform_int",
    "a": 0,
    "b": 8,
    "param_str": "(0,8)"
  },
  "num_samples": 5000,
  "timestamp": "2024-05-07 17:08:04.015286",
  "num_T": 1,
  "num_A": 1,
  "num_iterations": 10,
  "target_init_entropy": 3.0,
  "awae_data": {
    "1": {
      "0": 2.1231517583788206,
      "1": 2.1231517583788206,
      "2": 2.1231517583788206,
      "3": 2.1231517583788206,
      "4": 2.1231517583788206,
      "5": 2.1231517583788206,
      "6": 2.1231517583788206,
      "7": 2.1231517583788206
    },
    "2": {
      "0": 1.558934504468851,
      "1": 1.5589028096633737,
      "2": 1.5589028096633737,
      "3": 1.558891214325222,
      "4": 1.5589082568537536,
      "5": 1.558934504468851,
      "6": 1.558934504468851,
      "7": 1.558934504468851
    },
    "3": {
      "0": 1.0826828041137788,
      "1": 1.0795993935526096,
      "2": 1.0689133704368867,
      "3": 1.0668326659519254,
      "4": 1.0663497187485218,
      "5": 1.0703296979344152,
      "6": 1.0752934078231124,
      "7": 1.0728592479744639
    },
    "4": {
      "0": 0.7247371955891478,
      "1": 0.7198606859208294,
      "2": 0.7113710011271897,
      "3": 0.7078431490628926,
      "4": 0.7063176823498007,
      "5": 0.7089961788514356,
      "6": 0.7154418930108984,
      "7": 0.7180221719533859
    },
    "5": {
      "0": 0.529359751496938,
      "1": 0.5222878381550909,
      "2": 0.5189887022038749,
      "3": 0.5165134879309208,
      "4": 0.5170370483851556,
      "5": 0.5196449634674641,
      "6": 0.5220093914640954,
      "7": 0.5260889317352662
    },
    "6": {
      "0": 0.4448221902614942,
      "1": 0.4462865300193469,
      "2": 0.446273899817749,
      "3": 0.44560949150532536,
      "4": 0.4444327207105115,
      "5": 0.4448478838658863,
      "6": 0.44621355300837007,
      "7": 0.4460139051110761
    },
    "7": {
      "0": 0.41713538656312094,
      "1": 0.41609651943733644,
      "2": 0.41547483966929777,
      "3": 0.4174752355464924,
      "4": 0.4162245898322303,
      "5": 0.41364676670295053,
      "6": 0.4148907523472697,
      "7": 0.41494391278388826
    },
    "8": {
      "0": 0.41252658968162786,
      "1": 0.4063233306308424,
      "2": 0.3983223833294106,
      "3": 0.3990722033254791,
      "4": 0.3972610074482054,
      "5": 0.39889646862541167,
      "6": 0.40607569443480485,
      "7": 0.4105418990907749
    },
    "9": {
      "0": 0.41103139800033206,
      "1": 0.404508969460886,
      "2": 0.4022785980527849,
      "3": 0.3970247460443552,
      "4": 0.39868434034675615,
      "5": 0.39843026470692366,
      "6": 0.40421552316335674,
      "7": 0.4109012473687833
    },
    "10": {
      "0": 0.4029458385737468,
      "1": 0.4009910929186236,
      "2": 0.39711711938423944,
      "3": 0.39576364046404094,
      "4": 0.3992174796177329,
      "5": 0.40028151300553266,
      "6": 0.40217929925001006,
      "7": 0.40621862474936793
    }
  },
  "leakage_no_attacker": {
    "1": 2.1231517583788206,
    "2": 1.5649919438119562,
    "3": 1.0626621882816953,
    "4": 0.7201182058733908,
    "5": 0.5242818030786393,
    "6": 0.4580484633261376,
    "7": 0.4136985256087529,
    "8": 0.39866784584966153,
    "9": 0.39616064805879986,
    "10": 0.4056043866231335
  }
}