{
  "name": "var_mu",
  "dist": {
    "dist_name": "uniform_int",
    "a": 0,
    "b": 8,
    "param_str": "(0,8)"
  },
  "num_samples": 5000,
  "timestamp": "2024-04-29 16:40:02.619236",
  "num_T": 1,
  "num_A": 1,
  "num_iterations": 10,
  "target_init_entropy": 3.0,
  "awae_data": {
    "1": {
      "0": 2.12660400558618,
      "1": 2.12660400558618,
      "2": 2.12660400558618,
      "3": 2.12660400558618,
      "4": 2.12660400558618,
      "5": 2.12660400558618,
      "6": 2.12660400558618,
      "7": 2.12660400558618
    },
    "2": {
      "0": 1.5606773408087231,
      "1": 1.5606773408087231,
      "2": 1.5606773408087231,
      "3": 1.5606773408087231,
      "4": 1.5606773408087231,
      "5": 1.5606773408087231,
      "6": 1.5606480907525715,
      "7": 1.5606480907525715
    },
    "3": {
      "0": 1.0839201894177868,
      "1": 1.0811661908300787,
      "2": 1.0704557718563488,
      "3": 1.069195383023317,
      "4": 1.0672746739696826,
      "5": 1.0717500139128568,
      "6": 1.0780002805258166,
      "7": 1.0752972556798013
    },
    "4": {
      "0": 0.7133690780990845,
      "1": 0.7086865302449736,
      "2": 0.6997648618752832,
      "3": 0.6969331795467709,
      "4": 0.6951451534318582,
      "5": 0.6974032831389385,
      "6": 0.7055594631371158,
      "7": 0.7085962028748083
    },
    "5": {
      "0": 0.5348258309838607,
      "1": 0.5309644931318552,
      "2": 0.5245622579738858,
      "3": 0.5240969460274367,
      "4": 0.5252790446461149,
      "5": 0.5266168746744838,
      "6": 0.5285931009086285,
      "7": 0.532461625918886
    },
    "6": {
      "0": 0.43796274914063044,
      "1": 0.439194598076665,
      "2": 0.43993563147776005,
      "3": 0.43935757504437734,
      "4": 0.4386021611406867,
      "5": 0.43885399160338795,
      "6": 0.43852779736969405,
      "7": 0.43895046889300227
    },
    "7": {
      "0": 0.4087536022153939,
      "1": 0.40474630870485157,
      "2": 0.4049662123194183,
      "3": 0.40664457173610663,
      "4": 0.4058519600348799,
      "5": 0.4054054804797896,
      "6": 0.4071421981255858,
      "7": 0.40707411220133166
    },
    "8": {
      "0": 0.4133454045048442,
      "1": 0.4060410265230733,
      "2": 0.3995662462475785,
      "3": 0.39878511077256273,
      "4": 0.3971368241166221,
      "5": 0.40195133506595687,
      "6": 0.4082041382894315,
      "7": 0.41427015016564506
    },
    "9": {
      "0": 0.42118019449814825,
      "1": 0.4149598578939345,
      "2": 0.4100804152041432,
      "3": 0.4095040138335489,
      "4": 0.4065518096417028,
      "5": 0.40483751307504656,
      "6": 0.41098804124758415,
      "7": 0.41364559026780634
    },
    "10": {
      "0": 0.39677691402576587,
      "1": 0.39372196408909044,
      "2": 0.3919617911597554,
      "3": 0.38890871694890083,
      "4": 0.3887687635618011,
      "5": 0.3917455403644507,
      "6": 0.3933388467709877,
      "7": 0.39670015499962563
    }
  }
}