{
  "name": "max",
  "dist": {
    "dist_name": "uniform_int",
    "a": 0,
    "b": 16,
    "param_str": "(0,16)"
  },
  "num_samples": 1000,
  "num_T": 1,
  "num_A": 1,
  "num_iterations": 10,
  "target_init_entropy": 4.0,
  "awae_data": {
    "1": {
      "0": 1.5026000306704856,
      "1": 1.4646237450040922,
      "2": 1.4894901675796535,
      "3": 1.4619943324503542,
      "4": 1.3783729949492525,
      "5": 1.3743782673486444,
      "6": 1.2893637394459092,
      "7": 1.2481335959247635,
      "8": 1.1078028824453654,
      "9": 1.0108823496274744,
      "10": 0.8913141043698394,
      "11": 0.7450005369420876,
      "12": 0.6064681564174756,
      "13": 0.416236944948024,
      "14": 0.22305463668685696,
      "15": 0.0007214677450184249
    },
    "2": {
      "0": 0.8653835010073221,
      "1": 0.8844190308358894,
      "2": 0.8678275438694658,
      "3": 0.8577094627645657,
      "4": 0.8513539849540781,
      "5": 0.8257464042811732,
      "6": 0.8315893117147087,
      "7": 0.7861702555252992,
      "8": 0.7496805451860002,
      "9": 0.6933377875345698,
      "10": 0.6271423800411853,
      "11": 0.5357610479316973,
      "12": 0.4605146245550703,
      "13": 0.31828598347719084,
      "14": 0.17198937201772352,
      "15": 0.0007214677450186173
    },
    "3": {
      "0": 0.5745181122766908,
      "1": 0.5825738368213018,
      "2": 0.5803914907542034,
      "3": 0.5809753254149146,
      "4": 0.5663960199200596,
      "5": 0.5590203007057825,
      "6": 0.5693796495061114,
      "7": 0.5638539665245859,
      "8": 0.5262768546019453,
      "9": 0.500869904346717,
      "10": 0.4613840507393445,
      "11": 0.420478678555667,
      "12": 0.3479290606938286,
      "13": 0.2653234117498747,
      "14": 0.14291707623991426,
      "15": 0.0007214677450184642
    },
    "4": {
      "0": 0.40840734141933765,
      "1": 0.4305817204812555,
      "2": 0.41963410246081506,
      "3": 0.42394401964100925,
      "4": 0.42240271580467936,
      "5": 0.42620895870501646,
      "6": 0.41605532647982,
      "7": 0.40125979267048867,
      "8": 0.3905371683318705,
      "9": 0.39375026920519335,
      "10": 0.35648925494775874,
      "11": 0.3297652546030455,
      "12": 0.28581509298912544,
      "13": 0.2224936976110916,
      "14": 0.12868505483780893,
      "15": 0.000721467745018521
    },
    "5": {
      "0": 0.32560789014145325,
      "1": 0.3271516362314487,
      "2": 0.3217058761405989,
      "3": 0.33734003416490566,
      "4": 0.3172278980026121,
      "5": 0.32066066255111936,
      "6": 0.33409994710543167,
      "7": 0.31972199312894395,
      "8": 0.31442543535746015,
      "9": 0.28542380538848233,
      "10": 0.28543191333686463,
      "11": 0.2633302692657044,
      "12": 0.231531356133239,
      "13": 0.17910642619558187,
      "14": 0.11357058133948636,
      "15": 0.0007214677450185006
    },
    "6": {
      "0": 0.26990138976057043,
      "1": 0.2604319381882079,
      "2": 0.2681429070627124,
      "3": 0.25943807077903297,
      "4": 0.2493355648848669,
      "5": 0.26048325472252454,
      "6": 0.2675514618777273,
      "7": 0.25179646285348367,
      "8": 0.24401805511277264,
      "9": 0.24001603526355658,
      "10": 0.2442108792194358,
      "11": 0.22164394218363329,
      "12": 0.19506432502753357,
      "13": 0.16116107951311598,
      "14": 0.1002800338067333,
      "15": 0.0007214677450186161
    },
    "7": {
      "0": 0.21272868970248413,
      "1": 0.22423740817370855,
      "2": 0.21796203529779348,
      "3": 0.2066630731479128,
      "4": 0.21015660030450628,
      "5": 0.21026458710397627,
      "6": 0.22247214530828274,
      "7": 0.22137465663429565,
      "8": 0.20577336587768918,
      "9": 0.20229605119976224,
      "10": 0.19894428413038812,
      "11": 0.18198549942038056,
      "12": 0.1652636122751581,
      "13": 0.13961209555592238,
      "14": 0.0941157199059776,
      "15": 0.0007214677450185391
    },
    "8": {
      "0": 0.1863161904964994,
      "1": 0.17770824840619476,
      "2": 0.1790797637921266,
      "3": 0.1854437828455308,
      "4": 0.19512704879779208,
      "5": 0.17053844392384593,
      "6": 0.17831174467336858,
      "7": 0.18654599054349436,
      "8": 0.16992547056158516,
      "9": 0.17905243585812874,
      "10": 0.15702409116115917,
      "11": 0.1565921902534222,
      "12": 0.15081392365921636,
      "13": 0.11657167536705848,
      "14": 0.08501247268774013,
      "15": 0.0007214677450184809
    },
    "9": {
      "0": 0.14922615638434644,
      "1": 0.14749569154916067,
      "2": 0.15526462854426543,
      "3": 0.14935740428832428,
      "4": 0.1655810912812441,
      "5": 0.15074269102605972,
      "6": 0.16172972260636126,
      "7": 0.1549145907763157,
      "8": 0.15771502421184375,
      "9": 0.14452223583639728,
      "10": 0.13855679740969262,
      "11": 0.14061771752313115,
      "12": 0.11915363358939828,
      "13": 0.10915683232358793,
      "14": 0.0735504453660715,
      "15": 0.0007214677450184943
    },
    "10": {
      "0": 0.12579579398337287,
      "1": 0.13433793925436652,
      "2": 0.13287256676877246,
      "3": 0.13373277654297022,
      "4": 0.1299122669559422,
      "5": 0.13273370441559534,
      "6": 0.12744224273456378,
      "7": 0.12701779276068556,
      "8": 0.12257593660686479,
      "9": 0.1287872211508275,
      "10": 0.13507485137362465,
      "11": 0.11679817439027514,
      "12": 0.11517964736244282,
      "13": 0.09032082172046547,
      "14": 0.06769023845732122,
      "15": 0.0007214677450185467
    }
  }
}