{
  "name": "max",
  "dist": {
    "dist_name": "uniform_int",
    "a": 0,
    "b": 16,
    "param_str": "(0,16)"
  },
  "num_samples": 5000,
  "timestamp": "2024-04-29 16:22:54.785537",
  "num_T": 1,
  "num_A": 1,
  "num_iterations": 10,
  "target_init_entropy": 4.0,
  "awae_data": {
    "1": {
      "0": 1.4858459626313252,
      "1": 1.4812023033262194,
      "2": 1.4681030292504085,
      "3": 1.4446334455064527,
      "4": 1.409191820958892,
      "5": 1.3593007875010668,
      "6": 1.2961165878574263,
      "7": 1.2188916655342714,
      "8": 1.1264112009077156,
      "9": 1.0199387949676837,
      "10": 0.8969053838266092,
      "11": 0.7476783970342528,
      "12": 0.589841649572369,
      "13": 0.4147823468838297,
      "14": 0.21562456753090803,
      "15": 0.000144274313072341
    },
    "2": {
      "0": 0.8519598898693221,
      "1": 0.8517831701358685,
      "2": 0.8504628943402706,
      "3": 0.8470195176892641,
      "4": 0.8392843693075165,
      "5": 0.8271085580949175,
      "6": 0.8068443313043371,
      "7": 0.7786667299587295,
      "8": 0.7397348006652174,
      "9": 0.6889676848678714,
      "10": 0.6248910268701089,
      "11": 0.5390410871366851,
      "12": 0.4369363121896403,
      "13": 0.3131080633113744,
      "14": 0.17540865870693823,
      "15": 0.00014427431307228867
    },
    "3": {
      "0": 0.5695753491899772,
      "1": 0.5695753491899772,
      "2": 0.5691895771160278,
      "3": 0.5684567113473362,
      "4": 0.5670065745283959,
      "5": 0.56388453579909,
      "6": 0.5570310333316404,
      "7": 0.5461214840626321,
      "8": 0.529907602228546,
      "9": 0.5046869438920305,
      "10": 0.46944951565900084,
      "11": 0.41723814226536843,
      "12": 0.3481799214506341,
      "13": 0.2584899350203335,
      "14": 0.14538681088926078,
      "15": 0.00014427431307231998
    },
    "4": {
      "0": 0.41255339153959947,
      "1": 0.41255339153959947,
      "2": 0.41243797593632836,
      "3": 0.4122374413256448,
      "4": 0.4116494849823981,
      "5": 0.4107172964228827,
      "6": 0.40832500286130724,
      "7": 0.4042665401628424,
      "8": 0.3961147407709683,
      "9": 0.3815317801228636,
      "10": 0.36107828905226735,
      "11": 0.32789844521122113,
      "12": 0.2804605910235697,
      "13": 0.21481173434421047,
      "14": 0.1251066415190388,
      "15": 0.00014427431307205136
    },
    "5": {
      "0": 0.3111250191331931,
      "1": 0.3111250191331931,
      "2": 0.3111250191331931,
      "3": 0.31105838961013654,
      "4": 0.3108093709529366,
      "5": 0.3100604853404821,
      "6": 0.30910884113735076,
      "7": 0.30733636685063076,
      "8": 0.3036081463756856,
      "9": 0.2973366928919801,
      "10": 0.2852467122437241,
      "11": 0.2639219372300596,
      "12": 0.2322213518970647,
      "13": 0.1821635073792677,
      "14": 0.11142476080170685,
      "15": 0.00014427431307220277
    },
    "6": {
      "0": 0.24966226116714102,
      "1": 0.24966226116714102,
      "2": 0.24966226116714102,
      "3": 0.24966226116714102,
      "4": 0.24963975112582304,
      "5": 0.2496221206834266,
      "6": 0.24899896122863635,
      "7": 0.24782296537820594,
      "8": 0.2458294562465188,
      "9": 0.24252661898025135,
      "10": 0.23524716077246177,
      "11": 0.22238152534646244,
      "12": 0.19942196177644209,
      "13": 0.1605051809285265,
      "14": 0.09911809797397006,
      "15": 0.0001442743130721001
    },
    "7": {
      "0": 0.19882173702445405,
      "1": 0.19882173702445405,
      "2": 0.19882173702445405,
      "3": 0.19882173702445405,
      "4": 0.19882173702445405,
      "5": 0.19872429742797892,
      "6": 0.19823689550337129,
      "7": 0.19699997793583718,
      "8": 0.1963965853400489,
      "9": 0.19451608257873515,
      "10": 0.18935767291314087,
      "11": 0.17909082023804837,
      "12": 0.1635101464987298,
      "13": 0.13389540055785185,
      "14": 0.08775719784488929,
      "15": 0.0001442743130723559
    },
    "8": {
      "0": 0.1635751340076796,
      "1": 0.1635751340076796,
      "2": 0.1635751340076796,
      "3": 0.1635751340076796,
      "4": 0.16360813026893148,
      "5": 0.16350714161606925,
      "6": 0.16303558643699007,
      "7": 0.16244995855221936,
      "8": 0.161271493622342,
      "9": 0.16021226036655592,
      "10": 0.158018154530199,
      "11": 0.15343403357818494,
      "12": 0.14134607963110157,
      "13": 0.11872358290438437,
      "14": 0.08032271764226181,
      "15": 0.00014427431307192015
    },
    "9": {
      "0": 0.1447957014264616,
      "1": 0.1447957014264616,
      "2": 0.1447957014264616,
      "3": 0.1447957014264616,
      "4": 0.1447957014264616,
      "5": 0.1447524205752349,
      "6": 0.14481593972022627,
      "7": 0.14419387446425153,
      "8": 0.14310097211308406,
      "9": 0.14226750706918967,
      "10": 0.14095648544022288,
      "11": 0.13705999102743815,
      "12": 0.12823658857564185,
      "13": 0.10959711455294689,
      "14": 0.06958534540386072,
      "15": 0.00014427431307209349
    },
    "10": {
      "0": 0.1259360397744146,
      "1": 0.1259360397744146,
      "2": 0.1259360397744146,
      "3": 0.1259360397744146,
      "4": 0.1259360397744146,
      "5": 0.1259360397744146,
      "6": 0.12596616205669128,
      "7": 0.125686454605386,
      "8": 0.12460490636121757,
      "9": 0.12318991131757154,
      "10": 0.1215552735759264,
      "11": 0.11931349583494288,
      "12": 0.11330071533038646,
      "13": 0.09856111250745116,
      "14": 0.06178543684281466,
      "15": 0.00014427431307211322
    }
  }
}