{
  "name": "max",
  "dist": {
    "dist_name": "uniform_int",
    "a": 0,
    "b": 16,
    "param_str": "(0,16)"
  },
  "num_samples": 5000,
  "timestamp": "2024-05-07 16:26:45.211681",
  "num_T": 1,
  "num_A": 1,
  "num_iterations": 10,
  "target_init_entropy": 4.0,
  "awae_data": {
    "1": {
      "0": 1.4946092468972552,
      "1": 1.4902503906068791,
      "2": 1.4769525235445626,
      "3": 1.4526645731195797,
      "4": 1.4159834464981131,
      "5": 1.3670041357898954,
      "6": 1.30168323030853,
      "7": 1.2261561985176097,
      "8": 1.1306284037373637,
      "9": 1.0215490055358294,
      "10": 0.8974635508742168,
      "11": 0.7551450276831366,
      "12": 0.5944611481853368,
      "13": 0.41787501631069557,
      "14": 0.21357089366328558,
      "15": 0.00014427431307202022
    },
    "2": {
      "0": 0.8505664621357093,
      "1": 0.8500702084306898,
      "2": 0.8487705515709356,
      "3": 0.8451577266124428,
      "4": 0.8375419018218713,
      "5": 0.8246142861542936,
      "6": 0.8055176663579632,
      "7": 0.7769935376392779,
      "8": 0.7379775880036055,
      "9": 0.6860843963797528,
      "10": 0.622408592254492,
      "11": 0.5435663916627445,
      "12": 0.4416052559009335,
      "13": 0.3205501521137073,
      "14": 0.17011202707271894,
      "15": 0.00014427431307221977
    },
    "3": {
      "0": 0.5708579247889405,
      "1": 0.570800216987305,
      "2": 0.5706744277196922,
      "3": 0.5698244701557815,
      "4": 0.568335254988962,
      "5": 0.5646267261075417,
      "6": 0.5581033346517511,
      "7": 0.546294815180067,
      "8": 0.5294379735156457,
      "9": 0.5053547978288018,
      "10": 0.4698822260980922,
      "11": 0.41676832023742855,
      "12": 0.34708698748117556,
      "13": 0.25855561487686274,
      "14": 0.14710781850985416,
      "15": 0.00014427431307208286
    },
    "4": {
      "0": 0.4091754626636905,
      "1": 0.4091754626636905,
      "2": 0.4091754626636905,
      "3": 0.40890340011180043,
      "4": 0.4082895839182886,
      "5": 0.40711379950151916,
      "6": 0.40556205353913927,
      "7": 0.40085540768645417,
      "8": 0.39324589947395217,
      "9": 0.38040509425575214,
      "10": 0.35947920944209627,
      "11": 0.3270929619147489,
      "12": 0.2812202521298401,
      "13": 0.2162340210784488,
      "14": 0.1246971170377487,
      "15": 0.0001442743130721198
    },
    "5": {
      "0": 0.3205281188181127,
      "1": 0.3205281188181127,
      "2": 0.3205281188181127,
      "3": 0.3204704110164772,
      "4": 0.32009482612805384,
      "5": 0.3193118283763437,
      "6": 0.31824530202158025,
      "7": 0.3163459168359132,
      "8": 0.31260643565152846,
      "9": 0.3054471530519827,
      "10": 0.29273831595271227,
      "11": 0.271953288797325,
      "12": 0.2384716295767876,
      "13": 0.18904491448985802,
      "14": 0.11056361348586138,
      "15": 0.00014427431307237736
    },
    "6": {
      "0": 0.24892340588616274,
      "1": 0.24892340588616274,
      "2": 0.24892340588616274,
      "3": 0.24892340588616274,
      "4": 0.24880799028289163,
      "5": 0.24837016173623785,
      "6": 0.24770077791083422,
      "7": 0.24685061323669144,
      "8": 0.244801863213468,
      "9": 0.2409718651641361,
      "10": 0.23413156999593476,
      "11": 0.22086210244190205,
      "12": 0.19595411265495227,
      "13": 0.15798872670595668,
      "14": 0.09756360458438103,
      "15": 0.0001442743130722192
    },
    "7": {
      "0": 0.2025483876107817,
      "1": 0.2025483876107817,
      "2": 0.2025483876107817,
      "3": 0.2025483876107817,
      "4": 0.2025483876107817,
      "5": 0.20245603630360529,
      "6": 0.2015421324451408,
      "7": 0.2008265895480364,
      "8": 0.199650598943344,
      "9": 0.19727099328381684,
      "10": 0.19291908351625117,
      "11": 0.18446347273941843,
      "12": 0.1670467453587295,
      "13": 0.1370557264069806,
      "14": 0.08640510298114927,
      "15": 0.0001442743130719147
    },
    "8": {
      "0": 0.16666337028782546,
      "1": 0.16666337028782546,
      "2": 0.16666337028782546,
      "3": 0.16666337028782546,
      "4": 0.16666337028782546,
      "5": 0.16660566248618988,
      "6": 0.16637002229617803,
      "7": 0.16584846424257801,
      "8": 0.16495522185173836,
      "9": 0.1632292137636653,
      "10": 0.16019788037735727,
      "11": 0.15438554875248892,
      "12": 0.14251603744996022,
      "13": 0.11893542005701555,
      "14": 0.07920584731535948,
      "15": 0.000144274313072011
    },
    "9": {
      "0": 0.14391363283164516,
      "1": 0.14391363283164516,
      "2": 0.14391363283164516,
      "3": 0.14391363283164516,
      "4": 0.14391363283164516,
      "5": 0.14391363283164516,
      "6": 0.1438188958572935,
      "7": 0.14358273743300096,
      "8": 0.14250261287726873,
      "9": 0.1414725247808383,
      "10": 0.139932512470503,
      "11": 0.1359308260663722,
      "12": 0.1271804551454872,
      "13": 0.10858638578363022,
      "14": 0.0684913295410359,
      "15": 0.00014427431307246997
    },
    "10": {
      "0": 0.12278664332057035,
      "1": 0.12278664332057035,
      "2": 0.12278664332057035,
      "3": 0.12278664332057035,
      "4": 0.12278664332057035,
      "5": 0.12278664332057035,
      "6": 0.12278664332057035,
      "7": 0.12271671462843008,
      "8": 0.12226865035587879,
      "9": 0.12113084062293297,
      "10": 0.12008723109962369,
      "11": 0.11684770477826598,
      "12": 0.11069526035089557,
      "13": 0.0960143097070354,
      "14": 0.06425118763151724,
      "15": 0.00014427431307184542
    }
  },
  "leakage_no_attacker": {
    "1": 1.4946092468972552,
    "2": 0.8505664621357093,
    "3": 0.5708579247889405,
    "4": 0.4091754626636905,
    "5": 0.3205281188181127,
    "6": 0.24892340588616274,
    "7": 0.2025483876107817,
    "8": 0.16666337028782546,
    "9": 0.14391363283164516,
    "10": 0.12278664332057035
  }
}