{
  "name": "max",
  "dist": {
    "dist_name": "uniform_int",
    "a": 0,
    "b": 4,
    "param_str": "(0,4)"
  },
  "num_samples": 1000,
  "num_T": 1,
  "num_A": 1,
  "num_iterations": 10,
  "target_init_entropy": 2.0,
  "awae_data": {
    "1": {
      "0": 0.6654441586526278,
      "1": 0.5943855553598539,
      "2": 0.38286734374361664,
      "3": 0.0007214677450190482
    },
    "2": {
      "0": 0.34789791907151923,
      "1": 0.33362718852042417,
      "2": 0.24374046891644768,
      "3": 0.0007214677450189339
    },
    "3": {
      "0": 0.21155474478216138,
      "1": 0.20391741024911778,
      "2": 0.1643077404301329,
      "3": 0.0007214677450192134
    },
    "4": {
      "0": 0.13514120214082564,
      "1": 0.1379528141236957,
      "2": 0.11542992554266629,
      "3": 0.0007214677450191479
    },
    "5": {
      "0": 0.09594190297376452,
      "1": 0.09392369690901223,
      "2": 0.085516960291929,
      "3": 0.0007214677450192189
    },
    "6": {
      "0": 0.06582473111674897,
      "1": 0.06663593430936507,
      "2": 0.05835131053419147,
      "3": 0.0007214677450190478
    },
    "7": {
      "0": 0.04715591930124416,
      "1": 0.04660015295764598,
      "2": 0.044712340767623635,
      "3": 0.0007214677450190771
    },
    "8": {
      "0": 0.035250607548853695,
      "1": 0.03647809781798111,
      "2": 0.03594515060097684,
      "3": 0.0007214677450189538
    },
    "9": {
      "0": 0.02804467876132662,
      "1": 0.025707574930353323,
      "2": 0.02309427881105388,
      "3": 0.0007214677450190931
    },
    "10": {
      "0": 0.01927430514022567,
      "1": 0.021208775084368782,
      "2": 0.018327966927675677,
      "3": 0.0007214677450188653
    }
  }
}