{
  "name": "max",
  "dist": {
    "dist_name": "uniform_int",
    "a": 0,
    "b": 4,
    "param_str": "(0,4)"
  },
  "num_samples": 5000,
  "timestamp": "2024-05-07 16:17:06.162068",
  "num_T": 1,
  "num_A": 1,
  "num_iterations": 10,
  "target_init_entropy": 2.0,
  "awae_data": {
    "1": {
      "0": 0.6815861510776499,
      "1": 0.6017212313661378,
      "2": 0.38572738996438355,
      "3": 0.00014427431307236096
    },
    "2": {
      "0": 0.3483219891814576,
      "1": 0.3301367581037896,
      "2": 0.23917739158189905,
      "3": 0.00014427431307209983
    },
    "3": {
      "0": 0.21023780451682422,
      "1": 0.20615629004806638,
      "2": 0.16481013681645662,
      "3": 0.00014427431307229642
    },
    "4": {
      "0": 0.1383448573798681,
      "1": 0.13727400587245855,
      "2": 0.11733130051292862,
      "3": 0.00014427431307166165
    },
    "5": {
      "0": 0.09377437278272406,
      "1": 0.09352653247270995,
      "2": 0.0832572928851705,
      "3": 0.00014427431307242932
    },
    "6": {
      "0": 0.06379775725153289,
      "1": 0.06374262533769808,
      "2": 0.05890610362872226,
      "3": 0.00014427431307216924
    },
    "7": {
      "0": 0.04658906952547144,
      "1": 0.046537128665982835,
      "2": 0.044384833318159955,
      "3": 0.00014427431307249627
    },
    "8": {
      "0": 0.033551074072352215,
      "1": 0.033551074072352215,
      "2": 0.03226292978664469,
      "3": 0.00014427431307191817
    },
    "9": {
      "0": 0.025305023057103148,
      "1": 0.025305023057103148,
      "2": 0.02469893275717552,
      "3": 0.00014427431307217846
    },
    "10": {
      "0": 0.019352732290449134,
      "1": 0.019352732290449134,
      "2": 0.01899844735532355,
      "3": 0.0001442743130722418
    }
  },
  "leakage_no_attacker": {
    "1": 0.6815861510776499,
    "2": 0.3483219891814576,
    "3": 0.21023780451682422,
    "4": 0.1383448573798681,
    "5": 0.09377437278272406,
    "6": 0.06379775725153289,
    "7": 0.04658906952547144,
    "8": 0.033551074072352215,
    "9": 0.025305023057103148,
    "10": 0.019352732290449134
  }
}