{
  "name": "max",
  "dist": {
    "dist_name": "uniform_int",
    "a": 0,
    "b": 4,
    "param_str": "(0,4)"
  },
  "num_samples": 5000,
  "timestamp": "2024-04-29 16:16:17.971127",
  "num_T": 1,
  "num_A": 1,
  "num_iterations": 10,
  "target_init_entropy": 2.0,
  "awae_data": {
    "1": {
      "0": 0.6815861510776499,
      "1": 0.6017212313661378,
      "2": 0.38572738996438355,
      "3": 0.00014427431307236096
    },
    "2": {
      "0": 0.3494076698961257,
      "1": 0.33185971165041606,
      "2": 0.24060074672145765,
      "3": 0.00014427431307235925
    },
    "3": {
      "0": 0.21182789490895032,
      "1": 0.20755624174846918,
      "2": 0.16649247151577468,
      "3": 0.00014427431307215978
    },
    "4": {
      "0": 0.1375198793677189,
      "1": 0.13661951759697305,
      "2": 0.11615885532013437,
      "3": 0.0001442743130721679
    },
    "5": {
      "0": 0.09181466391905346,
      "1": 0.09160818496145236,
      "2": 0.08237661639791957,
      "3": 0.00014427431307236248
    },
    "6": {
      "0": 0.06322217151583134,
      "1": 0.06316680077509805,
      "2": 0.05864109282502915,
      "3": 0.00014427431307197642
    },
    "7": {
      "0": 0.0476608114152144,
      "1": 0.04763080824773778,
      "2": 0.04522042025372064,
      "3": 0.00014427431307247849
    },
    "8": {
      "0": 0.033199982534685334,
      "1": 0.033199982534685334,
      "2": 0.03171065863921728,
      "3": 0.00014427431307217185
    },
    "9": {
      "0": 0.025292180083132658,
      "1": 0.025292180083132658,
      "2": 0.024605734710155223,
      "3": 0.000144274313072033
    },
    "10": {
      "0": 0.01831225893397132,
      "1": 0.01831225893397132,
      "2": 0.017854824431465875,
      "3": 0.00014427431307210216
    }
  }
}