{
  "name": "max",
  "dist": {
    "dist_name": "uniform_int",
    "a": 0,
    "b": 8,
    "param_str": "(0,8)"
  },
  "num_samples": 5000,
  "timestamp": "2024-05-07 16:21:23.913182",
  "num_T": 1,
  "num_A": 1,
  "num_iterations": 10,
  "target_init_entropy": 3.0,
  "awae_data": {
    "1": {
      "0": 1.0701986023109256,
      "1": 1.050866077241428,
      "2": 0.9977040221365756,
      "3": 0.9029342858261302,
      "4": 0.7600475065827963,
      "5": 0.5654555732248532,
      "6": 0.3122430133973003,
      "7": 0.00014427431307201531
    },
    "2": {
      "0": 0.5939771890253451,
      "1": 0.5915315075224731,
      "2": 0.5798490981305516,
      "3": 0.5494789551097452,
      "4": 0.49112176108033373,
      "5": 0.3896579061697144,
      "6": 0.22853175604871684,
      "7": 0.00014427431307200594
    },
    "3": {
      "0": 0.3786766136738759,
      "1": 0.3784249022677682,
      "2": 0.3759906423273512,
      "3": 0.3657971711108552,
      "4": 0.33878095350717663,
      "5": 0.2800229250302006,
      "6": 0.1765826500661633,
      "7": 0.00014427431307207893
    },
    "4": {
      "0": 0.2634951733556599,
      "1": 0.2634951733556599,
      "2": 0.26289276011401774,
      "3": 0.25916629321038775,
      "4": 0.24697241353099111,
      "5": 0.21376616792542383,
      "6": 0.14017890674657024,
      "7": 0.0001442743130725687
    },
    "5": {
      "0": 0.19821672085457948,
      "1": 0.19821672085457948,
      "2": 0.1979684923536428,
      "3": 0.19647044324225585,
      "4": 0.1906870383997999,
      "5": 0.17062009682236057,
      "6": 0.11836482823207202,
      "7": 0.0001442743130723016
    },
    "6": {
      "0": 0.15173999231945173,
      "1": 0.15173999231945173,
      "2": 0.15153224423356373,
      "3": 0.15100990634352612,
      "4": 0.14754300665165304,
      "5": 0.13595326516720876,
      "6": 0.09877624098300744,
      "7": 0.0001442743130722062
    },
    "7": {
      "0": 0.11833563587703347,
      "1": 0.11833563587703347,
      "2": 0.11833563587703347,
      "3": 0.11811218221097067,
      "4": 0.11687691309017738,
      "5": 0.10950026123609564,
      "6": 0.08217061454843991,
      "7": 0.0001442743130727465
    },
    "8": {
      "0": 0.09433838092819233,
      "1": 0.09433838092819233,
      "2": 0.09433838092819233,
      "3": 0.09417622554467517,
      "4": 0.09338090848265602,
      "5": 0.08889313172258356,
      "6": 0.06883990884430442,
      "7": 0.00014427431307221638
    },
    "9": {
      "0": 0.076553838868989,
      "1": 0.076553838868989,
      "2": 0.076553838868989,
      "3": 0.07644948392769803,
      "4": 0.0756744635324178,
      "5": 0.07297259782932222,
      "6": 0.05857676861059571,
      "7": 0.00014427431307283898
    },
    "10": {
      "0": 0.06414493297914003,
      "1": 0.06414493297914003,
      "2": 0.06414493297914003,
      "3": 0.06414493297914003,
      "4": 0.06365772907593616,
      "5": 0.0621096543855867,
      "6": 0.051136832878730165,
      "7": 0.00014427431307222055
    }
  },
  "leakage_no_attacker": {
    "1": 1.0701986023109256,
    "2": 0.5939771890253451,
    "3": 0.3786766136738759,
    "4": 0.2634951733556599,
    "5": 0.19821672085457948,
    "6": 0.15173999231945173,
    "7": 0.11833563587703347,
    "8": 0.09433838092819233,
    "9": 0.076553838868989,
    "10": 0.06414493297914003
  }
}