{
  "name": "max",
  "dist": {
    "dist_name": "uniform_int",
    "a": 0,
    "b": 8,
    "param_str": "(0,8)"
  },
  "num_samples": 1000,
  "num_T": 1,
  "num_A": 1,
  "num_iterations": 10,
  "target_init_entropy": 3.0,
  "awae_data": {
    "1": {
      "0": 1.0832139271223569,
      "1": 1.0548322016738374,
      "2": 0.9981857625398595,
      "3": 0.9121434066622361,
      "4": 0.7292988218359442,
      "5": 0.5505973946376146,
      "6": 0.32133964772058926,
      "7": 0.0007214677450193091
    },
    "2": {
      "0": 0.590442706202295,
      "1": 0.5784877459589193,
      "2": 0.5966764421732338,
      "3": 0.5433356541570015,
      "4": 0.4912765465902475,
      "5": 0.38989847537458805,
      "6": 0.22648048540166768,
      "7": 0.0007214677450194431
    },
    "3": {
      "0": 0.3826654709967163,
      "1": 0.3757680247012719,
      "2": 0.3649608331329396,
      "3": 0.37637350359472244,
      "4": 0.3369704155754869,
      "5": 0.27002947191482385,
      "6": 0.18015372524981482,
      "7": 0.0007214677450194768
    },
    "4": {
      "0": 0.2695259164346767,
      "1": 0.27375607742144364,
      "2": 0.26256215095376,
      "3": 0.2677823263661483,
      "4": 0.25757206983063025,
      "5": 0.22526928808831034,
      "6": 0.14385508616501982,
      "7": 0.0007214677450194525
    },
    "5": {
      "0": 0.2006878949188934,
      "1": 0.20346208160689816,
      "2": 0.19734381770181172,
      "3": 0.19198002179828758,
      "4": 0.19248616309353653,
      "5": 0.17318014319617261,
      "6": 0.11894690836457185,
      "7": 0.0007214677450193047
    },
    "6": {
      "0": 0.15104696288489222,
      "1": 0.14944420966126853,
      "2": 0.14777109925843263,
      "3": 0.1553553640117419,
      "4": 0.1419375603040185,
      "5": 0.1339671957084745,
      "6": 0.10475311204845608,
      "7": 0.0007214677450193324
    },
    "7": {
      "0": 0.12396771737274422,
      "1": 0.12396221222747886,
      "2": 0.12071914025047367,
      "3": 0.12019369794527028,
      "4": 0.11483627618243167,
      "5": 0.10877738701369714,
      "6": 0.08236937496204551,
      "7": 0.0007214677450192526
    },
    "8": {
      "0": 0.09952938712706952,
      "1": 0.09489894622611186,
      "2": 0.09672417773489368,
      "3": 0.10350689323023898,
      "4": 0.09362646579103293,
      "5": 0.08705947082236942,
      "6": 0.07415606425114014,
      "7": 0.0007214677450192884
    },
    "9": {
      "0": 0.08200901407180791,
      "1": 0.08284621071318446,
      "2": 0.08233787057134033,
      "3": 0.08234912503877459,
      "4": 0.07750149434801268,
      "5": 0.07457749146531238,
      "6": 0.06107734113896577,
      "7": 0.0007214677450195857
    },
    "10": {
      "0": 0.0633573991071407,
      "1": 0.06649236862651056,
      "2": 0.06857879716954875,
      "3": 0.06321500707561127,
      "4": 0.0665039047607354,
      "5": 0.059677573227171245,
      "6": 0.052790875562919407,
      "7": 0.0007214677450194027
    }
  }
}