{
  "name": "max",
  "dist": {
    "dist_name": "uniform_int",
    "a": 0,
    "b": 8,
    "param_str": "(0,8)"
  },
  "num_samples": 5000,
  "timestamp": "2024-04-29 16:18:55.104276",
  "num_T": 1,
  "num_A": 1,
  "num_iterations": 10,
  "target_init_entropy": 3.0,
  "awae_data": {
    "1": {
      "0": 1.0771244409442968,
      "1": 1.057259714727448,
      "2": 1.0039532701976142,
      "3": 0.9068073202808872,
      "4": 0.7632665243587599,
      "5": 0.5676696383298354,
      "6": 0.3125339168293142,
      "7": 0.00014427431307218141
    },
    "2": {
      "0": 0.5842425599182722,
      "1": 0.5819863079636912,
      "2": 0.5704652986800754,
      "3": 0.5407646692816971,
      "4": 0.4812319086197879,
      "5": 0.38047887103029204,
      "6": 0.22310221988726595,
      "7": 0.00014427431307208647
    },
    "3": {
      "0": 0.38467174768733614,
      "1": 0.3844820476033149,
      "2": 0.3819321421462757,
      "3": 0.37180977542495625,
      "4": 0.3452390057415221,
      "5": 0.287966626217821,
      "6": 0.18051082092765744,
      "7": 0.00014427431307208785
    },
    "4": {
      "0": 0.2656836206990714,
      "1": 0.26565380500155966,
      "2": 0.26501229183817054,
      "3": 0.2614750147526281,
      "4": 0.24907115169808,
      "5": 0.2162368777034845,
      "6": 0.1417561815867978,
      "7": 0.00014427431307208037
    },
    "5": {
      "0": 0.19359209033310973,
      "1": 0.19359209033310973,
      "2": 0.19343762895403033,
      "3": 0.1923370108238498,
      "4": 0.1863296782550344,
      "5": 0.16775912338581328,
      "6": 0.11633629113621784,
      "7": 0.00014427431307220624
    },
    "6": {
      "0": 0.15311351684319593,
      "1": 0.15311351684319593,
      "2": 0.15294585506951547,
      "3": 0.15233138788875195,
      "4": 0.1497497800661423,
      "5": 0.13726343700509683,
      "6": 0.09841064869260353,
      "7": 0.0001442743130724658
    },
    "7": {
      "0": 0.1170727972538892,
      "1": 0.1170727972538892,
      "2": 0.1170727972538892,
      "3": 0.11674715126715389,
      "4": 0.11547778743299915,
      "5": 0.107996156012146,
      "6": 0.08147619886370369,
      "7": 0.00014427431307230604
    },
    "8": {
      "0": 0.09272104080178574,
      "1": 0.09272104080178574,
      "2": 0.09272104080178574,
      "3": 0.09255437413377562,
      "4": 0.09198056944467185,
      "5": 0.08813131833766111,
      "6": 0.06981533387005653,
      "7": 0.00014427431307238004
    },
    "9": {
      "0": 0.07748973012123804,
      "1": 0.07748973012123804,
      "2": 0.07748973012123804,
      "3": 0.07739499314688633,
      "4": 0.07696115155755125,
      "5": 0.07450361451303236,
      "6": 0.06056691353319142,
      "7": 0.0001442743130722853
    },
    "10": {
      "0": 0.0630834894593302,
      "1": 0.0630834894593302,
      "2": 0.0630834894593302,
      "3": 0.0630834894593302,
      "4": 0.06280266929703365,
      "5": 0.06134024246408147,
      "6": 0.05046127869563877,
      "7": 0.0001442743130723308
    }
  }
}