{
  "name": "median",
  "dist": {
    "dist_name": "poisson",
    "lam": 1,
    "param_str": "(1)"
  },
  "num_samples": 5000,
  "timestamp": "2024-05-07 17:47:47.255644",
  "num_T": 1,
  "num_A": 1,
  "num_iterations": 10,
  "target_init_entropy": 2.047095585180641,
  "awae_data": {
    "1": {
      "0": 0.48386856235669545,
      "1": 0.3620525038552659,
      "2": 0.5690787340384054,
      "3": 0.7317891533664246,
      "4": 0.7891385775103157,
      "5": 0.8029005620042419,
      "6": 0.8057258976035364,
      "7": 0.8060375769821715,
      "8": 0.8060375769821715,
      "9": 0.8060375769821715
    },
    "2": {
      "0": 0.28501186549032287,
      "1": 0.3182872558603944,
      "2": 0.3290494721265586,
      "3": 0.3445774861256111,
      "4": 0.35298498876160556,
      "5": 0.3556902534521163,
      "6": 0.35643250147605676,
      "7": 0.3564533426748695,
      "8": 0.3565581514006034,
      "9": 0.35660960752372844
    },
    "3": {
      "0": 0.1819624858324136,
      "1": 0.13464775792787598,
      "2": 0.19317515613018205,
      "3": 0.21367447811937237,
      "4": 0.21642606109790904,
      "5": 0.2166613623931068,
      "6": 0.2166613623931068,
      "7": 0.2166613623931068,
      "8": 0.2166613623931068,
      "9": 0.2166613623931068
    },
    "4": {
      "0": 0.15946025087387408,
      "1": 0.15003254299030197,
      "2": 0.16907608979124433,
      "3": 0.1724592476033993,
      "4": 0.17341006674619458,
      "5": 0.17358941207938558,
      "6": 0.17358941207938558,
      "7": 0.17358941207938558,
      "8": 0.17358941207938558,
      "9": 0.17358941207938558
    },
    "5": {
      "0": 0.10608390112970727,
      "1": 0.07732474764641264,
      "2": 0.10845192344893213,
      "3": 0.11297736890115358,
      "4": 0.11321895592865865,
      "5": 0.11321895592865865,
      "6": 0.11321895592865865,
      "7": 0.11321895592865865,
      "8": 0.11321895592865865,
      "9": 0.11321895592865865
    },
    "6": {
      "0": 0.10430592989395296,
      "1": 0.09090576024805458,
      "2": 0.11190621049909119,
      "3": 0.1138754510894144,
      "4": 0.11393070450978993,
      "5": 0.11393070450978993,
      "6": 0.11393070450978993,
      "7": 0.11393070450978993,
      "8": 0.11393070450978993,
      "9": 0.11393070450978993
    },
    "7": {
      "0": 0.0734975666947409,
      "1": 0.05275746084053443,
      "2": 0.07321491902746105,
      "3": 0.07409992262109268,
      "4": 0.07408343456549828,
      "5": 0.07408343456549828,
      "6": 0.07408343456549828,
      "7": 0.07408343456549828,
      "8": 0.07408343456549828,
      "9": 0.07408343456549828
    },
    "8": {
      "0": 0.08018170897812901,
      "1": 0.06415822460609324,
      "2": 0.07937989721833646,
      "3": 0.08004086834368575,
      "4": 0.08004086834368575,
      "5": 0.08004086834368575,
      "6": 0.08004086834368575,
      "7": 0.08004086834368575,
      "8": 0.08004086834368575,
      "9": 0.08004086834368575
    },
    "9": {
      "0": 0.0529998580824374,
      "1": 0.03814040454074231,
      "2": 0.05055615163458736,
      "3": 0.05118558652940956,
      "4": 0.05118558652940956,
      "5": 0.05118558652940956,
      "6": 0.05118558652940956,
      "7": 0.05118558652940956,
      "8": 0.05118558652940956,
      "9": 0.05118558652940956
    },
    "10": {
      "0": 0.059655105619669815,
      "1": 0.048043828018858634,
      "2": 0.060082884584429085,
      "3": 0.060808925016396134,
      "4": 0.060808925016396134,
      "5": 0.060808925016396134,
      "6": 0.060808925016396134,
      "7": 0.060808925016396134,
      "8": 0.060808925016396134,
      "9": 0.060808925016396134
    }
  },
  "leakage_no_attacker": {
    "1": 0.579842506941606,
    "2": 0.3009378802982064,
    "3": 0.22015545445832235,
    "4": 0.14098077232633346,
    "5": 0.1366751244422762,
    "6": 0.08595901747923432,
    "7": 0.09648684138175334,
    "8": 0.060835225504543455,
    "9": 0.06847184676691773,
    "10": 0.04639067192665693
  }
}