{
  "name": "median",
  "dist": {
    "dist_name": "poisson",
    "lam": 2,
    "param_str": "(2)"
  },
  "num_samples": 5000,
  "timestamp": "2024-05-07 17:55:52.271459",
  "num_T": 1,
  "num_A": 1,
  "num_iterations": 10,
  "target_init_entropy": 2.547095585180641,
  "awae_data": {
    "1": {
      "0": 0.7528305528503545,
      "1": 0.550545547107526,
      "2": 0.4794482678536475,
      "3": 0.6316568427634927,
      "4": 0.8104803541019964,
      "5": 0.9164445666191803,
      "6": 0.95886260070089,
      "7": 0.9719170868503657,
      "8": 0.9754782262837056,
      "9": 0.976503243629297,
      "10": 0.9766455491257735,
      "11": 0.9766832135521831,
      "12": 0.9767337529578299,
      "13": 0.9767337529578299,
      "14": 0.9663583687051128,
      "15": 0.9663583687051128,
      "16": 0.9663583687051128,
      "17": 0.9663583687051128,
      "18": 0.9663583687051128,
      "19": 0.9663583687051128
    },
    "2": {
      "0": 0.30833518444970787,
      "1": 0.32307865659460777,
      "2": 0.35170785595894266,
      "3": 0.3459612263490107,
      "4": 0.34272540687198344,
      "5": 0.34657911018419857,
      "6": 0.3506339130291248,
      "7": 0.35278579506862806,
      "8": 0.3541083782929658,
      "9": 0.3546084293509492,
      "10": 0.3546874631666819,
      "11": 0.3546874631666819,
      "12": 0.3546874631666819,
      "13": 0.3546874631666819,
      "14": 0.3475141591115037,
      "15": 0.3475141591115037,
      "16": 0.3475141591115037,
      "17": 0.3475141591115037,
      "18": 0.3475141591115037,
      "19": 0.3475141591115037
    },
    "3": {
      "0": 0.24417185572365757,
      "1": 0.20295236985950021,
      "2": 0.17310923636606124,
      "3": 0.22111351684320318,
      "4": 0.2565047442137557,
      "5": 0.2663012122420413,
      "6": 0.2681637308900813,
      "7": 0.2684244371257495,
      "8": 0.2684244371257495,
      "9": 0.2684244371257495,
      "10": 0.2684244371257495,
      "11": 0.2684244371257495,
      "12": 0.2684244371257495,
      "13": 0.2684244371257495,
      "14": 0.27249352964949786,
      "15": 0.27249352964949786,
      "16": 0.27249352964949786,
      "17": 0.27249352964949786,
      "18": 0.27249352964949786,
      "19": 0.27249352964949786
    },
    "4": {
      "0": 0.18354653910490537,
      "1": 0.1720664640556967,
      "2": 0.17700854797444313,
      "3": 0.17918351754374945,
      "4": 0.180937840564152,
      "5": 0.18143551406952313,
      "6": 0.1820018355653836,
      "7": 0.18211399479883467,
      "8": 0.18211399479883467,
      "9": 0.18211399479883467,
      "10": 0.18211399479883467,
      "11": 0.18211399479883467,
      "12": 0.18211399479883467,
      "13": 0.18211399479883467,
      "14": 0.19188703797702528,
      "15": 0.19188703797702528,
      "16": 0.19188703797702528,
      "17": 0.19188703797702528,
      "18": 0.19188703797702528,
      "19": 0.19188703797702528
    },
    "5": {
      "0": 0.1413892334726899,
      "1": 0.1274748959719042,
      "2": 0.1099141971838595,
      "3": 0.1366355588255297,
      "4": 0.1477872663236996,
      "5": 0.14964883001237955,
      "6": 0.1499921823842401,
      "7": 0.1499921823842401,
      "8": 0.1499921823842401,
      "9": 0.1499921823842401,
      "10": 0.1499921823842401,
      "11": 0.1499921823842401,
      "12": 0.1499921823842401,
      "13": 0.1499921823842401,
      "14": 0.14692554879472994,
      "15": 0.14692554879472994,
      "16": 0.14692554879472994,
      "17": 0.14692554879472994,
      "18": 0.14692554879472994,
      "19": 0.14692554879472994
    },
    "6": {
      "0": 0.12699627689707135,
      "1": 0.11983245288418931,
      "2": 0.11670691457984406,
      "3": 0.12801922288801776,
      "4": 0.13100740679570902,
      "5": 0.13165708628004233,
      "6": 0.13167539810600398,
      "7": 0.13167539810600398,
      "8": 0.13167539810600398,
      "9": 0.13167539810600398,
      "10": 0.13167539810600398,
      "11": 0.13167539810600398,
      "12": 0.13167539810600398,
      "13": 0.13167539810600398,
      "14": 0.13182347057297233,
      "15": 0.13182347057297233,
      "16": 0.13182347057297233,
      "17": 0.13182347057297233,
      "18": 0.13182347057297233,
      "19": 0.13182347057297233
    },
    "7": {
      "0": 0.08937039869113324,
      "1": 0.08455831310671977,
      "2": 0.07353738344120282,
      "3": 0.09166950931506679,
      "4": 0.09653275966589343,
      "5": 0.09722575496137863,
      "6": 0.09724979987872678,
      "7": 0.09724979987872678,
      "8": 0.09724979987872678,
      "9": 0.09724979987872678,
      "10": 0.09724979987872678,
      "11": 0.09724979987872678,
      "12": 0.09724979987872678,
      "13": 0.09724979987872678,
      "14": 0.09334291028724903,
      "15": 0.09334291028724903,
      "16": 0.09334291028724903,
      "17": 0.09334291028724903,
      "18": 0.09334291028724903,
      "19": 0.09334291028724903
    },
    "8": {
      "0": 0.08936953814794008,
      "1": 0.08548284082033115,
      "2": 0.07938280415795332,
      "3": 0.09101909252011738,
      "4": 0.09248655330471632,
      "5": 0.09290461207732413,
      "6": 0.09296032150016945,
      "7": 0.09296032150016945,
      "8": 0.09296032150016945,
      "9": 0.09296032150016945,
      "10": 0.09296032150016945,
      "11": 0.09296032150016945,
      "12": 0.09296032150016945,
      "13": 0.09296032150016945,
      "14": 0.09543343880792257,
      "15": 0.09543343880792257,
      "16": 0.09543343880792257,
      "17": 0.09543343880792257,
      "18": 0.09543343880792257,
      "19": 0.09543343880792257
    },
    "9": {
      "0": 0.06540679293863948,
      "1": 0.06358753000871079,
      "2": 0.052735327223949524,
      "3": 0.068097914506734,
      "4": 0.07009260966700387,
      "5": 0.07024823436570224,
      "6": 0.07024823436570224,
      "7": 0.07024823436570224,
      "8": 0.07024823436570224,
      "9": 0.07024823436570224,
      "10": 0.07024823436570224,
      "11": 0.07024823436570224,
      "12": 0.07024823436570224,
      "13": 0.07024823436570224,
      "14": 0.06803412904450801,
      "15": 0.06803412904450801,
      "16": 0.06803412904450801,
      "17": 0.06803412904450801,
      "18": 0.06803412904450801,
      "19": 0.06803412904450801
    },
    "10": {
      "0": 0.07347035310379384,
      "1": 0.071370448745225,
      "2": 0.06443775606409785,
      "3": 0.07309584067762484,
      "4": 0.07445340814203363,
      "5": 0.07443699139819743,
      "6": 0.07443699139819743,
      "7": 0.07443699139819743,
      "8": 0.07443699139819743,
      "9": 0.07443699139819743,
      "10": 0.07443699139819743,
      "11": 0.07443699139819743,
      "12": 0.07443699139819743,
      "13": 0.07443699139819743,
      "14": 0.0746025439759538,
      "15": 0.0746025439759538,
      "16": 0.0746025439759538,
      "17": 0.0746025439759538,
      "18": 0.0746025439759538,
      "19": 0.0746025439759538
    }
  },
  "leakage_no_attacker": {
    "1": 0.5532816049178596,
    "2": 0.3795218184989616,
    "3": 0.23031257791293153,
    "4": 0.17882864645077184,
    "5": 0.15857936491821706,
    "6": 0.11174044534653711,
    "7": 0.10930658068190395,
    "8": 0.07399220114536623,
    "9": 0.08378051445282829,
    "10": 0.06100884842569828
  }
}