{
  "name": "median",
  "dist": {
    "dist_name": "poisson",
    "lam": 2,
    "param_str": "(2)"
  },
  "num_samples": 1000,
  "num_T": 1,
  "num_A": 1,
  "num_iterations": 10,
  "target_init_entropy": 1.7048826439310045,
  "awae_data": {
    "1": {
      "0": 0.5188461288167291,
      "1": 0.391334305533504,
      "2": 0.3363139914820025,
      "3": 0.43667500417965843,
      "4": 0.5515437892275032,
      "5": 0.6244356451774891,
      "6": 0.6654748434985762,
      "7": 0.6854410250417586,
      "8": 0.6689141973231355,
      "9": 0.6729134110354247,
      "10": 0.6683343202044577,
      "11": 0.6686513891365845,
      "12": 0.6656432365552609,
      "13": 0.6721518600143669,
      "14": 0.6844517204197843,
      "15": 0.6770350163267519,
      "16": 0.682314821303221,
      "17": 0.6844993224066801,
      "18": 0.6747979908149423,
      "19": 0.6769784997806578
    },
    "2": {
      "0": 0.22715268431834734,
      "1": 0.23241577798033877,
      "2": 0.2448462851325567,
      "3": 0.25790168088341237,
      "4": 0.24642051561391826,
      "5": 0.2309331177516846,
      "6": 0.24364123753336026,
      "7": 0.24061527992953588,
      "8": 0.2273279979982378,
      "9": 0.2479992731861292,
      "10": 0.2543856992307444,
      "11": 0.2505122316898728,
      "12": 0.2398099436769209,
      "13": 0.23524084331797365,
      "14": 0.24242432539034392,
      "15": 0.25355229580779215,
      "16": 0.24953938125572597,
      "17": 0.2513010787908982,
      "18": 0.25388730463550985,
      "19": 0.24710669871157115
    },
    "3": {
      "0": 0.16831284676685307,
      "1": 0.15377983917471968,
      "2": 0.13320338614052202,
      "3": 0.16208538975972753,
      "4": 0.18403033542341357,
      "5": 0.18895219157568213,
      "6": 0.18989973928309128,
      "7": 0.18419361231749354,
      "8": 0.193109769036225,
      "9": 0.20598321615038975,
      "10": 0.1842247337395126,
      "11": 0.1972197470797196,
      "12": 0.19843538538395994,
      "13": 0.18466979623262417,
      "14": 0.1845533545422297,
      "15": 0.18821819377743484,
      "16": 0.1928271891103043,
      "17": 0.19048169516256946,
      "18": 0.18831826393294324,
      "19": 0.190694005668757
    },
    "4": {
      "0": 0.13462629284693026,
      "1": 0.12793438385057512,
      "2": 0.12641038633180962,
      "3": 0.13235499073410933,
      "4": 0.13015740975529816,
      "5": 0.13667818417920571,
      "6": 0.1393731634180194,
      "7": 0.1364927467040274,
      "8": 0.13239440072578387,
      "9": 0.133417768331437,
      "10": 0.14295231066868605,
      "11": 0.1450267273189656,
      "12": 0.13494248514921844,
      "13": 0.13347425580469274,
      "14": 0.147415970559824,
      "15": 0.12862188330123195,
      "16": 0.13585330422527891,
      "17": 0.13278262939472163,
      "18": 0.13598365466303494,
      "19": 0.13129378528091235
    },
    "5": {
      "0": 0.10791094670888571,
      "1": 0.07602364301332346,
      "2": 0.07146550646334916,
      "3": 0.09495656173135973,
      "4": 0.10801811319413197,
      "5": 0.11248666359007695,
      "6": 0.1130335560073024,
      "7": 0.10646853665392501,
      "8": 0.10449089808063942,
      "9": 0.1060613799374021,
      "10": 0.11067586225102093,
      "11": 0.11304614467439651,
      "12": 0.10826192898313461,
      "13": 0.11042662847802984,
      "14": 0.09654677466952918,
      "15": 0.10374550394720719,
      "16": 0.1065346892422678,
      "17": 0.09901005921154418,
      "18": 0.11207710341357693,
      "19": 0.1118093650438325
    },
    "6": {
      "0": 0.08548348782417511,
      "1": 0.08822307226277512,
      "2": 0.08349624001847683,
      "3": 0.09086109875415951,
      "4": 0.09349637739404387,
      "5": 0.09011877249009007,
      "6": 0.09084401880571938,
      "7": 0.0978781262977786,
      "8": 0.09515446077447556,
      "9": 0.09198135419576339,
      "10": 0.08491513250333708,
      "11": 0.10527508675417208,
      "12": 0.09486567528200482,
      "13": 0.09240614273716041,
      "14": 0.0862078505688452,
      "15": 0.10174495853753251,
      "16": 0.10089296035673842,
      "17": 0.08903067326708294,
      "18": 0.09196959279348012,
      "19": 0.09676182276347135
    },
    "7": {
      "0": 0.06529731286342208,
      "1": 0.06385446976897707,
      "2": 0.04826525119654363,
      "3": 0.06781725224282535,
      "4": 0.07269685553660031,
      "5": 0.07273995714569118,
      "6": 0.06880051512753546,
      "7": 0.06668554458780518,
      "8": 0.07553964005906563,
      "9": 0.07686835343862652,
      "10": 0.07034974412457193,
      "11": 0.07248032353550687,
      "12": 0.07276775413553177,
      "13": 0.07231947310994673,
      "14": 0.0725007640038498,
      "15": 0.07107659736227638,
      "16": 0.0693561934836798,
      "17": 0.07620321224241305,
      "18": 0.07159283211269339,
      "19": 0.06969968644824362
    },
    "8": {
      "0": 0.062382826888923194,
      "1": 0.0648854332119082,
      "2": 0.061260742413294454,
      "3": 0.07606661438411527,
      "4": 0.06549096244423243,
      "5": 0.07700244481118902,
      "6": 0.07108356070983504,
      "7": 0.07104428302310087,
      "8": 0.07331736189758617,
      "9": 0.07625191078858165,
      "10": 0.0728093439336718,
      "11": 0.06829071350725109,
      "12": 0.06652132082999686,
      "13": 0.07116285409331997,
      "14": 0.06701853683677013,
      "15": 0.07408270161731997,
      "16": 0.07462555823584394,
      "17": 0.07596768011608693,
      "18": 0.06997736476179665,
      "19": 0.07641028087336837
    },
    "9": {
      "0": 0.056724087493097194,
      "1": 0.047728574860890854,
      "2": 0.0398103299495811,
      "3": 0.05226180862063608,
      "4": 0.05210236864661215,
      "5": 0.050359382737285595,
      "6": 0.05169591217256671,
      "7": 0.04914716494544871,
      "8": 0.05492375355036956,
      "9": 0.051725267541604024,
      "10": 0.05571555222777387,
      "11": 0.05130685508539288,
      "12": 0.0526715590025789,
      "13": 0.0545104115905244,
      "14": 0.05202728744056305,
      "15": 0.051692419035260825,
      "16": 0.05674784704738574,
      "17": 0.053758086007684544,
      "18": 0.05243279767017327,
      "19": 0.045515626342713236
    },
    "10": {
      "0": 0.055721091968623127,
      "1": 0.05077797008016697,
      "2": 0.050126639823134145,
      "3": 0.048582606495300266,
      "4": 0.0528419904263314,
      "5": 0.05433171802890237,
      "6": 0.05852297472226799,
      "7": 0.05339134462031912,
      "8": 0.055225802536761105,
      "9": 0.05641476006874783,
      "10": 0.053195929136008215,
      "11": 0.05648207916139325,
      "12": 0.054958985328559605,
      "13": 0.05045703828606892,
      "14": 0.0537585856632834,
      "15": 0.051214232075357545,
      "16": 0.0606751427273305,
      "17": 0.04847504716570375,
      "18": 0.06090815087359643,
      "19": 0.0564131742401837
    }
  }
}