{
  "name": "median",
  "dist": {
    "dist_name": "poisson",
    "lam": 2,
    "param_str": "(2)"
  },
  "num_samples": 5000,
  "timestamp": "2024-05-03 17:24:49.303126",
  "num_T": 1,
  "num_A": 1,
  "num_iterations": 10,
  "target_init_entropy": 2.547095585180641,
  "awae_data": {
    "1": {
      "0": 0.7576438196608609,
      "1": 0.5544053328282955,
      "2": 0.4799102558016212,
      "3": 0.6259157060025664,
      "4": 0.8042027914946859,
      "5": 0.9095017475169065,
      "6": 0.9516488394184724,
      "7": 0.9655492671337036,
      "8": 0.9697104239935654,
      "9": 0.9709269565321342,
      "10": 0.9710643172734278,
      "11": 0.9710309235066834,
      "12": 0.9710309235066834,
      "13": 0.9710309235066834,
      "14": 0.9703746695782899,
      "15": 0.9703746695782899,
      "16": 0.9703746695782899,
      "17": 0.9703746695782899,
      "18": 0.9703746695782899,
      "19": 0.9703746695782899
    },
    "2": {
      "0": 0.319860593957641,
      "1": 0.34166482374730966,
      "2": 0.3667104304801094,
      "3": 0.35779349521121057,
      "4": 0.3483626070131035,
      "5": 0.3498898648797147,
      "6": 0.352444708806817,
      "7": 0.3544548352606669,
      "8": 0.3552407381255168,
      "9": 0.3554011658204763,
      "10": 0.3555306582217954,
      "11": 0.3555145334904448,
      "12": 0.3555145334904448,
      "13": 0.3555145334904448,
      "14": 0.35282736455751357,
      "15": 0.35282736455751357,
      "16": 0.35282736455751357,
      "17": 0.35282736455751357,
      "18": 0.35282736455751357,
      "19": 0.35282736455751357
    },
    "3": {
      "0": 0.24180872508419124,
      "1": 0.20236920672405256,
      "2": 0.17365113099251928,
      "3": 0.21798152162878903,
      "4": 0.25457476780069194,
      "5": 0.26313237916507737,
      "6": 0.26448744148963677,
      "7": 0.264731885478193,
      "8": 0.264731885478193,
      "9": 0.264731885478193,
      "10": 0.264731885478193,
      "11": 0.264731885478193,
      "12": 0.264731885478193,
      "13": 0.264731885478193,
      "14": 0.26519916815813094,
      "15": 0.26519916815813094,
      "16": 0.26519916815813094,
      "17": 0.26519916815813094,
      "18": 0.26519916815813094,
      "19": 0.26519916815813094
    },
    "4": {
      "0": 0.18329690135598176,
      "1": 0.17161643778762609,
      "2": 0.17409844580058376,
      "3": 0.17825190254268158,
      "4": 0.18145106916508852,
      "5": 0.18182290920973465,
      "6": 0.1825159795163596,
      "7": 0.18272374282735548,
      "8": 0.18272374282735548,
      "9": 0.18272374282735548,
      "10": 0.18272374282735548,
      "11": 0.18272374282735548,
      "12": 0.18272374282735548,
      "13": 0.18272374282735548,
      "14": 0.18493248248536348,
      "15": 0.18493248248536348,
      "16": 0.18493248248536348,
      "17": 0.18493248248536348,
      "18": 0.18493248248536348,
      "19": 0.18493248248536348
    },
    "5": {
      "0": 0.13546594721999242,
      "1": 0.12120391384363849,
      "2": 0.10236385358578323,
      "3": 0.12777316739286684,
      "4": 0.13977725523972123,
      "5": 0.14143587429183505,
      "6": 0.14146328549761195,
      "7": 0.14146328549761195,
      "8": 0.14146328549761195,
      "9": 0.14146328549761195,
      "10": 0.14146328549761195,
      "11": 0.14146328549761195,
      "12": 0.14146328549761195,
      "13": 0.14146328549761195,
      "14": 0.14282897207010883,
      "15": 0.14282897207010883,
      "16": 0.14282897207010883,
      "17": 0.14282897207010883,
      "18": 0.14282897207010883,
      "19": 0.14282897207010883
    },
    "6": {
      "0": 0.13034416818102906,
      "1": 0.1206734685149862,
      "2": 0.1179194219334851,
      "3": 0.12839513403084726,
      "4": 0.1321103582310734,
      "5": 0.13316601330760408,
      "6": 0.13319618872370811,
      "7": 0.13319618872370811,
      "8": 0.13319618872370811,
      "9": 0.13319618872370811,
      "10": 0.13319618872370811,
      "11": 0.13319618872370811,
      "12": 0.13319618872370811,
      "13": 0.13319618872370811,
      "14": 0.12835141945105102,
      "15": 0.12835141945105102,
      "16": 0.12835141945105102,
      "17": 0.12835141945105102,
      "18": 0.12835141945105102,
      "19": 0.12835141945105102
    },
    "7": {
      "0": 0.09232433683794285,
      "1": 0.08575224218349187,
      "2": 0.07323419066200278,
      "3": 0.09147406503024778,
      "4": 0.09643143500785595,
      "5": 0.09716595499268155,
      "6": 0.09716595499268155,
      "7": 0.09716595499268155,
      "8": 0.09716595499268155,
      "9": 0.09716595499268155,
      "10": 0.09716595499268155,
      "11": 0.09716595499268155,
      "12": 0.09716595499268155,
      "13": 0.09716595499268155,
      "14": 0.09797417810222497,
      "15": 0.09797417810222497,
      "16": 0.09797417810222497,
      "17": 0.09797417810222497,
      "18": 0.09797417810222497,
      "19": 0.09797417810222497
    },
    "8": {
      "0": 0.09334880371883719,
      "1": 0.0885949385949744,
      "2": 0.08360236579629074,
      "3": 0.0940968918752392,
      "4": 0.09641215952390256,
      "5": 0.09674456059197857,
      "6": 0.0968288141935201,
      "7": 0.0968288141935201,
      "8": 0.0968288141935201,
      "9": 0.0968288141935201,
      "10": 0.0968288141935201,
      "11": 0.0968288141935201,
      "12": 0.0968288141935201,
      "13": 0.0968288141935201,
      "14": 0.09476189884250573,
      "15": 0.09476189884250573,
      "16": 0.09476189884250573,
      "17": 0.09476189884250573,
      "18": 0.09476189884250573,
      "19": 0.09476189884250573
    },
    "9": {
      "0": 0.0689906342365415,
      "1": 0.06665031392115785,
      "2": 0.05527976764089484,
      "3": 0.06692220016381291,
      "4": 0.06884198672155546,
      "5": 0.06894949575536176,
      "6": 0.06894949575536176,
      "7": 0.06894949575536176,
      "8": 0.06894949575536176,
      "9": 0.06894949575536176,
      "10": 0.06894949575536176,
      "11": 0.06894949575536176,
      "12": 0.06894949575536176,
      "13": 0.06894949575536176,
      "14": 0.07019547267164299,
      "15": 0.07019547267164299,
      "16": 0.07019547267164299,
      "17": 0.07019547267164299,
      "18": 0.07019547267164299,
      "19": 0.07019547267164299
    },
    "10": {
      "0": 0.0704326408709709,
      "1": 0.0681114313933519,
      "2": 0.06231278946587117,
      "3": 0.07273408606512691,
      "4": 0.07392270466183784,
      "5": 0.0741563291101684,
      "6": 0.0741563291101684,
      "7": 0.0741563291101684,
      "8": 0.0741563291101684,
      "9": 0.0741563291101684,
      "10": 0.0741563291101684,
      "11": 0.0741563291101684,
      "12": 0.0741563291101684,
      "13": 0.0741563291101684,
      "14": 0.0739687667433294,
      "15": 0.0739687667433294,
      "16": 0.0739687667433294,
      "17": 0.0739687667433294,
      "18": 0.0739687667433294,
      "19": 0.0739687667433294
    }
  }
}