{
  "name": "median",
  "dist": {
    "dist_name": "poisson",
    "lam": 4,
    "param_str": "(4)"
  },
  "num_samples": 1000,
  "num_T": 1,
  "num_A": 1,
  "num_iterations": 10,
  "target_init_entropy": 2.0866726998809635,
  "awae_data": {
    "1": {
      "0": 0.734585487159073,
      "1": 0.671960182215734,
      "2": 0.549459289353435,
      "3": 0.44538171594673787,
      "4": 0.4164918613918253,
      "5": 0.48297467519438264,
      "6": 0.577668889387634,
      "7": 0.6751259908949372,
      "8": 0.7575256729791496,
      "9": 0.7837023828477296,
      "10": 0.7947217453418604,
      "11": 0.8092674833432225,
      "12": 0.7761367807185822,
      "13": 0.8076013489785094,
      "14": 0.8107702515935864,
      "15": 0.7998186744642914,
      "16": 0.7989728909459884,
      "17": 0.8124328271053229,
      "18": 0.8121982727192586,
      "19": 0.8072524270522076,
      "20": 0.8072917375268966,
      "21": 0.8057022814066077,
      "22": 0.796711799848228,
      "23": 0.810076887862343,
      "24": 0.8029357045728036,
      "25": 0.8034307083115955,
      "26": 0.8278835781256614,
      "27": 0.8138259573324825,
      "28": 0.8090000843732403,
      "29": 0.8125095572396029,
      "30": 0.821754914402737,
      "31": 0.8112871285282346,
      "32": 0.8189172580896601,
      "33": 0.8069828196011116,
      "34": 0.8001335341697263,
      "35": 0.8196928940434784,
      "36": 0.8027136573288928,
      "37": 0.8026446711612858,
      "38": 0.8083302687864501,
      "39": 0.8066907418647519
    },
    "2": {
      "0": 0.22323608337296913,
      "1": 0.24190753703231044,
      "2": 0.24984161785806638,
      "3": 0.2777351450202383,
      "4": 0.2976945216093962,
      "5": 0.2867737784706903,
      "6": 0.27138593661929983,
      "7": 0.25364122837473724,
      "8": 0.25018144129376807,
      "9": 0.2550817332883066,
      "10": 0.2447738518446292,
      "11": 0.24968330110182854,
      "12": 0.2437130009586168,
      "13": 0.24626666722830368,
      "14": 0.2494277951791612,
      "15": 0.2656170584797862,
      "16": 0.23744660269377288,
      "17": 0.25077517720953874,
      "18": 0.253562769838675,
      "19": 0.2471806074651352,
      "20": 0.257883619884587,
      "21": 0.24973766393527502,
      "22": 0.259292497754377,
      "23": 0.24837238922095847,
      "24": 0.2505340217463296,
      "25": 0.2572983402894498,
      "26": 0.25637863289902746,
      "27": 0.25519785639225195,
      "28": 0.262905326581372,
      "29": 0.24749194683654915,
      "30": 0.25940197887793764,
      "31": 0.250391244548346,
      "32": 0.2432646912735612,
      "33": 0.2564602148081049,
      "34": 0.2561432734045372,
      "35": 0.24724487144263568,
      "36": 0.25924088056513195,
      "37": 0.2681646011885313,
      "38": 0.24945814773632174,
      "39": 0.25257460038831914
    },
    "3": {
      "0": 0.21566713534808937,
      "1": 0.2040965166044412,
      "2": 0.20764444975883878,
      "3": 0.18036672596937425,
      "4": 0.16198645054048474,
      "5": 0.19411785130823153,
      "6": 0.21516616205476327,
      "7": 0.22203176970935626,
      "8": 0.24135400862790135,
      "9": 0.23505523044889137,
      "10": 0.23304080252789702,
      "11": 0.23045687236787554,
      "12": 0.24931369821197089,
      "13": 0.243479788602321,
      "14": 0.25203288703074994,
      "15": 0.23797173511420278,
      "16": 0.2502050383191257,
      "17": 0.24485289018657513,
      "18": 0.24162595026171343,
      "19": 0.22677808741074998,
      "20": 0.2403599687907653,
      "21": 0.2317853062114208,
      "22": 0.24623914925974386,
      "23": 0.24782200771728874,
      "24": 0.24254648367083398,
      "25": 0.24153797221490542,
      "26": 0.24111923179244238,
      "27": 0.24650966656077,
      "28": 0.23820829050179498,
      "29": 0.2404915937066278,
      "30": 0.24044233459878975,
      "31": 0.22729255372331045,
      "32": 0.2318153275207225,
      "33": 0.23417863054117163,
      "34": 0.23181792290720477,
      "35": 0.2522717492466521,
      "36": 0.2327394279148601,
      "37": 0.24747780059232033,
      "38": 0.24490996722357677,
      "39": 0.2399762233241381
    },
    "4": {
      "0": 0.13653732715130315,
      "1": 0.13907521525753738,
      "2": 0.1468323664876365,
      "3": 0.14435746681786552,
      "4": 0.1493467752723851,
      "5": 0.14550509084258634,
      "6": 0.13752563287695538,
      "7": 0.14035852858146486,
      "8": 0.14364004543562153,
      "9": 0.14421826545396682,
      "10": 0.13987812693828378,
      "11": 0.15302985361613328,
      "12": 0.14923031522729419,
      "13": 0.1474471539695676,
      "14": 0.1466711065795222,
      "15": 0.14727316680747257,
      "16": 0.14445947922129668,
      "17": 0.13865278594422864,
      "18": 0.1352321678526574,
      "19": 0.14489063490616724,
      "20": 0.14600667867991884,
      "21": 0.14966739060716985,
      "22": 0.14287940167974583,
      "23": 0.13941049727009275,
      "24": 0.13767898732505576,
      "25": 0.14112995342798312,
      "26": 0.13276250676608872,
      "27": 0.14403779628837193,
      "28": 0.14780855783178487,
      "29": 0.1348942994558388,
      "30": 0.14528813987517716,
      "31": 0.13946958130993561,
      "32": 0.1478017044605237,
      "33": 0.12902178529485683,
      "34": 0.13986705310597766,
      "35": 0.14866957149698956,
      "36": 0.1406515268511543,
      "37": 0.1440009978636668,
      "38": 0.13788334122145027,
      "39": 0.14499460642443493
    },
    "5": {
      "0": 0.1288502885026957,
      "1": 0.12766831426298925,
      "2": 0.12517680543644255,
      "3": 0.09580694199176096,
      "4": 0.09731750816623233,
      "5": 0.11373913143062295,
      "6": 0.13187381009062127,
      "7": 0.11576989349712667,
      "8": 0.1344807539754309,
      "9": 0.1350392768065527,
      "10": 0.1367775832443589,
      "11": 0.13315910402260261,
      "12": 0.13176106996115874,
      "13": 0.13295978459166236,
      "14": 0.13474149908624905,
      "15": 0.13312517211411562,
      "16": 0.13187744246437827,
      "17": 0.13615218209959662,
      "18": 0.13001168083333386,
      "19": 0.12958817801225303,
      "20": 0.13439796626372755,
      "21": 0.12395920625205974,
      "22": 0.12477094111311895,
      "23": 0.1363921563903999,
      "24": 0.1403911366263011,
      "25": 0.13330916343309396,
      "26": 0.12659277266294666,
      "27": 0.13853127169322382,
      "28": 0.13221046133940237,
      "29": 0.13275540638399583,
      "30": 0.12798087403240385,
      "31": 0.1317586248152467,
      "32": 0.12788279948283612,
      "33": 0.13531769454475176,
      "34": 0.13887515049100088,
      "35": 0.12545739356268312,
      "36": 0.13333173879345242,
      "37": 0.14267323564683532,
      "38": 0.12649831149670274,
      "39": 0.13972345500759867
    },
    "6": {
      "0": 0.10130647654725726,
      "1": 0.10669189556131738,
      "2": 0.10178200478883173,
      "3": 0.10219252472062115,
      "4": 0.10353061160547998,
      "5": 0.10610112273314472,
      "6": 0.10294737949615514,
      "7": 0.10804970271360292,
      "8": 0.10431043893234937,
      "9": 0.10557713727946183,
      "10": 0.10445848608763109,
      "11": 0.09665901335998961,
      "12": 0.1070080270941032,
      "13": 0.11165729338714836,
      "14": 0.09798129564883798,
      "15": 0.10522388733175832,
      "16": 0.10960054949550144,
      "17": 0.08912960200424516,
      "18": 0.1084090254313655,
      "19": 0.10381147336690613,
      "20": 0.11119147638580695,
      "21": 0.09653999333207693,
      "22": 0.09929764526178933,
      "23": 0.11336757557862902,
      "24": 0.10334805520945525,
      "25": 0.1034779468015323,
      "26": 0.10510455138029373,
      "27": 0.11039436268572711,
      "28": 0.10552405583981297,
      "29": 0.10227177976675297,
      "30": 0.11251976123226196,
      "31": 0.09990393507212368,
      "32": 0.10636264856068034,
      "33": 0.10072336511276539,
      "34": 0.1053587801802067,
      "35": 0.10134750253938143,
      "36": 0.10686321537041796,