{
  "name": "median",
  "dist": {
    "dist_name": "poisson",
    "lam": 4,
    "param_str": "(4)"
  },
  "num_samples": 5000,
  "timestamp": "2024-05-07 18:07:19.275248",
  "num_T": 1,
  "num_A": 1,
  "num_iterations": 10,
  "target_init_entropy": 3.047095585180641,
  "awae_data": {
    "1": {
      "0": 1.0277429027500886,
      "1": 0.9687785408729768,
      "2": 0.8159544098704826,
      "3": 0.64942936435055,
      "4": 0.5999607126938432,
      "5": 0.6898713866876381,
      "6": 0.8465285452671762,
      "7": 0.9851035341170894,
      "8": 1.0750515205350328,
      "9": 1.1224695930778956,
      "10": 1.1416509994111839,
      "11": 1.1492167916346392,
      "12": 1.1523431746062605,
      "13": 1.1534759196849858,
      "14": 1.1675477256240832,
      "15": 1.1676141003252978,
      "16": 1.1676925211057347,
      "17": 1.1676925211057347,
      "18": 1.1676925211057347,
      "19": 1.1676925211057347,
      "20": 1.1676925211057347,
      "21": 1.1676925211057347,
      "22": 1.1676925211057347,
      "23": 1.1676925211057347,
      "24": 1.1676925211057347,
      "25": 1.1676925211057347,
      "26": 1.1498367152926483,
      "27": 1.1676925211057347,
      "28": 1.1498367152926483,
      "29": 1.1676925211057347,
      "30": 1.1521833501851992,
      "31": 1.1521833501851992,
      "32": 1.1498367152926483,
      "33": 1.1498367152926483,
      "34": 1.1498367152926483,
      "35": 1.1498367152926483,
      "36": 1.1498367152926483,
      "37": 1.1498367152926483,
      "38": 1.1498367152926483,
      "39": 1.1498367152926483
    },
    "2": {
      "0": 0.31459703013355367,
      "1": 0.3169936317738705,
      "2": 0.3404721105650796,
      "3": 0.385924714064688,
      "4": 0.40518799734889654,
      "5": 0.39379929301103195,
      "6": 0.3659409396411761,
      "7": 0.34773839177524885,
      "8": 0.34198042141068197,
      "9": 0.3412049153111788,
      "10": 0.3421118414824012,
      "11": 0.34268256961898197,
      "12": 0.3433869671033305,
      "13": 0.3435584381397208,
      "14": 0.3480645838240993,
      "15": 0.34805992690207743,
      "16": 0.34806046517496275,
      "17": 0.34806046517496275,
      "18": 0.34806046517496275,
      "19": 0.34806046517496275,
      "20": 0.34806046517496275,
      "21": 0.34806046517496275,
      "22": 0.34806046517496275,
      "23": 0.34806046517496275,
      "24": 0.34806046517496275,
      "25": 0.34806046517496275,
      "26": 0.34806046517496275,
      "27": 0.34806046517496275,
      "28": 0.348889406985594,
      "29": 0.348889406985594,
      "30": 0.35469743959047334,
      "31": 0.35469743959047334,
      "32": 0.348889406985594,
      "33": 0.348889406985594,
      "34": 0.348889406985594,
      "35": 0.348889406985594,
      "36": 0.348889406985594,
      "37": 0.348889406985594,
      "38": 0.348889406985594,
      "39": 0.348889406985594
    },
    "3": {
      "0": 0.31319667984848953,
      "1": 0.31032187608763556,
      "2": 0.28807379399484834,
      "3": 0.2401004690110912,
      "4": 0.2261157886453269,
      "5": 0.26163257708369925,
      "6": 0.30060796421001973,
      "7": 0.3226396369211389,
      "8": 0.3292020746558657,
      "9": 0.33175804466169106,
      "10": 0.33281287331319337,
      "11": 0.3328654154100442,
      "12": 0.3328654154100442,
      "13": 0.3328654154100442,
      "14": 0.3302746841639459,
      "15": 0.3302746841639459,
      "16": 0.3302746841639459,
      "17": 0.3302746841639459,
      "18": 0.3302746841639459,
      "19": 0.3302746841639459,
      "20": 0.3302746841639459,
      "21": 0.3302746841639459,
      "22": 0.3302746841639459,
      "23": 0.3302746841639459,
      "24": 0.3302746841639459,
      "25": 0.3302746841639459,
      "26": 0.3302746841639459,
      "27": 0.3302746841639459,
      "28": 0.3311748863758291,
      "29": 0.3311748863758291,
      "30": 0.3298621032479351,
      "31": 0.3298621032479351,
      "32": 0.3311748863758291,
      "33": 0.3311748863758291,
      "34": 0.3311748863758291,
      "35": 0.3311748863758291,
      "36": 0.3311748863758291,
      "37": 0.3311748863758291,
      "38": 0.3311748863758291,
      "39": 0.3311748863758291
    },
    "4": {
      "0": 0.1859181289831115,
      "1": 0.18558486595032325,
      "2": 0.18516548632813384,
      "3": 0.1916309915755145,
      "4": 0.19870142882830938,
      "5": 0.19409192088182622,
      "6": 0.1887087819129996,
      "7": 0.18638059376689425,
      "8": 0.18775723224078558,
      "9": 0.18771880257211515,
      "10": 0.18789283382735011,
      "11": 0.18806990159943388,
      "12": 0.18803452622540356,
      "13": 0.18803452622540356,
      "14": 0.1851991272207278,
      "15": 0.1851991272207278,
      "16": 0.1851991272207278,
      "17": 0.1851991272207278,
      "18": 0.1851991272207278,
      "19": 0.1851991272207278,
      "20": 0.1851991272207278,
      "21": 0.1851991272207278,
      "22": 0.1851991272207278,
      "23": 0.1851991272207278,
      "24": 0.1851991272207278,
      "25": 0.1851991272207278,
      "26": 0.1851991272207278,
      "27": 0.1851991272207278,
      "28": 0.18384441369929347,
      "29": 0.18384441369929347,
      "30": 0.19405159386175597,
      "31": 0.19405159386175597,
      "32": 0.18384441369929347,
      "33": 0.18384441369929347,
      "34": 0.18384441369929347,
      "35": 0.18384441369929347,
      "36": 0.18384441369929347,
      "37": 0.18384441369929347,
      "38": 0.18384441369929347,
      "39": 0.18384441369929347
    },
    "5": {
      "0": 0.16436079303125042,
      "1": 0.16404142592853663,
      "2": 0.15977199112623455,
      "3": 0.13806310907391847,
      "4": 0.12819022307803776,
      "5": 0.14766746731760902,
      "6": 0.16512399155338064,
      "7": 0.17028095271414057,
      "8": 0.17167854349706402,
      "9": 0.17213653077370789,
      "10": 0.17213653077370789,
      "11": 0.17213653077370789,
      "12": 0.17213653077370789,
      "13": 0.17213653077370789,
      "14": 0.1870683198185897,
      "15": 0.1870683198185897,
      "16": 0.1870683198185897,
      "17": 0.1870683198185897,
      "18": 0.1870683198185897,
      "19": 0.1870683198185897,
      "20": 0.1870683198185897,
      "21": 0.1870683198185897,
      "22": 0.1870683198185897,
      "23": 0.1870683198185897,
      "24": 0.1870683198185897,
      "25": 0.1870683198185897,
      "26": 0.1870683198185897,
      "27": 0.1870683198185897,
      "28": 0.17834856444687525,
      "29": 0.17834856444687525,
      "30": 0.1836406648433976,
      "31": 0.1836406648433976,
      "32": 0.17834856444687525,
      "33": 0.17834856444687525,
      "34": 0.17834856444687525,
      "35": 0.17834856444687525,
      "36": 0.17834856444687525,
      "37": 0.17834856444687525,
      "38": 0.17834856444687525,
      "39": 0.17834856444687525
    },
    "6": {
      "0": 0.1328882784802265,
      "1": 0.1327980056490851,
      "2": 0.13067308785685278,
      "3": 0.12768727196610885,
      "4": 0.1307246560062942,
      "5": 0.13084408692181895,
      "6": 0.13300328167729955,
      "7": 0.13469671089014473,
      "8": 0.1348263328106548,
      "9": 0.13484454803182772,
      "10": 0.13484454803182772,
      "11": 0.13484454803182772,
      "12": 0.13484454803182772,
      "13": 0.13484454803182772,
      "14": 0.13754709445379082,
      "15": 0.13754709445379082,
      "16": 0.13754709445379082,
      "17": 0.13754709445379082,
      "18": 0.13754709445379082,
      "19": 0.13754709445379082,
      "20": 0.13754709445379082,
      "21": 0.13754709445379082,
      "22": 0.13754709445379082,
      "23": 0.13754709445379082,
      "24": 0.13754709445379082,
      "25": 0.13754709445379082,
      "26": 0.13754709445379082,
      "27": 0.13754709445379082,
      "28": 0.13493102537250634,
      "29": 0.13493102537250634,
      "30": 0.13975519251393176,
      "31": 0.13975519251393176,
      "32": 0.13493102537250634,
      "33": 0.13493102537250634,
      "34": 0.13493102537250634,
      "35": 0.13493102537250634,
      "36": 0.13493102537250634,