{
  "name": "median",
  "dist": {
    "dist_name": "poisson",
    "lam": 4,
    "param_str": "(4)"
  },
  "num_samples": 5000,
  "timestamp": "2024-05-03 17:34:42.477917",
  "num_T": 1,
  "num_A": 1,
  "num_iterations": 10,
  "target_init_entropy": 3.047095585180641,
  "awae_data": {
    "1": {
      "0": 1.0246607277759154,
      "1": 0.9668121732947881,
      "2": 0.80913464387659,
      "3": 0.6399783157845675,
      "4": 0.5896328478604509,
      "5": 0.6812648205584525,
      "6": 0.838976208009,
      "7": 0.9797993614315432,
      "8": 1.0687879377193543,
      "9": 1.11403852320208,
      "10": 1.133704429541588,
      "11": 1.1416444003731172,
      "12": 1.1443411644307728,
      "13": 1.1454102143064806,
      "14": 1.1568769358241258,
      "15": 1.156905118782146,
      "16": 1.156905118782146,
      "17": 1.156905118782146,
      "18": 1.156905118782146,
      "19": 1.156905118782146,
      "20": 1.156905118782146,
      "21": 1.156905118782146,
      "22": 1.156905118782146,
      "23": 1.156905118782146,
      "24": 1.156905118782146,
      "25": 1.156905118782146,
      "26": 1.1531328354362904,
      "27": 1.1531328354362904,
      "28": 1.156905118782146,
      "29": 1.156905118782146,
      "30": 1.152722319125763,
      "31": 1.152722319125763,
      "32": 1.1531328354362904,
      "33": 1.1531328354362904,
      "34": 1.1531328354362904,
      "35": 1.1531328354362904,
      "36": 1.1531328354362904,
      "37": 1.1531328354362904,
      "38": 1.1531328354362904,
      "39": 1.1531328354362904
    },
    "2": {
      "0": 0.31948977407209095,
      "1": 0.3228063031384663,
      "2": 0.3464459703748203,
      "3": 0.3932719146084189,
      "4": 0.4130515544421659,
      "5": 0.39868112923129767,
      "6": 0.369986963340175,
      "7": 0.3513267254847879,
      "8": 0.3458176900092022,
      "9": 0.34463492250635613,
      "10": 0.3450208162471021,
      "11": 0.34551779277065786,
      "12": 0.34599810382685803,
      "13": 0.34608224820801287,
      "14": 0.3483795278194565,
      "15": 0.34846457732498565,
      "16": 0.3484770946208778,
      "17": 0.3484770946208778,
      "18": 0.3484770946208778,
      "19": 0.3484770946208778,
      "20": 0.3484770946208778,
      "21": 0.3484770946208778,
      "22": 0.3484770946208778,
      "23": 0.3484770946208778,
      "24": 0.3484770946208778,
      "25": 0.3484770946208778,
      "26": 0.3484770946208778,
      "27": 0.3484770946208778,
      "28": 0.3469287589666678,
      "29": 0.3469287589666678,
      "30": 0.3492853096216052,
      "31": 0.3492853096216052,
      "32": 0.3469287589666678,
      "33": 0.3469287589666678,
      "34": 0.3469287589666678,
      "35": 0.3469287589666678,
      "36": 0.3469287589666678,
      "37": 0.3469287589666678,
      "38": 0.3469287589666678,
      "39": 0.3469287589666678
    },
    "3": {
      "0": 0.30620957926030157,
      "1": 0.30396710999803045,
      "2": 0.28488682336848087,
      "3": 0.2439213000893626,
      "4": 0.2288185819873641,
      "5": 0.26086115967932827,
      "6": 0.30281695178715434,
      "7": 0.32392294223358936,
      "8": 0.33196239880946,
      "9": 0.3348989059165448,
      "10": 0.3362065494040635,
      "11": 0.3362748369693323,
      "12": 0.3362748369693323,
      "13": 0.3362748369693323,
      "14": 0.32837515931318884,
      "15": 0.32837515931318884,
      "16": 0.32837515931318884,
      "17": 0.32837515931318884,
      "18": 0.32837515931318884,
      "19": 0.32837515931318884,
      "20": 0.32837515931318884,
      "21": 0.32837515931318884,
      "22": 0.32837515931318884,
      "23": 0.32837515931318884,
      "24": 0.32837515931318884,
      "25": 0.32837515931318884,
      "26": 0.32837515931318884,
      "27": 0.32837515931318884,
      "28": 0.3282960004125055,
      "29": 0.3282960004125055,
      "30": 0.32876495424064023,
      "31": 0.32876495424064023,
      "32": 0.3282960004125055,
      "33": 0.3282960004125055,
      "34": 0.3282960004125055,
      "35": 0.3282960004125055,
      "36": 0.3282960004125055,
      "37": 0.3282960004125055,
      "38": 0.3282960004125055,
      "39": 0.3282960004125055
    },
    "4": {
      "0": 0.18788426895397164,
      "1": 0.1878043914896864,
      "2": 0.18732379705530916,
      "3": 0.19381544975129975,
      "4": 0.19941984140225216,
      "5": 0.1960050777089334,
      "6": 0.19177548752707124,
      "7": 0.19072962674661179,
      "8": 0.18985083576076905,
      "9": 0.19002912987848947,
      "10": 0.19004236189301474,
      "11": 0.18994983035321342,
      "12": 0.18994983035321342,
      "13": 0.18994983035321342,
      "14": 0.18763760631487242,
      "15": 0.18763760631487242,
      "16": 0.18763760631487242,
      "17": 0.18763760631487242,
      "18": 0.18763760631487242,
      "19": 0.18763760631487242,
      "20": 0.18763760631487242,
      "21": 0.18763760631487242,
      "22": 0.18763760631487242,
      "23": 0.18763760631487242,
      "24": 0.18763760631487242,
      "25": 0.18763760631487242,
      "26": 0.18763760631487242,
      "27": 0.18763760631487242,
      "28": 0.18789283472071996,
      "29": 0.18789283472071996,
      "30": 0.18763824187192557,
      "31": 0.18763824187192557,
      "32": 0.18789283472071996,
      "33": 0.18789283472071996,
      "34": 0.18789283472071996,
      "35": 0.18789283472071996,
      "36": 0.18789283472071996,
      "37": 0.18789283472071996,
      "38": 0.18789283472071996,
      "39": 0.18789283472071996
    },
    "5": {
      "0": 0.174309222648323,
      "1": 0.17390835395918383,
      "2": 0.1687207134419376,
      "3": 0.14717654741346997,
      "4": 0.13356424863354732,
      "5": 0.15154042363216386,
      "6": 0.16951208409551716,
      "7": 0.17468609291171616,
      "8": 0.17593544673724731,
      "9": 0.17596468562348483,
      "10": 0.17604919778298328,
      "11": 0.17604919778298328,
      "12": 0.17604919778298328,
      "13": 0.17604919778298328,
      "14": 0.17564436453880283,
      "15": 0.17564436453880283,
      "16": 0.17564436453880283,
      "17": 0.17564436453880283,
      "18": 0.17564436453880283,
      "19": 0.17564436453880283,
      "20": 0.17564436453880283,
      "21": 0.17564436453880283,
      "22": 0.17564436453880283,
      "23": 0.17564436453880283,
      "24": 0.17564436453880283,
      "25": 0.17564436453880283,
      "26": 0.17564436453880283,
      "27": 0.17564436453880283,
      "28": 0.1830169231203425,
      "29": 0.1830169231203425,
      "30": 0.17905722765374676,
      "31": 0.17905722765374676,
      "32": 0.1830169231203425,
      "33": 0.1830169231203425,
      "34": 0.1830169231203425,
      "35": 0.1830169231203425,
      "36": 0.1830169231203425,
      "37": 0.1830169231203425,
      "38": 0.1830169231203425,
      "39": 0.1830169231203425
    },
    "6": {
      "0": 0.1365411058957477,
      "1": 0.13652670892244959,
      "2": 0.13441327161024583,
      "3": 0.13259595236141025,
      "4": 0.1352072228535465,
      "5": 0.13741996185859623,
      "6": 0.13835503735685203,
      "7": 0.14011771781901955,
      "8": 0.14055765684624347,
      "9": 0.14055882277677706,
      "10": 0.14055882277677706,
      "11": 0.14055882277677706,
      "12": 0.14055882277677706,
      "13": 0.14055882277677706,
      "14": 0.13790630575475166,
      "15": 0.13790630575475166,
      "16": 0.13790630575475166,
      "17": 0.13790630575475166,
      "18": 0.13790630575475166,
      "19": 0.13790630575475166,
      "20": 0.13790630575475166,
      "21": 0.13790630575475166,
      "22": 0.13790630575475166,
      "23": 0.13790630575475166,
      "24": 0.13790630575475166,
      "25": 0.13790630575475166,
      "26": 0.13790630575475166,
      "27": 0.13790630575475166,
      "28": 0.14010586836510364,
      "29": 0.14010586836510364,
      "30": 0.14010586836510364,
      "31": 0.13561992934010897,
      "32": 0.14010586836510364,
      "33": 0.14010586836510364,
      "34": 0.14010586836510364,
      "35": 0.14010586836510364,