{
  "name": "var",
  "dist": {
    "dist_name": "lognormal",
    "m": 1.6702,
    "s": 0.145542,
    "param_str": "(1.6702,0.145542)"
  },
  "num_samples": 5000,
  "timestamp": "2024-05-01 18:42:42.034511",
  "num_T": 1,
  "num_A": 1,
  "num_iterations": 10,
  "target_init_entropy": 3.0664385655758357,
  "awae_data": {
    "1": {
      "1e-05": 0.6823540173004327,
      "0.05822580000000001": 0.6858933925878563,
      "0.1164416": 0.6876447119223551,
      "0.17465740000000002": 0.6913256520946331,
      "0.23287320000000003": 0.6946128664249868,
      "0.29108900000000004": 0.6983991441302642,
      "0.3493048": 0.7024673436177384,
      "0.40752060000000007": 0.7056668372143349,
      "0.46573640000000005": 0.7096838628282611,
      "0.5239522": 0.713963882142419,
      "0.582168": 0.7191833147667862
    },
    "2": {
      "1e-05": 0.38187082761629976,
      "0.05822580000000001": 0.3828628163209549,
      "0.1164416": 0.38496649397811444,
      "0.17465740000000002": 0.38881237112565115,
      "0.23287320000000003": 0.3933581041358734,
      "0.29108900000000004": 0.3938976905921682,
      "0.3493048": 0.3956146826599388,
      "0.40752060000000007": 0.3931710977132906,
      "0.46573640000000005": 0.3940821300253125,
      "0.5239522": 0.3994231568999094,
      "0.582168": 0.4075858034194845
    },
    "3": {
      "1e-05": 0.2634998556782573,
      "0.05822580000000001": 0.26897501249481925,
      "0.1164416": 0.27653824167474267,
      "0.17465740000000002": 0.277012708805399,
      "0.23287320000000003": 0.277967411072653,
      "0.29108900000000004": 0.27855900169374587,
      "0.3493048": 0.28711433035308315,
      "0.40752060000000007": 0.28749915375901436,
      "0.46573640000000005": 0.28690661865997424,
      "0.5239522": 0.29389293022081703,
      "0.582168": 0.2919340252173403
    },
    "4": {
      "1e-05": 0.2090894470284664,
      "0.05822580000000001": 0.2108396645224353,
      "0.1164416": 0.21012712577916864,
      "0.17465740000000002": 0.21442149365940338,
      "0.23287320000000003": 0.2154355226854648,
      "0.29108900000000004": 0.21184304169380033,
      "0.3493048": 0.20738110470977214,
      "0.40752060000000007": 0.2031108262179236,
      "0.46573640000000005": 0.20473881475721364,
      "0.5239522": 0.20767872116076297,
      "0.582168": 0.2125969851637418
    },
    "5": {
      "1e-05": 0.16589903164619701,
      "0.05822580000000001": 0.16254330938210218,
      "0.1164416": 0.16439007103166425,
      "0.17465740000000002": 0.1656248496245485,
      "0.23287320000000003": 0.16571019899621414,
      "0.29108900000000004": 0.1692982218831313,
      "0.3493048": 0.1655476008991107,
      "0.40752060000000007": 0.1631990169208049,
      "0.46573640000000005": 0.16314800207426478,
      "0.5239522": 0.1643794041837907,
      "0.582168": 0.15965700460381188
    },
    "6": {
      "1e-05": 0.14810057613294325,
      "0.05822580000000001": 0.14082254388924617,
      "0.1164416": 0.13333308392347698,
      "0.17465740000000002": 0.1297596311783104,
      "0.23287320000000003": 0.1298082931424453,
      "0.29108900000000004": 0.13216630372866695,
      "0.3493048": 0.13494365355846383,
      "0.40752060000000007": 0.13253516546619312,
      "0.46573640000000005": 0.13452558134440692,
      "0.5239522": 0.13531841829570065,
      "0.582168": 0.13984740206641433
    },
    "7": {
      "1e-05": 0.12311765625900999,
      "0.05822580000000001": 0.12715196189125633,
      "0.1164416": 0.12344234023673055,
      "0.17465740000000002": 0.11981386970752975,
      "0.23287320000000003": 0.1180530234222786,
      "0.29108900000000004": 0.11400432019734923,
      "0.3493048": 0.11637856171286978,
      "0.40752060000000007": 0.11635272533836157,
      "0.46573640000000005": 0.12061494330926467,
      "0.5239522": 0.1203547064937072,
      "0.582168": 0.11377939011509793
    },
    "8": {
      "1e-05": 0.1047840974322742,
      "0.05822580000000001": 0.1103073786679952,
      "0.1164416": 0.11237194063678087,
      "0.17465740000000002": 0.11335114555252004,
      "0.23287320000000003": 0.11897371572925838,
      "0.29108900000000004": 0.11950509458045841,
      "0.3493048": 0.11691411978995987,
      "0.40752060000000007": 0.11649033694620925,
      "0.46573640000000005": 0.11816299631899796,
      "0.5239522": 0.11410664112915103,
      "0.582168": 0.11350241790222101
    },
    "9": {
      "1e-05": 0.08631194363145422,
      "0.05822580000000001": 0.08886994685339325,
      "0.1164416": 0.08850739231685399,
      "0.17465740000000002": 0.09357124039707203,
      "0.23287320000000003": 0.09734289130321758,
      "0.29108900000000004": 0.10169941092533048,
      "0.3493048": 0.10517402735557216,
      "0.40752060000000007": 0.10537337903263681,
      "0.46573640000000005": 0.10396200273624874,
      "0.5239522": 0.10190578743088094,
      "0.582168": 0.0982178637282358
    },
    "10": {
      "1e-05": 0.0742094402441077,
      "0.05822580000000001": 0.07591488810532704,
      "0.1164416": 0.08085276784410657,
      "0.17465740000000002": 0.08028119693214655,
      "0.23287320000000003": 0.07521100565599484,
      "0.29108900000000004": 0.07418404423716915,
      "0.3493048": 0.07450975747992579,
      "0.40752060000000007": 0.07556038658922196,
      "0.46573640000000005": 0.07545633838243025,
      "0.5239522": 0.07228968838008736,
      "0.582168": 0.06993726997692443
    }
  }
}