{
  "name": "var",
  "dist": {
    "dist_name": "lognormal",
    "m": 1.6702,
    "s": 0.3815,
    "param_str": "(1.6702,0.3815)"
  },
  "num_samples": 5000,
  "timestamp": "2024-05-07 22:38:34.474308",
  "num_T": 1,
  "num_A": 1,
  "num_iterations": 10,
  "target_init_entropy": 3.066439804645831,
  "awae_data": {
    "1": {
      "1e-05": 1.475430069212244,
      "0.05263034482758621": 1.4807562662137375,
      "0.10525068965517241": 1.4906411554330816,
      "0.15787103448275863": 1.5023015328571674,
      "0.21049137931034484": 1.5040163480605395,
      "0.26311172413793105": 1.5067699315331453,
      "0.31573206896551725": 1.5191764245617967,
      "0.36835241379310346": 1.5228607595273391,
      "0.42097275862068967": 1.537823180578871,
      "0.4735931034482759": 1.5453168741099057,
      "0.526213448275862": 1.5493421302630568,
      "0.5788337931034483": 1.5467798308280025,
      "0.6314541379310344": 1.5581162427661799,
      "0.6840744827586206": 1.5685711545914738,
      "0.7366948275862069": 1.5729355180334672,
      "0.7893151724137931": 1.5824296650093161,
      "0.8419355172413793": 1.5899993764301301,
      "0.8945558620689654": 1.591863083412339,
      "0.9471762068965517": 1.6011718706398217,
      "0.999796551724138": 1.6088937743799256,
      "1.0524168965517242": 1.6136676562839185,
      "1.1050372413793104": 1.6133749266334376,
      "1.1576575862068967": 1.6202940521055047,
      "1.210277931034483": 1.6207601146404822,
      "1.262898275862069": 1.6331401551032059,
      "1.3155186206896552": 1.6412494764474517,
      "1.3681389655172413": 1.6489955757248687,
      "1.4207593103448277": 1.6509281231398205,
      "1.4733796551724139": 1.6453515876696294,
      "1.526": 1.6447780404039445
    },
    "2": {
      "1e-05": 0.7274992351004972,
      "0.05263034482758621": 0.7290796272701326,
      "0.10525068965517241": 0.7244257526828759,
      "0.15787103448275863": 0.7277329233385667,
      "0.21049137931034484": 0.7327210880430114,
      "0.26311172413793105": 0.7394588538867934,
      "0.31573206896551725": 0.7475019868252349,
      "0.36835241379310346": 0.7447949835720685,
      "0.42097275862068967": 0.7448554825992545,
      "0.4735931034482759": 0.7488056187767341,
      "0.526213448275862": 0.7497597671978863,
      "0.5788337931034483": 0.7490847990485074,
      "0.6314541379310344": 0.7467005900875494,
      "0.6840744827586206": 0.74731448672009,
      "0.7366948275862069": 0.7589654896476625,
      "0.7893151724137931": 0.7556982479809947,
      "0.8419355172413793": 0.759598962406444,
      "0.8945558620689654": 0.7612688097083227,
      "0.9471762068965517": 0.7627785799726385,
      "0.999796551724138": 0.7660006145085964,
      "1.0524168965517242": 0.7644218515532202,
      "1.1050372413793104": 0.7604789468700142,
      "1.1576575862068967": 0.7571757327982838,
      "1.210277931034483": 0.7676225275129532,
      "1.262898275862069": 0.7725916967309467,
      "1.3155186206896552": 0.7674179562913543,
      "1.3681389655172413": 0.7692614923275614,
      "1.4207593103448277": 0.7640918953531506,
      "1.4733796551724139": 0.7586551064003795,
      "1.526": 0.7609113994343047
    },
    "3": {
      "1e-05": 0.4576250899383081,
      "0.05263034482758621": 0.46254099641625956,
      "0.10525068965517241": 0.46438628548724176,
      "0.15787103448275863": 0.46332839104915535,
      "0.21049137931034484": 0.46615528639883574,
      "0.26311172413793105": 0.46729073203614685,
      "0.31573206896551725": 0.46873096746459886,
      "0.36835241379310346": 0.46673134345457407,
      "0.42097275862068967": 0.47283112649287035,
      "0.4735931034482759": 0.47447378039942,
      "0.526213448275862": 0.47348851680784837,
      "0.5788337931034483": 0.4721533196403639,
      "0.6314541379310344": 0.47755254454589063,
      "0.6840744827586206": 0.4755621456525364,
      "0.7366948275862069": 0.46208246958910754,
      "0.7893151724137931": 0.46140954058685646,
      "0.8419355172413793": 0.47371705511151074,
      "0.8945558620689654": 0.48567289627855226,
      "0.9471762068965517": 0.48534268461322166,
      "0.999796551724138": 0.48640474720432475,
      "1.0524168965517242": 0.4864732851628693,
      "1.1050372413793104": 0.48960009695570783,
      "1.1576575862068967": 0.488549731998915,
      "1.210277931034483": 0.49145990749518215,
      "1.262898275862069": 0.48560214182486944,
      "1.3155186206896552": 0.48121390071606307,
      "1.3681389655172413": 0.47372217179531556,
      "1.4207593103448277": 0.47501896949474887,
      "1.4733796551724139": 0.4699834781843921,
      "1.526": 0.47389883025262114
    },
    "4": {
      "1e-05": 0.3354041266960333,
      "0.05263034482758621": 0.3312749472399277,
      "0.10525068965517241": 0.32620624592685676,
      "0.15787103448275863": 0.3191548935351189,
      "0.21049137931034484": 0.3186478571904371,
      "0.26311172413793105": 0.3207034389766528,
      "0.31573206896551725": 0.3178592473927102,
      "0.36835241379310346": 0.3172743760203257,
      "0.42097275862068967": 0.3233208211140084,
      "0.4735931034482759": 0.3271643966496969,
      "0.526213448275862": 0.32706705052197044,
      "0.5788337931034483": 0.32863234664118174,
      "0.6314541379310344": 0.33440859930125966,
      "0.6840744827586206": 0.34408238688562837,
      "0.7366948275862069": 0.34104532025809065,
      "0.7893151724137931": 0.33545919686425496,
      "0.8419355172413793": 0.3313414966141708,
      "0.8945558620689654": 0.3378737396243564,
      "0.9471762068965517": 0.33777195188530196,
      "0.999796551724138": 0.3338348614907684,
      "1.0524168965517242": 0.33489025699089564,
      "1.1050372413793104": 0.335567227610024,
      "1.1576575862068967": 0.3355138923174665,
      "1.210277931034483": 0.33621426540850097,
      "1.262898275862069": 0.33050414038870074,
      "1.3155186206896552": 0.3357513005545017,
      "1.3681389655172413": 0.33871529833741193,
      "1.4207593103448277": 0.33849345389413976,
      "1.4733796551724139": 0.35478842137920374,
      "1.526": 0.3514292157752016
    },
    "5": {
      "1e-05": 0.24615447641026061,
      "0.05263034482758621": 0.25052371270484475,
      "0.10525068965517241": 0.2542678942932789,
      "0.15787103448275863": 0.25316326768558467,
      "0.21049137931034484": 0.2507197320194314,
      "0.26311172413793105": 0.24654148869103154,
      "0.31573206896551725": 0.24363755418155514,
      "0.36835241379310346": 0.23450106501608955,
      "0.42097275862068967": 0.23006850079033248,
      "0.4735931034482759": 0.22533931685052525,
      "0.526213448275862": 0.22811381663955926,
      "0.5788337931034483": 0.23001932148477752,
      "0.6314541379310344": 0.23629032726720042,
      "0.6840744827586206": 0.24441595006181602,
      "0.7366948275862069": 0.25016584030868516,
      "0.7893151724137931": 0.2516681490805782,
      "0.8419355172413793": 0.2559399596866858,
      "0.8945558620689654": 0.257396732680657,
      "0.9471762068965517": 0.2555399994575511,
      "0.999796551724138": 0.25627526137857476,
      "1.0524168965517242": 0.25481476573071554,
      "1.1050372413793104": 0.2562243720567497,
      "1.1576575862068967": 0.26143860517825857,
      "1.210277931034483": 0.26583892324860814,
      "1.262898275862069": 0.26775736149501306,
      "1.3155186206896552": 0.265204525474294,
      "1.3681389655172413": 0.2658968682993431,
      "1.4207593103448277": 0.2570602262544281,
      "1.4733796551724139": 0.259243356116722,
      "1.526": 0.25918619344263033
    },
    "6": {
      "1e-05": 0.2045750235592513,
      "0.05263034482758621": 0.20166981933526157,
      "0.10525068965517241": 0.20278212640610316,
      "0.15787103448275863": 0.20684219824279024,
      "0.21049137931034484": 0.2082573874390393,
      "0.26311172413793105": 0.21088771373508877,
      "0.31573206896551725": 0.2106829966896555,
      "0.36835241379310346": 0.20470806219735954,
      "0.42097275862068967": 0.20301477062465412,