{
  "name": "mean_nd",
  "dist": {
    "dist_name": "uniform_int",
    "a": 0,
    "b": 16,
    "param_str": "(0,16)"
  },
  "num_samples": 5000,
  "timestamp": "2024-05-23 13:26:13.811538",
  "num_T": 1,
  "num_A": 1,
  "num_iterations": 10,
  "target_init_entropy": 4.0,
  "awae_data": {
    "1": {
      "0": 0.7196655316784424,
      "1": 0.7196655316784424,
      "2": 0.7196655316784424,
      "3": 0.7196655316784424,
      "4": 0.7196655316784424,
      "5": 0.7196655316784424,
      "6": 0.7196655316784424,
      "7": 0.7196655316784424,
      "8": 0.7196655316784424,
      "9": 0.7196655316784424,
      "10": 0.7196655316784424,
      "11": 0.7196655316784424,
      "12": 0.7196655316784424,
      "13": 0.7196655316784424,
      "14": 0.7110096033804689,
      "15": 0.7110096033804689
    },
    "2": {
      "0": 0.33025918341981714,
      "1": 0.33025918341981714,
      "2": 0.33025918341981714,
      "3": 0.33025918341981714,
      "4": 0.33025918341981714,
      "5": 0.33025918341981714,
      "6": 0.33025918341981714,
      "7": 0.33025918341981714,
      "8": 0.33025918341981714,
      "9": 0.33025918341981714,
      "10": 0.33025918341981714,
      "11": 0.33025918341981714,
      "12": 0.33025918341981714,
      "13": 0.33025918341981714,
      "14": 0.3141577918142892,
      "15": 0.3141577918142892
    },
    "3": {
      "0": 0.22451179066967017,
      "1": 0.22451179066967017,
      "2": 0.22451179066967017,
      "3": 0.22451179066967017,
      "4": 0.22451179066967017,
      "5": 0.22451179066967017,
      "6": 0.22451179066967017,
      "7": 0.22451179066967017,
      "8": 0.22451179066967017,
      "9": 0.22451179066967017,
      "10": 0.22451179066967017,
      "11": 0.22451179066967017,
      "12": 0.22451179066967017,
      "13": 0.22451179066967017,
      "14": 0.2286006280658539,
      "15": 0.2286006280658539
    },
    "4": {
      "0": 0.18711370988586035,
      "1": 0.18711370988586035,
      "2": 0.18711370988586035,
      "3": 0.18711370988586035,
      "4": 0.18711370988586035,
      "5": 0.18711370988586035,
      "6": 0.18711370988586035,
      "7": 0.18711370988586035,
      "8": 0.18711370988586035,
      "9": 0.18711370988586035,
      "10": 0.18711370988586035,
      "11": 0.18711370988586035,
      "12": 0.18711370988586035,
      "13": 0.18711370988586035,
      "14": 0.18449390956896525,
      "15": 0.18449390956896525
    },
    "5": {
      "0": 0.15157417597106476,
      "1": 0.15157417597106476,
      "2": 0.15157417597106476,
      "3": 0.15157417597106476,
      "4": 0.15157417597106476,
      "5": 0.15157417597106476,
      "6": 0.15157417597106476,
      "7": 0.15157417597106476,
      "8": 0.15157417597106476,
      "9": 0.15157417597106476,
      "10": 0.15157417597106476,
      "11": 0.15157417597106476,
      "12": 0.15157417597106476,
      "13": 0.15157417597106476,
      "14": 0.15474843152200735,
      "15": 0.15474843152200735
    },
    "6": {
      "0": 0.13942215677373895,
      "1": 0.13942215677373895,
      "2": 0.13942215677373895,
      "3": 0.13942215677373895,
      "4": 0.13942215677373895,
      "5": 0.13942215677373895,
      "6": 0.13942215677373895,
      "7": 0.13942215677373895,
      "8": 0.13942215677373895,
      "9": 0.13942215677373895,
      "10": 0.13942215677373895,
      "11": 0.13942215677373895,
      "12": 0.13942215677373895,
      "13": 0.13942215677373895,
      "14": 0.14231554253532636,
      "15": 0.14231554253532636
    },
    "7": {
      "0": 0.12496634172508818,
      "1": 0.12496634172508818,
      "2": 0.12496634172508818,
      "3": 0.12496634172508818,
      "4": 0.12496634172508818,
      "5": 0.12496634172508818,
      "6": 0.12496634172508818,
      "7": 0.12496634172508818,
      "8": 0.12496634172508818,
      "9": 0.12496634172508818,
      "10": 0.12496634172508818,
      "11": 0.12496634172508818,
      "12": 0.12496634172508818,
      "13": 0.12496634172508818,
      "14": 0.12551782411070014,
      "15": 0.12551782411070014
    },
    "8": {
      "0": 0.11872095286161735,
      "1": 0.11872095286161735,
      "2": 0.11872095286161735,
      "3": 0.11872095286161735,
      "4": 0.11872095286161735,
      "5": 0.11872095286161735,
      "6": 0.11872095286161735,
      "7": 0.11872095286161735,
      "8": 0.11872095286161735,
      "9": 0.11872095286161735,
      "10": 0.11872095286161735,
      "11": 0.11872095286161735,
      "12": 0.11872095286161735,
      "13": 0.11872095286161735,
      "14": 0.11743618258910174,
      "15": 0.11743618258910174
    },
    "9": {
      "0": 0.11440352157408262,
      "1": 0.11440352157408262,
      "2": 0.11440352157408262,
      "3": 0.11440352157408262,
      "4": 0.11440352157408262,
      "5": 0.11440352157408262,
      "6": 0.11440352157408262,
      "7": 0.11440352157408262,
      "8": 0.11440352157408262,
      "9": 0.11440352157408262,
      "10": 0.11440352157408262,
      "11": 0.11440352157408262,
      "12": 0.11440352157408262,
      "13": 0.11440352157408262,
      "14": 0.10621945314631254,
      "15": 0.10621945314631254
    },
    "10": {
      "0": 0.10854073391267313,
      "1": 0.10854073391267313,
      "2": 0.10854073391267313,
      "3": 0.10854073391267313,
      "4": 0.10854073391267313,
      "5": 0.10854073391267313,
      "6": 0.10854073391267313,
      "7": 0.10854073391267313,
      "8": 0.10854073391267313,
      "9": 0.10854073391267313,
      "10": 0.10854073391267313,
      "11": 0.10854073391267313,
      "12": 0.10854073391267313,
      "13": 0.10854073391267313,
      "14": 0.1081779981643954,
      "15": 0.1081779981643954
    }
  },
  "leakage_no_attacker": {
    "1": 0.7196655316784424,
    "2": 0.33025918341981714,
    "3": 0.22451179066967017,
    "4": 0.18711370988586035,
    "5": 0.15157417597106476,
    "6": 0.13942215677373895,
    "7": 0.12496634172508818,
    "8": 0.11872095286161735,
    "9": 0.11440352157408262,
    "10": 0.10854073391267313
  }
}