{
  "name": "mean_nd",
  "dist": {
    "dist_name": "uniform_int",
    "a": 0,
    "b": 4,
    "param_str": "(0,4)"
  },
  "num_samples": 5000,
  "timestamp": "2024-05-23 13:19:35.298301",
  "num_T": 1,
  "num_A": 1,
  "num_iterations": 10,
  "target_init_entropy": 2.0,
  "awae_data": {
    "1": {
      "0": 0.6611100256028716,
      "1": 0.6611100256028716,
      "2": 0.6611100256028716,
      "3": 0.6611100256028716
    },
    "2": {
      "0": 0.3279928828349711,
      "1": 0.3279928828349711,
      "2": 0.3279928828349711,
      "3": 0.3279928828349711
    },
    "3": {
      "0": 0.21948581583123716,
      "1": 0.21948581583123716,
      "2": 0.21948581583123716,
      "3": 0.21948581583123716
    },
    "4": {
      "0": 0.1640960830003223,
      "1": 0.1640960830003223,
      "2": 0.1640960830003223,
      "3": 0.1640960830003223
    },
    "5": {
      "0": 0.1362730646914713,
      "1": 0.1362730646914713,
      "2": 0.1362730646914713,
      "3": 0.1362730646914713
    },
    "6": {
      "0": 0.10910776702711747,
      "1": 0.10910776702711747,
      "2": 0.10910776702711747,
      "3": 0.10910776702711747
    },
    "7": {
      "0": 0.10037252946770685,
      "1": 0.10037252946770685,
      "2": 0.10037252946770685,
      "3": 0.10037252946770685
    },
    "8": {
      "0": 0.08879880729463951,
      "1": 0.08879880729463951,
      "2": 0.08879880729463951,
      "3": 0.08879880729463951
    },
    "9": {
      "0": 0.07690732534137135,
      "1": 0.07690732534137135,
      "2": 0.07690732534137135,
      "3": 0.07690732534137135
    },
    "10": {
      "0": 0.07265963466937476,
      "1": 0.07265963466937476,
      "2": 0.07265963466937476,
      "3": 0.07265963466937476
    }
  },
  "leakage_no_attacker": {
    "1": 0.6611100256028716,
    "2": 0.3279928828349711,
    "3": 0.21948581583123716,
    "4": 0.1640960830003223,
    "5": 0.1362730646914713,
    "6": 0.10910776702711747,
    "7": 0.10037252946770685,
    "8": 0.08879880729463951,
    "9": 0.07690732534137135,
    "10": 0.07265963466937476
  }
}