{
  "name": "mean_nd",
  "dist": {
    "dist_name": "uniform_int",
    "a": 0,
    "b": 8,
    "param_str": "(0,8)"
  },
  "num_samples": 5000,
  "timestamp": "2024-05-23 13:22:23.068439",
  "num_T": 1,
  "num_A": 1,
  "num_iterations": 10,
  "target_init_entropy": 3.0,
  "awae_data": {
    "1": {
      "0": 0.7016813065685397,
      "1": 0.7016813065685397,
      "2": 0.7016813065685397,
      "3": 0.7016813065685397,
      "4": 0.7016813065685397,
      "5": 0.7016813065685397,
      "6": 0.7016813065685397,
      "7": 0.7016813065685397
    },
    "2": {
      "0": 0.3217180732207491,
      "1": 0.3217180732207491,
      "2": 0.3217180732207491,
      "3": 0.3217180732207491,
      "4": 0.3217180732207491,
      "5": 0.3217180732207491,
      "6": 0.3217180732207491,
      "7": 0.3217180732207491
    },
    "3": {
      "0": 0.21580113117569472,
      "1": 0.21580113117569472,
      "2": 0.21580113117569472,
      "3": 0.21580113117569472,
      "4": 0.21580113117569472,
      "5": 0.21580113117569472,
      "6": 0.21580113117569472,
      "7": 0.21580113117569472
    },
    "4": {
      "0": 0.16405152695559516,
      "1": 0.16405152695559516,
      "2": 0.16405152695559516,
      "3": 0.16405152695559516,
      "4": 0.16405152695559516,
      "5": 0.16405152695559516,
      "6": 0.16405152695559516,
      "7": 0.16405152695559516
    },
    "5": {
      "0": 0.13719810156029083,
      "1": 0.13719810156029083,
      "2": 0.13719810156029083,
      "3": 0.13719810156029083,
      "4": 0.13719810156029083,
      "5": 0.13719810156029083,
      "6": 0.13719810156029083,
      "7": 0.13719810156029083
    },
    "6": {
      "0": 0.11449582894857616,
      "1": 0.11449582894857616,
      "2": 0.11449582894857616,
      "3": 0.11449582894857616,
      "4": 0.11449582894857616,
      "5": 0.11449582894857616,
      "6": 0.11449582894857616,
      "7": 0.11449582894857616
    },
    "7": {
      "0": 0.10086047606105013,
      "1": 0.10086047606105013,
      "2": 0.10086047606105013,
      "3": 0.10086047606105013,
      "4": 0.10086047606105013,
      "5": 0.10086047606105013,
      "6": 0.10086047606105013,
      "7": 0.10086047606105013
    },
    "8": {
      "0": 0.0906124507863401,
      "1": 0.0906124507863401,
      "2": 0.0906124507863401,
      "3": 0.0906124507863401,
      "4": 0.0906124507863401,
      "5": 0.0906124507863401,
      "6": 0.0906124507863401,
      "7": 0.0906124507863401
    },
    "9": {
      "0": 0.08075694943345349,
      "1": 0.08075694943345349,
      "2": 0.08075694943345349,
      "3": 0.08075694943345349,
      "4": 0.08075694943345349,
      "5": 0.08075694943345349,
      "6": 0.08075694943345349,
      "7": 0.08075694943345349
    },
    "10": {
      "0": 0.0768479534310419,
      "1": 0.0768479534310419,
      "2": 0.0768479534310419,
      "3": 0.0768479534310419,
      "4": 0.0768479534310419,
      "5": 0.0768479534310419,
      "6": 0.0768479534310419,
      "7": 0.0768479534310419
    }
  },
  "leakage_no_attacker": {
    "1": 0.7016813065685397,
    "2": 0.3217180732207491,
    "3": 0.21580113117569472,
    "4": 0.16405152695559516,
    "5": 0.13719810156029083,
    "6": 0.11449582894857616,
    "7": 0.10086047606105013,
    "8": 0.0906124507863401,
    "9": 0.08075694943345349,
    "10": 0.0768479534310419
  }
}