{
  "name": "var_mu",
  "dist": {
    "dist_name": "lognormal",
    "m": 1.6702,
    "s": 0.145542,
    "param_str": "(1.6702,0.145542)"
  },
  "num_samples": 5000,
  "timestamp": "2024-04-29 23:36:22.328666",
  "num_T": 1,
  "num_A": 1,
  "num_iterations": 10,
  "target_init_entropy": 3.0664385655758357,
  "awae_data": {
    "1": {
      "1e-05": 2.658173638379499,
      "0.05822580000000001": 2.678520212483236,
      "0.1164416": 2.698856307991105,
      "0.17465740000000002": 2.719661586901121,
      "0.23287320000000003": 2.740507049704959,
      "0.29108900000000004": 2.7616876853424093,
      "0.3493048": 2.783170459542149,
      "0.40752060000000007": 2.804163376190677,
      "0.46573640000000005": 2.826141003901813,
      "0.5239522": 2.8465388623584675,
      "0.582168": 2.868003706275405
    },
    "2": {
      "1e-05": 1.084226245794854,
      "0.05822580000000001": 1.0875654709876204,
      "0.1164416": 1.090872850405239,
      "0.17465740000000002": 1.0942202785041921,
      "0.23287320000000003": 1.0973796358329797,
      "0.29108900000000004": 1.100162371488244,
      "0.3493048": 1.1034149774489355,
      "0.40752060000000007": 1.1070611809467548,
      "0.46573640000000005": 1.110410882761302,
      "0.5239522": 1.11310020264249,
      "0.582168": 1.1161608361380142
    },
    "3": {
      "1e-05": 0.6275062088978759,
      "0.05822580000000001": 0.627901143806482,
      "0.1164416": 0.628798359415463,
      "0.17465740000000002": 0.6299969166566771,
      "0.23287320000000003": 0.6304163017503546,
      "0.29108900000000004": 0.631072477697862,
      "0.3493048": 0.6315186134682244,
      "0.40752060000000007": 0.6323354359764775,
      "0.46573640000000005": 0.6328519279140222,
      "0.5239522": 0.6332013242635453,
      "0.582168": 0.6338227224682331
    },
    "4": {
      "1e-05": 0.4440551312105924,
      "0.05822580000000001": 0.4443085132572427,
      "0.1164416": 0.44451795326078214,
      "0.17465740000000002": 0.4445991911420659,
      "0.23287320000000003": 0.4445249155285246,
      "0.29108900000000004": 0.44475191832311856,
      "0.3493048": 0.44506749875942386,
      "0.40752060000000007": 0.4455898224944918,
      "0.46573640000000005": 0.44556235838976777,
      "0.5239522": 0.44556816617406325,
      "0.582168": 0.44529930285311253
    },
    "5": {
      "1e-05": 0.3401596288696086,
      "0.05822580000000001": 0.3404134435425193,
      "0.1164416": 0.34022819897778467,
      "0.17465740000000002": 0.3405442401327636,
      "0.23287320000000003": 0.34064003997100517,
      "0.29108900000000004": 0.34058976368927146,
      "0.3493048": 0.340867014639989,
      "0.40752060000000007": 0.34118426776175925,
      "0.46573640000000005": 0.34138760716599004,
      "0.5239522": 0.34140419676818845,
      "0.582168": 0.34145019699280865
    },
    "6": {
      "1e-05": 0.28410668095179414,
      "0.05822580000000001": 0.2844645620393792,
      "0.1164416": 0.28440799398229066,
      "0.17465740000000002": 0.28500973397297175,
      "0.23287320000000003": 0.2853148137355545,
      "0.29108900000000004": 0.2853578729489378,
      "0.3493048": 0.2852066943612336,
      "0.40752060000000007": 0.2852786005787024,
      "0.46573640000000005": 0.28576102546229804,
      "0.5239522": 0.28583675945137277,
      "0.582168": 0.2858373428976109
    },
    "7": {
      "1e-05": 0.22705334305810113,
      "0.05822580000000001": 0.22702110756087862,
      "0.1164416": 0.22681451949745446,
      "0.17465740000000002": 0.22687202040485296,
      "0.23287320000000003": 0.22669388731181495,
      "0.29108900000000004": 0.22657665111825914,
      "0.3493048": 0.22634557691026166,
      "0.40752060000000007": 0.22632877275524638,
      "0.46573640000000005": 0.22666789923734906,
      "0.5239522": 0.22657196099452004,
      "0.582168": 0.2266353031014722
    },
    "8": {
      "1e-05": 0.20918201295009076,
      "0.05822580000000001": 0.20891821736838714,
      "0.1164416": 0.20867800162697323,
      "0.17465740000000002": 0.2086631651736927,
      "0.23287320000000003": 0.20859537743705386,
      "0.29108900000000004": 0.20870401899287513,
      "0.3493048": 0.20850059218418698,
      "0.40752060000000007": 0.20846149115880735,
      "0.46573640000000005": 0.20816853598502544,
      "0.5239522": 0.20814887170955085,
      "0.582168": 0.20818685559638556
    },
    "9": {
      "1e-05": 0.17854546302136795,
      "0.05822580000000001": 0.17850949484862205,
      "0.1164416": 0.17861763024388255,
      "0.17465740000000002": 0.17830709611662793,
      "0.23287320000000003": 0.17854488914404992,
      "0.29108900000000004": 0.17839764905788807,
      "0.3493048": 0.178589783406504,
      "0.40752060000000007": 0.17871270319252613,
      "0.46573640000000005": 0.1788300474678651,
      "0.5239522": 0.17885318103540113,
      "0.582168": 0.1787506223376949
    },
    "10": {
      "1e-05": 0.16545978408468312,
      "0.05822580000000001": 0.16544211299491834,
      "0.1164416": 0.1656704914499673,
      "0.17465740000000002": 0.16561355982277884,
      "0.23287320000000003": 0.1654098843511814,
      "0.29108900000000004": 0.1656815346725186,
      "0.3493048": 0.16565319325575328,
      "0.40752060000000007": 0.1657214535164293,
      "0.46573640000000005": 0.16573975096521476,
      "0.5239522": 0.16596099902292452,
      "0.582168": 0.16592669615951766
    }
  }
}