{
  "name": "var_mu",
  "dist": {
    "dist_name": "lognormal",
    "m": 1.6702,
    "s": 0.3815,
    "param_str": "(1.6702,0.3815)"
  },
  "num_samples": 5000,
  "timestamp": "2024-05-08 07:03:35.275935",
  "num_T": 1,
  "num_A": 1,
  "num_iterations": 10,
  "target_init_entropy": 3.066439804645831,
  "awae_data": {
    "1": {
      "1e-05": 3.6681938428815952,
      "0.05263034482758621": 3.681406538193799,
      "0.10525068965517241": 3.694088734026759,
      "0.15787103448275863": 3.7082029676310433,
      "0.21049137931034484": 3.7218385423664615,
      "0.26311172413793105": 3.7354745155566476,
      "0.31573206896551725": 3.7485277646975312,
      "0.36835241379310346": 3.7623169126715865,
      "0.42097275862068967": 3.7762348574283897,
      "0.4735931034482759": 3.788928596343547,
      "0.526213448275862": 3.802399281689597,
      "0.5788337931034483": 3.816124644647715,
      "0.6314541379310344": 3.829505912614292,
      "0.6840744827586206": 3.8443283662905143,
      "0.7366948275862069": 3.8292877214179564,
      "0.7893151724137931": 3.8429523279409055,
      "0.8419355172413793": 3.8565796322588626,
      "0.8945558620689654": 3.8703881480870947,
      "0.9471762068965517": 3.884757355694736,
      "0.999796551724138": 3.8979535535669014,
      "1.0524168965517242": 3.91225392776943,
      "1.1050372413793104": 3.9261262303625606,
      "1.1576575862068967": 3.9404022204562366,
      "1.210277931034483": 3.953812317221505,
      "1.262898275862069": 3.9672363600721674,
      "1.3155186206896552": 3.980182506494555,
      "1.3681389655172413": 3.9921275062997545,
      "1.4207593103448277": 4.006204056333788,
      "1.4733796551724139": 4.024768920130173,
      "1.526": 4.038564081584047
    },
    "2": {
      "1e-05": 1.2898871288216711,
      "0.05263034482758621": 1.2912339649838525,
      "0.10525068965517241": 1.2931831234971316,
      "0.15787103448275863": 1.2945408818731783,
      "0.21049137931034484": 1.2949037606241613,
      "0.26311172413793105": 1.2961671883572916,
      "0.31573206896551725": 1.2982266415670047,
      "0.36835241379310346": 1.2999091094062618,
      "0.42097275862068967": 1.3011207799780529,
      "0.4735931034482759": 1.3023447007226587,
      "0.526213448275862": 1.3033993335736764,
      "0.5788337931034483": 1.3046622885289998,
      "0.6314541379310344": 1.3060524350094627,
      "0.6840744827586206": 1.3071033824570013,
      "0.7366948275862069": 1.2776135800421504,
      "0.7893151724137931": 1.2792810626428694,
      "0.8419355172413793": 1.2806008265472755,
      "0.8945558620689654": 1.282088054402514,
      "0.9471762068965517": 1.2836225617424335,
      "0.999796551724138": 1.2851715108744899,
      "1.0524168965517242": 1.2857007572948689,
      "1.1050372413793104": 1.2864552281044612,
      "1.1576575862068967": 1.2874884652552732,
      "1.210277931034483": 1.2892271103680595,
      "1.262898275862069": 1.2899024125712915,
      "1.3155186206896552": 1.2908131586117366,
      "1.3681389655172413": 1.2918216825152804,
      "1.4207593103448277": 1.2925248999195615,
      "1.4733796551724139": 1.296518782568471,
      "1.526": 1.2973505562784178
    },
    "3": {
      "1e-05": 0.7311272485611797,
      "0.05263034482758621": 0.7308816197973169,
      "0.10525068965517241": 0.7318328499088781,
      "0.15787103448275863": 0.7319005819839515,
      "0.21049137931034484": 0.7322253515395962,
      "0.26311172413793105": 0.7323693717169736,
      "0.31573206896551725": 0.7325612707587186,
      "0.36835241379310346": 0.7326155393239818,
      "0.42097275862068967": 0.7330174084186353,
      "0.4735931034482759": 0.7329585290778317,
      "0.526213448275862": 0.7330152222708385,
      "0.5788337931034483": 0.7331827101835234,
      "0.6314541379310344": 0.7329135329051862,
      "0.6840744827586206": 0.7331978040463829,
      "0.7366948275862069": 0.7391035722654092,
      "0.7893151724137931": 0.7397166430422979,
      "0.8419355172413793": 0.7399655610480561,
      "0.8945558620689654": 0.7403438898040446,
      "0.9471762068965517": 0.7406325715268893,
      "0.999796551724138": 0.7410803322078653,
      "1.0524168965517242": 0.7420061540615933,
      "1.1050372413793104": 0.7425960363492426,
      "1.1576575862068967": 0.7432911616526525,
      "1.210277931034483": 0.743466773917962,
      "1.262898275862069": 0.7431327301931496,
      "1.3155186206896552": 0.7429348526206565,
      "1.3681389655172413": 0.7433634719185289,
      "1.4207593103448277": 0.7436475660956187,
      "1.4733796551724139": 0.7318194023142089,
      "1.526": 0.731793360347144
    },
    "4": {
      "1e-05": 0.50981857095031,
      "0.05263034482758621": 0.5103343718415462,
      "0.10525068965517241": 0.5101866137175952,
      "0.15787103448275863": 0.5098555906408511,
      "0.21049137931034484": 0.5098090316221617,
      "0.26311172413793105": 0.5099222001908852,
      "0.31573206896551725": 0.5099479584872241,
      "0.36835241379310346": 0.5099825960261781,
      "0.42097275862068967": 0.5096114829689232,
      "0.4735931034482759": 0.5097238375972191,
      "0.526213448275862": 0.5091850358655675,
      "0.5788337931034483": 0.509274139646621,
      "0.6314541379310344": 0.5091275016157798,
      "0.6840744827586206": 0.5088658991327993,
      "0.7366948275862069": 0.5250690076423071,
      "0.7893151724137931": 0.5256529596544054,
      "0.8419355172413793": 0.5255272528468057,
      "0.8945558620689654": 0.5257526402685407,
      "0.9471762068965517": 0.5258904263166975,
      "0.999796551724138": 0.5257518775758324,
      "1.0524168965517242": 0.5255641856358749,
      "1.1050372413793104": 0.5252889451672345,
      "1.1576575862068967": 0.5253312731378523,
      "1.210277931034483": 0.5259027615060736,
      "1.262898275862069": 0.5258225509844918,
      "1.3155186206896552": 0.5254153723907987,
      "1.3681389655172413": 0.5252129007147895,
      "1.4207593103448277": 0.5257288977773971,
      "1.4733796551724139": 0.5264356726430257,
      "1.526": 0.5262484774862329
    },
    "5": {
      "1e-05": 0.36857559263735445,
      "0.05263034482758621": 0.3691852660120622,
      "0.10525068965517241": 0.36919738361841026,
      "0.15787103448275863": 0.3690613913994939,
      "0.21049137931034484": 0.3692901163618276,
      "0.26311172413793105": 0.3692006569260161,
      "0.31573206896551725": 0.3690174611578836,
      "0.36835241379310346": 0.36958971887114866,
      "0.42097275862068967": 0.3696513176373072,
      "0.4735931034482759": 0.3698742853879885,
      "0.526213448275862": 0.3703196384175597,
      "0.5788337931034483": 0.37074496641935406,
      "0.6314541379310344": 0.3714338590323358,
      "0.6840744827586206": 0.37181708558530546,
      "0.7366948275862069": 0.3862118966927316,
      "0.7893151724137931": 0.3859765722117795,
      "0.8419355172413793": 0.3854310434353669,
      "0.8945558620689654": 0.3857598807470344,
      "0.9471762068965517": 0.38562530744366075,
      "0.999796551724138": 0.38544503348456,
      "1.0524168965517242": 0.3853594581073382,
      "1.1050372413793104": 0.3852589503328311,
      "1.1576575862068967": 0.38516620750028874,
      "1.210277931034483": 0.385258893420383,
      "1.262898275862069": 0.38532455179119374,
      "1.3155186206896552": 0.3856002970569263,
      "1.3681389655172413": 0.38581125480118444,
      "1.4207593103448277": 0.38583463736790174,
      "1.4733796551724139": 0.38904883419961167,
      "1.526": 0.3892244781981665
    },
    "6": {
      "1e-05": 0.3017562470774135,
      "0.05263034482758621": 0.3019924009803935,
      "0.10525068965517241": 0.3021867024222145,
      "0.15787103448275863": 0.3024377263907817,
      "0.21049137931034484": 0.3024840891489482,
      "0.26311172413793105": 0.3024908742286621,
      "0.31573206896551725": 0.30229850647791523,
      "0.36835241379310346": 0.3023697850767982,
      "0.42097275862068967": 0.30227438995405037,
      "0.4735931034482759": 0.30246264860643024,