{
  "name": "median_min",
  "dist": {
    "dist_name": "uniform_int",
    "a": 0,
    "b": 16,
    "param_str": "(0,16)"
  },
  "num_samples": 5000,
  "timestamp": "2024-05-07 17:01:32.643964",
  "num_T": 1,
  "num_A": 1,
  "num_iterations": 10,
  "target_init_entropy": 4.0,
  "awae_data": {
    "1": {
      "0": 1.4903547981103462,
      "1": 1.3945983637270243,
      "2": 1.2836963450507146,
      "3": 1.1775697805439844,
      "4": 1.0882489174782504,
      "5": 1.0168549510728195,
      "6": 0.9699803242913132,
      "7": 0.9455591186956414,
      "8": 0.9493338061914756,
      "9": 0.9797555423256774,
      "10": 1.0272729050992349,
      "11": 1.0968967304965351,
      "12": 1.1830311201538384,
      "13": 1.2852228879343544,
      "14": 1.4007229222771098,
      "15": 1.4969133679955111
    },
    "2": {
      "0": 0.7671956357992606,
      "1": 0.7589722980396021,
      "2": 0.7418558400523529,
      "3": 0.712996361392703,
      "4": 0.6782427756645011,
      "5": 0.641366401888772,
      "6": 0.6076216053929586,
      "7": 0.5793238879338499,
      "8": 0.5581605417252284,
      "9": 0.550168435301678,
      "10": 0.5587421090452653,
      "11": 0.5871245386112868,
      "12": 0.6345837623687146,
      "13": 0.70157288366758,
      "14": 0.7753128618046387,
      "15": 0.8562525133101057
    },
    "3": {
      "0": 0.5265068938393876,
      "1": 0.516598447761704,
      "2": 0.49512871626585264,
      "3": 0.46589855869773505,
      "4": 0.43555304642704884,
      "5": 0.4098451727234632,
      "6": 0.3909525254652668,
      "7": 0.38001835892926655,
      "8": 0.3812229108483501,
      "9": 0.38914097580245927,
      "10": 0.4050682768826189,
      "11": 0.42773239675337776,
      "12": 0.45445350826422376,
      "13": 0.47827471747114886,
      "14": 0.5102898525957401,
      "15": 0.5192268333298728
    },
    "4": {
      "0": 0.37754225661868995,
      "1": 0.37541231679290965,
      "2": 0.3714229924509715,
      "3": 0.3613881943089414,
      "4": 0.3485937232706738,
      "5": 0.3304216060020354,
      "6": 0.30990011505582327,
      "7": 0.2955409724168387,
      "8": 0.28548638992027675,
      "9": 0.2816345795381526,
      "10": 0.2852561245124714,
      "11": 0.2977353296966526,
      "12": 0.3188344185904251,
      "13": 0.34438299347449225,
      "14": 0.37458933161268304,
      "15": 0.38303695942341853
    },
    "5": {
      "0": 0.2924473485571028,
      "1": 0.29027846145357017,
      "2": 0.2857924525435717,
      "3": 0.27607941963137994,
      "4": 0.2613920643731508,
      "5": 0.24411430295939138,
      "6": 0.2317457448603059,
      "7": 0.22680442661505854,
      "8": 0.22639467851728448,
      "9": 0.23356907172935942,
      "10": 0.24803006897305463,
      "11": 0.2619529991679104,
      "12": 0.2764617288871099,
      "13": 0.28679238242051175,
      "14": 0.2932500174939304,
      "15": 0.2959730061922333
    },
    "6": {
      "0": 0.24423706728746297,
      "1": 0.24315479986082736,
      "2": 0.24131284091344102,
      "3": 0.2377863993199493,
      "4": 0.23065771383954453,
      "5": 0.22095728028286604,
      "6": 0.2108492728624672,
      "7": 0.19989395734630547,
      "8": 0.19359140160039906,
      "9": 0.1911516835897615,
      "10": 0.19672777485311801,
      "11": 0.20593401825827132,
      "12": 0.21762757255311257,
      "13": 0.22722885469040294,
      "14": 0.23664136395057547,
      "15": 0.23865132809620343
    },
    "7": {
      "0": 0.19971885872181597,
      "1": 0.1986585056221783,
      "2": 0.19600079115080488,
      "3": 0.19186651983805375,
      "4": 0.18370407750596013,
      "5": 0.17497798766964562,
      "6": 0.1675825091225638,
      "7": 0.1631568115749455,
      "8": 0.16431911687997366,
      "9": 0.16867702852976793,
      "10": 0.1781383993317527,
      "11": 0.18798052317283756,
      "12": 0.19610950909824448,
      "13": 0.20052258846051116,
      "14": 0.19412597450766564,
      "15": 0.1953672465935256
    },
    "8": {
      "0": 0.1764320808543908,
      "1": 0.17621258843177476,
      "2": 0.17465272630288417,
      "3": 0.1730560589720916,
      "4": 0.16935207448795256,
      "5": 0.16229944007515304,
      "6": 0.15447771639859123,
      "7": 0.14821031049128106,
      "8": 0.14233306590780737,
      "9": 0.14404957435323856,
      "10": 0.14823482293716375,
      "11": 0.15694140226215714,
      "12": 0.16634207018332303,
      "13": 0.1726638142364594,
      "14": 0.16307338582167283,
      "15": 0.16435893646436456
    },
    "9": {
      "0": 0.14372705177079664,
      "1": 0.14322255628636135,
      "2": 0.14185210528933279,
      "3": 0.14110326096513298,
      "4": 0.13575635339128586,
      "5": 0.12994280546026482,
      "6": 0.12331858555704142,
      "7": 0.11984996717870773,
      "8": 0.12043740214697388,
      "9": 0.1247651351412132,
      "10": 0.1304925074011887,
      "11": 0.13638954640316137,
      "12": 0.14036168916606126,
      "13": 0.14154504873327117,
      "14": 0.14450324326753106,
      "15": 0.14467372026445163
    },
    "10": {
      "0": 0.13186934385903357,
      "1": 0.1316611974083495,
      "2": 0.13046830067726006,
      "3": 0.1295751666411981,
      "4": 0.12732550442364615,
      "5": 0.12369825099649838,
      "6": 0.11824088331370974,
      "7": 0.11451108274098402,
      "8": 0.11275733151261691,
      "9": 0.11408663619697154,
      "10": 0.11745607491209462,
      "11": 0.12302173969846322,
      "12": 0.12682614762036631,
      "13": 0.12963195495692886,
      "14": 0.12748902239540608,
      "15": 0.12829312999446915
    }
  },
  "leakage_no_attacker": {
    "1": 1.4873349811906942,
    "2": 0.7671956357992606,
    "3": 0.504740405547315,
    "4": 0.37754225661868995,
    "5": 0.29482485695726857,
    "6": 0.24423706728746297,
    "7": 0.20382342826480443,
    "8": 0.1764320808543908,
    "9": 0.14351217231328955,
    "10": 0.13186934385903357
  }
}