{
  "name": "median_min",
  "dist": {
    "dist_name": "uniform_int",
    "a": 0,
    "b": 16,
    "param_str": "(0,16)"
  },
  "num_samples": 5000,
  "timestamp": "2024-05-02 22:03:24.181857",
  "num_T": 1,
  "num_A": 1,
  "num_iterations": 10,
  "target_init_entropy": 4.0,
  "awae_data": {
    "1": {
      "0": 0.0001442743130723462,
      "1": 0.21742926604030774,
      "2": 0.4110905982260711,
      "3": 0.590115498727737,
      "4": 0.7503276047387422,
      "5": 0.8938061587787697,
      "6": 1.0192323300916002,
      "7": 1.133045150996764,
      "8": 1.2287801568290893,
      "9": 1.3013049504701442,
      "10": 1.367140624667329,
      "11": 1.4166161123218683,
      "12": 1.4537234335583056,
      "13": 1.476330498971203,
      "14": 1.5025948953227704,
      "15": 1.5075086040512429
    },
    "2": {
      "0": 0.855206356986208,
      "1": 0.7768596338004525,
      "2": 0.6954848379123086,
      "3": 0.6274789645601662,
      "4": 0.5789076191255302,
      "5": 0.5552957876533765,
      "6": 0.547977988980617,
      "7": 0.5577751809652393,
      "8": 0.5815652588859703,
      "9": 0.6095895773456927,
      "10": 0.645949985128582,
      "11": 0.6817537843576683,
      "12": 0.7176252361346847,
      "13": 0.7453300553042809,
      "14": 0.7570684072707452,
      "15": 0.7667898738634891
    },
    "3": {
      "0": 0.5778915727917243,
      "1": 0.5093155512324982,
      "2": 0.4476330136632124,
      "3": 0.4072171480559512,
      "4": 0.3883828567486245,
      "5": 0.38599305140153517,
      "6": 0.39310282673587044,
      "7": 0.4107685952934979,
      "8": 0.43270009777778845,
      "9": 0.45503668703575506,
      "10": 0.47680651271929103,
      "11": 0.49238131635746135,
      "12": 0.504302147647455,
      "13": 0.5120745546790728,
      "14": 0.516843021557098,
      "15": 0.5185009021268217
    },
    "4": {
      "0": 0.38553866042086354,
      "1": 0.3760508875500965,
      "2": 0.356456361715342,
      "3": 0.33599024821042367,
      "4": 0.31264324668262333,
      "5": 0.2996971178256905,
      "6": 0.2928032240251911,
      "7": 0.2951301565276252,
      "8": 0.30604111505899567,
      "9": 0.3194816725231736,
      "10": 0.337227440193799,
      "11": 0.35339982253456964,
      "12": 0.3671561639717481,
      "13": 0.3757803608171365,
      "14": 0.37176777593469523,
      "15": 0.37395531645796903
    },
    "5": {
      "0": 0.2978218324184275,
      "1": 0.2871026466089918,
      "2": 0.26776270388139556,
      "3": 0.24708742843284562,
      "4": 0.23161526116534667,
      "5": 0.22369526481412544,
      "6": 0.22773893685893393,
      "7": 0.2369497705804474,
      "8": 0.2500829794875713,
      "9": 0.26202800453088365,
      "10": 0.27235887108405726,
      "11": 0.2797272785019171,
      "12": 0.2842905815776516,
      "13": 0.28750205993622374,
      "14": 0.29032688170279586,
      "15": 0.29074099643619544
    },
    "6": {
      "0": 0.23665997722701948,
      "1": 0.23433609871708763,
      "2": 0.22817142287024014,
      "3": 0.21690088953797,
      "4": 0.2046496467036946,
      "5": 0.19498997967927317,
      "6": 0.1917871516997699,
      "7": 0.1924370720122801,
      "8": 0.19955633503971348,
      "9": 0.210772506584179,
      "10": 0.22086615557077338,
      "11": 0.23078550943912698,
      "12": 0.23713510951515734,
      "13": 0.23943027405245987,
      "14": 0.23663243314064006,
      "15": 0.23748573887726598
    },
    "7": {
      "0": 0.19309318260201414,
      "1": 0.1922392804997026,
      "2": 0.18502712318974693,
      "3": 0.17421465515976758,
      "4": 0.16409084520165,
      "5": 0.16081082886842563,
      "6": 0.16058672037792251,
      "7": 0.1678890765286593,
      "8": 0.17666857210938086,
      "9": 0.1873113881372419,
      "10": 0.19505277992699654,
      "11": 0.19853776134377765,
      "12": 0.20116067766847534,
      "13": 0.2028650696042284,
      "14": 0.19702138960069362,
      "15": 0.19712093555851495
    },
    "8": {
      "0": 0.1683096223169615,
      "1": 0.16694446384854972,
      "2": 0.16518663096296507,
      "3": 0.16059473777496036,
      "4": 0.15263924352554276,
      "5": 0.14452999308076137,
      "6": 0.13937709350445984,
      "7": 0.1379542036489065,
      "8": 0.1405143356582539,
      "9": 0.14553614365781714,
      "10": 0.15204297385109722,
      "11": 0.15739600346376276,
      "12": 0.16088704508130547,
      "13": 0.16199510172098577,
      "14": 0.16781690696107568,
      "15": 0.16789275814792853
    },
    "9": {
      "0": 0.14423757611815488,
      "1": 0.1432123389047207,
      "2": 0.14096779672672904,
      "3": 0.13439691140128862,
      "4": 0.12640402196857875,
      "5": 0.12034174544840484,
      "6": 0.11714657808478643,
      "7": 0.11802402815315197,
      "8": 0.1243855666867187,
      "9": 0.13031587714875142,
      "10": 0.13632364535764607,
      "11": 0.139871146415227,
      "12": 0.14070588550520127,
      "13": 0.14085448822529384,
      "14": 0.15143153513293947,
      "15": 0.15143153513293947
    },
    "10": {
      "0": 0.1250610080984348,
      "1": 0.12449474609592182,
      "2": 0.12385237079608717,
      "3": 0.12108363996764178,
      "4": 0.11668363216379525,
      "5": 0.11099070793265242,
      "6": 0.10657774506794408,
      "7": 0.10637535250003756,
      "8": 0.10823702143366778,
      "9": 0.11418141215943978,
      "10": 0.1206076466990736,
      "11": 0.12540278886543887,
      "12": 0.12740280470986975,
      "13": 0.12750225013987315,
      "14": 0.1292804795928554,
      "15": 0.12929490654326428
    }
  }
}