{
  "name": "median_min",
  "dist": {
    "dist_name": "uniform_int",
    "a": 0,
    "b": 16,
    "param_str": "(0,16)"
  },
  "num_samples": 5000,
  "timestamp": "2024-05-03 16:15:18.784797",
  "num_T": 1,
  "num_A": 1,
  "num_iterations": 10,
  "target_init_entropy": 4.0,
  "awae_data": {
    "1": {
      "0": 1.4940137638506439,
      "1": 1.3991368573986511,
      "2": 1.2890581627368347,
      "3": 1.1848878159779126,
      "4": 1.0941936877966105,
      "5": 1.0261895758035369,
      "6": 0.977423970275399,
      "7": 0.9483339225954543,
      "8": 0.9509930722812173,
      "9": 0.9738927487617678,
      "10": 1.0181066206247986,
      "11": 1.08530790032348,
      "12": 1.178494475194758,
      "13": 1.281710835454589,
      "14": 1.3859078778269285,
      "15": 1.4791672924986226
    },
    "2": {
      "0": 0.7714344199415655,
      "1": 0.7628574730021874,
      "2": 0.7446932702711749,
      "3": 0.7191530292604355,
      "4": 0.6855528086113527,
      "5": 0.6497653551437493,
      "6": 0.6152658270958167,
      "7": 0.5833255283603638,
      "8": 0.5640869835293023,
      "9": 0.5562284081725111,
      "10": 0.5611029578408708,
      "11": 0.5842882706852163,
      "12": 0.6300383532441294,
      "13": 0.6932851095216103,
      "14": 0.7834989117860185,
      "15": 0.8639021340346391
    },
    "3": {
      "0": 0.5174583165688971,
      "1": 0.5083485038151576,
      "2": 0.48798044794740464,
      "3": 0.4584316171290874,
      "4": 0.42710478135747654,
      "5": 0.40264986583905193,
      "6": 0.3850751941004456,
      "7": 0.3756344518402385,
      "8": 0.37608283749829313,
      "9": 0.38251844046235634,
      "10": 0.4019925142467839,
      "11": 0.4248005893860734,
      "12": 0.45262502154241047,
      "13": 0.4778554840868603,
      "14": 0.5109624505073123,
      "15": 0.520504983195768
    },
    "4": {
      "0": 0.3825283785938889,
      "1": 0.38058273384254515,
      "2": 0.3763736889969521,
      "3": 0.3665434196345209,
      "4": 0.35212533879436225,
      "5": 0.3342118644764994,
      "6": 0.3157604852700751,
      "7": 0.29815539663217305,
      "8": 0.2868022160321949,
      "9": 0.28080514006963114,
      "10": 0.28472444644522477,
      "11": 0.2951464718057955,
      "12": 0.31577317589804793,
      "13": 0.33888395836529245,
      "14": 0.36280906342199887,
      "15": 0.3728579047386659
    },
    "5": {
      "0": 0.29058958940350565,
      "1": 0.2885819706806646,
      "2": 0.2840722913848611,
      "3": 0.27275428419940123,
      "4": 0.26013643561198657,
      "5": 0.24545184500348677,
      "6": 0.23362831231016443,
      "7": 0.22551839920288602,
      "8": 0.22402468168887557,
      "9": 0.23308011642875703,
      "10": 0.24668766738267286,
      "11": 0.2615673443198479,
      "12": 0.2767752273324372,
      "13": 0.28714743107112517,
      "14": 0.2902564836438765,
      "15": 0.29260319847317307
    },
    "6": {
      "0": 0.24183908703392745,
      "1": 0.24075626052907703,
      "2": 0.23846870527390332,
      "3": 0.23481189219225876,
      "4": 0.22899121513045362,
      "5": 0.21896434589708158,
      "6": 0.20673068717955018,
      "7": 0.19595784566846097,
      "8": 0.1883535022875598,
      "9": 0.1867711375035741,
      "10": 0.1943377408737506,
      "11": 0.20551376992683434,
      "12": 0.21683747282456736,
      "13": 0.22809015438296507,
      "14": 0.23506727817470505,
      "15": 0.2372443082620434
    },
    "7": {
      "0": 0.20411578705992253,
      "1": 0.20238457189973985,
      "2": 0.20102789820735226,
      "3": 0.19583337967410597,
      "4": 0.18811044996135168,
      "5": 0.17631077880349597,
      "6": 0.16638463563884895,
      "7": 0.16009983000744618,
      "8": 0.1597086042022362,
      "9": 0.1626343809800288,
      "10": 0.17254774974681636,
      "11": 0.18241670675829272,
      "12": 0.18895903275746595,
      "13": 0.19298419949517584,
      "14": 0.19646806408386885,
      "15": 0.19782731691135028
    },
    "8": {
      "0": 0.16315781815777158,
      "1": 0.1630203384803434,
      "2": 0.16202897415873213,
      "3": 0.1608546080453534,
      "4": 0.15735838276173655,
      "5": 0.15071473613839595,
      "6": 0.14531178570371084,
      "7": 0.13930765745326537,
      "8": 0.13502691565847838,
      "9": 0.13639014264606045,
      "10": 0.1410386700827843,
      "11": 0.1487403907844239,
      "12": 0.15662390253052336,
      "13": 0.162807813816017,
      "14": 0.16912554001675054,
      "15": 0.17055279819078617
    },
    "9": {
      "0": 0.14173789566661424,
      "1": 0.14109307635069107,
      "2": 0.1398764664703526,
      "3": 0.13857181426427337,
      "4": 0.13427158567730194,
      "5": 0.1276140583630114,
      "6": 0.12196457938256502,
      "7": 0.11800665418560537,
      "8": 0.11779737390273806,
      "9": 0.12160733981677274,
      "10": 0.12571964120323748,
      "11": 0.13146717589234308,
      "12": 0.13615248245123884,
      "13": 0.13808691937854967,
      "14": 0.14879780763682932,
      "15": 0.14906703713326527
    },
    "10": {
      "0": 0.12820203482993178,
      "1": 0.12818760787952288,
      "2": 0.12735070606083282,
      "3": 0.12763128422564943,
      "4": 0.12504563398754598,
      "5": 0.12073941456299961,
      "6": 0.11592685253019012,
      "7": 0.1104341769958519,
      "8": 0.10797815253221241,
      "9": 0.10857014477947916,
      "10": 0.11433640891811621,
      "11": 0.11854944494122248,
      "12": 0.12314203532598086,
      "13": 0.1264684913599654,
      "14": 0.12986150513397027,
      "15": 0.13053602173448606
    }
  }
}