{
  "name": "median_min",
  "dist": {
    "dist_name": "uniform_int",
    "a": 0,
    "b": 16,
    "param_str": "(0,16)"
  },
  "num_samples": 5000,
  "timestamp": "2024-05-02 14:20:07.206698",
  "num_T": 1,
  "num_A": 1,
  "num_iterations": 10,
  "target_init_entropy": 4.0,
  "awae_data": {
    "1": {
      "0": 0.0007114144988720871,
      "1": 0.0007114144988720871,
      "2": 0.0007114144988720871,
      "3": 0.0007114144988720871,
      "4": 0.0007114144988720871,
      "5": 0.0007114144988720871,
      "6": 0.0007114144988720871,
      "7": 0.0007114144988720871,
      "8": 0.0007114144988720871,
      "9": 0.0007114144988720871,
      "10": 0.0007114144988720871,
      "11": 0.0007114144988720871,
      "12": 0.0007114144988720871,
      "13": 0.0007114144988720871,
      "14": -0.00029325133978004293,
      "15": -0.00029325133978004293
    },
    "2": {
      "0": 0.001448338244119131,
      "1": 0.001448338244119131,
      "2": 0.001448338244119131,
      "3": 0.001448338244119131,
      "4": 0.001448338244119131,
      "5": 0.001448338244119131,
      "6": 0.001448338244119131,
      "7": 0.001448338244119131,
      "8": 0.001448338244119131,
      "9": 0.001448338244119131,
      "10": 0.001448338244119131,
      "11": 0.001448338244119131,
      "12": 0.001448338244119131,
      "13": 0.001448338244119131,
      "14": 0.0005566147887314969,
      "15": 0.0005566147887314969
    },
    "3": {
      "0": 0.0014355244359146552,
      "1": 0.0014355244359146552,
      "2": 0.0014355244359146552,
      "3": 0.0014355244359146552,
      "4": 0.0014355244359146552,
      "5": 0.0014355244359146552,
      "6": 0.0014355244359146552,
      "7": 0.0014355244359146552,
      "8": 0.0014355244359146552,
      "9": 0.0014355244359146552,
      "10": 0.0014355244359146552,
      "11": 0.0014355244359146552,
      "12": 0.0014355244359146552,
      "13": 0.0014355244359146552,
      "14": 0.0005366218415534611,
      "15": 0.0005366218415534611
    },
    "4": {
      "0": 0.0003125172219404182,
      "1": 0.0003125172219404182,
      "2": 0.0003125172219404182,
      "3": 0.0003125172219404182,
      "4": 0.0003125172219404182,
      "5": 0.0003125172219404182,
      "6": 0.0003125172219404182,
      "7": 0.0003125172219404182,
      "8": 0.0003125172219404182,
      "9": 0.0003125172219404182,
      "10": 0.0003125172219404182,
      "11": 0.0003125172219404182,
      "12": 0.0003125172219404182,
      "13": 0.0003125172219404182,
      "14": 0.0006107789480319578,
      "15": 0.0006107789480319578
    },
    "5": {
      "0": -0.0003901920204579829,
      "1": -0.0003901920204579829,
      "2": -0.0003901920204579829,
      "3": -0.0003901920204579829,
      "4": -0.0003901920204579829,
      "5": -0.0003901920204579829,
      "6": -0.0003901920204579829,
      "7": -0.0003901920204579829,
      "8": -0.0003901920204579829,
      "9": -0.0003901920204579829,
      "10": -0.0003901920204579829,
      "11": -0.0003901920204579829,
      "12": -0.0003901920204579829,
      "13": -0.0003901920204579829,
      "14": 0.00021227235597390492,
      "15": 0.00021227235597390492
    },
    "6": {
      "0": 0.0015261129815458897,
      "1": 0.0015261129815458897,
      "2": 0.0015261129815458897,
      "3": 0.0015261129815458897,
      "4": 0.0015261129815458897,
      "5": 0.0015261129815458897,
      "6": 0.0015261129815458897,
      "7": 0.0015261129815458897,
      "8": 0.0015261129815458897,
      "9": 0.0015261129815458897,
      "10": 0.0015261129815458897,
      "11": 0.0015261129815458897,
      "12": 0.0015261129815458897,
      "13": 0.0015261129815458897,
      "14": -0.00014942722799519246,
      "15": -0.00014942722799519246
    },
    "7": {
      "0": -0.00021061332756324583,
      "1": -0.00021061332756324583,
      "2": -0.00021061332756324583,
      "3": -0.00021061332756324583,
      "4": -0.00021061332756324583,
      "5": -0.00021061332756324583,
      "6": -0.00021061332756324583,
      "7": -0.00021061332756324583,
      "8": -0.00021061332756324583,
      "9": -0.00021061332756324583,
      "10": -0.00021061332756324583,
      "11": -0.00021061332756324583,
      "12": -0.00021061332756324583,
      "13": -0.00021061332756324583,
      "14": 0.000790344874933525,
      "15": 0.000790344874933525
    },
    "8": {
      "0": -0.00030494292601218555,
      "1": -0.00030494292601218555,
      "2": -0.00030494292601218555,
      "3": -0.00030494292601218555,
      "4": -0.00030494292601218555,
      "5": -0.00030494292601218555,
      "6": -0.00030494292601218555,
      "7": -0.00030494292601218555,
      "8": -0.00030494292601218555,
      "9": -0.00030494292601218555,
      "10": -0.00030494292601218555,
      "11": -0.00030494292601218555,
      "12": -0.00030494292601218555,
      "13": -0.00030494292601218555,
      "14": 0.001156135403565545,
      "15": 0.001156135403565545
    },
    "9": {
      "0": 0.0012544250142841975,
      "1": 0.0012544250142841975,
      "2": 0.0012544250142841975,
      "3": 0.0012544250142841975,
      "4": 0.0012544250142841975,
      "5": 0.0012544250142841975,
      "6": 0.0012544250142841975,
      "7": 0.0012544250142841975,
      "8": 0.0012544250142841975,
      "9": 0.0012544250142841975,
      "10": 0.0012544250142841975,
      "11": 0.0012544250142841975,
      "12": 0.0012544250142841975,
      "13": 0.0012544250142841975,
      "14": -0.000686000565152497,
      "15": -0.000686000565152497
    },
    "10": {
      "0": -0.0003252916247373751,
      "1": -0.0003252916247373751,
      "2": -0.0003252916247373751,
      "3": -0.0003252916247373751,
      "4": -0.0003252916247373751,
      "5": -0.0003252916247373751,
      "6": -0.0003252916247373751,
      "7": -0.0003252916247373751,
      "8": -0.0003252916247373751,
      "9": -0.0003252916247373751,
      "10": -0.0003252916247373751,
      "11": -0.0003252916247373751,
      "12": -0.0003252916247373751,
      "13": -0.0003252916247373751,
      "14": -0.0008428317526207104,
      "15": -0.0008428317526207104
    }
  }
}