{
  "name": "median_min",
  "dist": {
    "dist_name": "uniform_int",
    "a": 0,
    "b": 4,
    "param_str": "(0,4)"
  },
  "num_samples": 5000,
  "timestamp": "2024-05-03 16:09:50.132301",
  "num_T": 1,
  "num_A": 1,
  "num_iterations": 10,
  "target_init_entropy": 2.0,
  "awae_data": {
    "1": {
      "0": 0.6671801317473396,
      "1": 0.4990986629180192,
      "2": 0.5053549340635249,
      "3": 0.6815861510776499
    },
    "2": {
      "0": 0.3660884834653416,
      "1": 0.30489471433950455,
      "2": 0.2676776840376075,
      "3": 0.3494076698961257
    },
    "3": {
      "0": 0.23670463496042582,
      "1": 0.18656957693939114,
      "2": 0.19092466654757498,
      "3": 0.23984144978824737
    },
    "4": {
      "0": 0.1770761685041327,
      "1": 0.14992625404523902,
      "2": 0.1336338954005506,
      "3": 0.16841759612887897
    },
    "5": {
      "0": 0.1399246125034051,
      "1": 0.11405251304562052,
      "2": 0.11769646220056836,
      "3": 0.1403031768220666
    },
    "6": {
      "0": 0.11427608174462048,
      "1": 0.09954963830029813,
      "2": 0.09170662727034196,
      "3": 0.11374673152906307
    },
    "7": {
      "0": 0.09144418932108733,
      "1": 0.076438440881838,
      "2": 0.0766550298222319,
      "3": 0.09286685968100601
    },
    "8": {
      "0": 0.07791372664015203,
      "1": 0.06975647168876585,
      "2": 0.06186846698255362,
      "3": 0.07366972061534385
    },
    "9": {
      "0": 0.0684919505592156,
      "1": 0.05782247241468241,
      "2": 0.05957752066184026,
      "3": 0.06821240833064364
    },
    "10": {
      "0": 0.05824493260561223,
      "1": 0.05405285369101622,
      "2": 0.049223551709010695,
      "3": 0.058204091380876545
    }
  }
}