{
  "name": "median_min",
  "dist": {
    "dist_name": "uniform_int",
    "a": 0,
    "b": 4,
    "param_str": "(0,4)"
  },
  "num_samples": 5000,
  "timestamp": "2024-05-02 21:58:12.774350",
  "num_T": 1,
  "num_A": 1,
  "num_iterations": 10,
  "target_init_entropy": 2.0,
  "awae_data": {
    "1": {
      "0": 0.00014427431307236096,
      "1": 0.3774876865670491,
      "2": 0.5896038762118531,
      "3": 0.6671801317473396
    },
    "2": {
      "0": 0.3481112650201275,
      "1": 0.26215698056742365,
      "2": 0.30141682302277883,
      "3": 0.3660884834653416
    },
    "3": {
      "0": 0.2081014798762503,
      "1": 0.17321490982253512,
      "2": 0.21264298452923444,
      "3": 0.23670463496042582
    },
    "4": {
      "0": 0.1674272206955928,
      "1": 0.1332099839982205,
      "2": 0.15066269828005616,
      "3": 0.1770761685041327
    },
    "5": {
      "0": 0.12525546047132974,
      "1": 0.1034060036595438,
      "2": 0.126704427320586,
      "3": 0.1399246125034051
    },
    "6": {
      "0": 0.10754641310998037,
      "1": 0.08806670856683305,
      "2": 0.0995734116173078,
      "3": 0.11427608174462048
    },
    "7": {
      "0": 0.09043669032114311,
      "1": 0.07085666699009871,
      "2": 0.08358967501227962,
      "3": 0.09144418932108733
    },
    "8": {
      "0": 0.08072676622580131,
      "1": 0.0633912911485551,
      "2": 0.07058749052350492,
      "3": 0.07791372664015203
    },
    "9": {
      "0": 0.06615141022538511,
      "1": 0.05398330088890676,
      "2": 0.06462888084560832,
      "3": 0.0684919505592156
    },
    "10": {
      "0": 0.05673703086012912,
      "1": 0.04659568947447197,
      "2": 0.05209375163742043,
      "3": 0.05824493260561223
    }
  }
}