{
  "name": "median_min",
  "dist": {
    "dist_name": "uniform_int",
    "a": 0,
    "b": 4,
    "param_str": "(0,4)"
  },
  "num_samples": 5000,
  "timestamp": "2024-05-02 14:15:36.257615",
  "num_T": 1,
  "num_A": 1,
  "num_iterations": 10,
  "target_init_entropy": 2.0,
  "awae_data": {
    "1": {
      "0": 4.2800578743300344e-05,
      "1": 4.2800578743300344e-05,
      "2": 4.2800578743300344e-05,
      "3": 4.2800578743300344e-05
    },
    "2": {
      "0": 0.0002717068987968586,
      "1": 0.0002717068987968586,
      "2": 0.0002717068987968586,
      "3": 0.0002717068987968586
    },
    "3": {
      "0": 0.00020810593567589008,
      "1": 0.00020810593567589008,
      "2": 0.00020810593567589008,
      "3": 0.00020810593567589008
    },
    "4": {
      "0": 7.871286499292883e-05,
      "1": 7.871286499292883e-05,
      "2": 7.871286499292883e-05,
      "3": 7.871286499292883e-05
    },
    "5": {
      "0": -0.00024041792695485113,
      "1": -0.00024041792695485113,
      "2": -0.00024041792695485113,
      "3": -0.00024041792695485113
    },
    "6": {
      "0": 0.00011475327903215074,
      "1": 0.00011475327903215074,
      "2": 0.00011475327903215074,
      "3": 0.00011475327903215074
    },
    "7": {
      "0": 0.0002451110249253822,
      "1": 0.0002451110249253822,
      "2": 0.0002451110249253822,
      "3": 0.0002451110249253822
    },
    "8": {
      "0": 0.00018239929006054332,
      "1": 0.00018239929006054332,
      "2": 0.00018239929006054332,
      "3": 0.00018239929006054332
    },
    "9": {
      "0": 0.00034309300352620753,
      "1": 0.00034309300352620753,
      "2": 0.00034309300352620753,
      "3": 0.00034309300352620753
    },
    "10": {
      "0": 0.0002681342695449929,
      "1": 0.0002681342695449929,
      "2": 0.0002681342695449929,
      "3": 0.0002681342695449929
    }
  }
}