{
  "name": "median_min",
  "dist": {
    "dist_name": "uniform_int",
    "a": 0,
    "b": 4,
    "param_str": "(0,4)"
  },
  "num_samples": 5000,
  "timestamp": "2024-05-07 16:53:48.694235",
  "num_T": 1,
  "num_A": 1,
  "num_iterations": 10,
  "target_init_entropy": 2.0,
  "awae_data": {
    "1": {
      "0": 0.6649241594786587,
      "1": 0.48992447596400845,
      "2": 0.48898430920749847,
      "3": 0.6688376323958379
    },
    "2": {
      "0": 0.36256459556179355,
      "1": 0.30042472754957694,
      "2": 0.265381641993501,
      "3": 0.3519009212571851
    },
    "3": {
      "0": 0.23768132032999856,
      "1": 0.18567360138745392,
      "2": 0.1846335759470339,
      "3": 0.23127779184943562
    },
    "4": {
      "0": 0.18042650357257473,
      "1": 0.1534355833294121,
      "2": 0.13580547591425843,
      "3": 0.17439945123227346
    },
    "5": {
      "0": 0.14025824188663644,
      "1": 0.11643717015056891,
      "2": 0.1126113710518987,
      "3": 0.13803448097116383
    },
    "6": {
      "0": 0.11386295631859673,
      "1": 0.10001700701898866,
      "2": 0.09148762528080101,
      "3": 0.11343977533823071
    },
    "7": {
      "0": 0.0919840340981335,
      "1": 0.07762338513305407,
      "2": 0.07604563786497949,
      "3": 0.09091934937108671
    },
    "8": {
      "0": 0.0833912213379123,
      "1": 0.07248197947390825,
      "2": 0.06621030449389123,
      "3": 0.08240117368057578
    },
    "9": {
      "0": 0.07048553497441144,
      "1": 0.060514442681933046,
      "2": 0.05961159335373088,
      "3": 0.06779423282304085
    },
    "10": {
      "0": 0.06335933525232998,
      "1": 0.05749627666554047,
      "2": 0.05039514137193394,
      "3": 0.0610664224933138
    }
  },
  "leakage_no_attacker": {
    "1": 0.6688376323958379,
    "2": 0.36256459556179355,
    "3": 0.23127779184943562,
    "4": 0.18042650357257473,
    "5": 0.13803448097116383,
    "6": 0.11386295631859673,
    "7": 0.09091934937108671,
    "8": 0.0833912213379123,
    "9": 0.06779423282304085,
    "10": 0.06335933525232998
  }
}