{
  "name": "median_min",
  "dist": {
    "dist_name": "uniform_int",
    "a": 0,
    "b": 8,
    "param_str": "(0,8)"
  },
  "num_samples": 5000,
  "timestamp": "2024-05-07 16:57:14.943721",
  "num_T": 1,
  "num_A": 1,
  "num_iterations": 10,
  "target_init_entropy": 3.0,
  "awae_data": {
    "1": {
      "0": 1.068420479425079,
      "1": 0.9177199187832927,
      "2": 0.7889394742710587,
      "3": 0.7153707852211999,
      "4": 0.7144970808677675,
      "5": 0.7824813533143463,
      "6": 0.9097308361654317,
      "7": 1.059764461418318
    },
    "2": {
      "0": 0.5511267163944793,
      "1": 0.524614040016136,
      "2": 0.4783628702774836,
      "3": 0.43106344510231,
      "4": 0.3996847649979782,
      "5": 0.408773980242408,
      "6": 0.47452131973809814,
      "7": 0.5831761013174912
    },
    "3": {
      "0": 0.3650650895488218,
      "1": 0.34065792973560505,
      "2": 0.30347547950553755,
      "3": 0.27605151416524865,
      "4": 0.27520406022861194,
      "5": 0.30083280338898166,
      "6": 0.3382622209965608,
      "7": 0.3631450462161911
    },
    "4": {
      "0": 0.27485571439563594,
      "1": 0.267939372839599,
      "2": 0.2497737580373534,
      "3": 0.22584787045135638,
      "4": 0.21278001885075493,
      "5": 0.21925100724212068,
      "6": 0.24175553384300108,
      "7": 0.26779589389109326
    },
    "5": {
      "0": 0.20873590619632276,
      "1": 0.2017419851759042,
      "2": 0.18462678011706232,
      "3": 0.16872159276049511,
      "4": 0.16809056123505156,
      "5": 0.18238883497884753,
      "6": 0.2016896748600086,
      "7": 0.20997748595104135
    },
    "6": {
      "0": 0.1667644204825585,
      "1": 0.16450732349813413,
      "2": 0.1545157860617008,
      "3": 0.14209158604631997,
      "4": 0.13404290944865094,
      "5": 0.14129904206173635,
      "6": 0.15752663081225543,
      "7": 0.1653743124547316
    },
    "7": {
      "0": 0.14170145533910614,
      "1": 0.13921725600080895,
      "2": 0.12948693504659564,
      "3": 0.11980826636049464,
      "4": 0.12065601047364327,
      "5": 0.13083434143519915,
      "6": 0.14075664347675426,
      "7": 0.1436225969347172
    },
    "8": {
      "0": 0.1237857547767002,
      "1": 0.12284662659339804,
      "2": 0.11653096878104781,
      "3": 0.10574403595664572,
      "4": 0.10010322726509999,
      "5": 0.1034947805200455,
      "6": 0.11382121629872059,
      "7": 0.11750212074565128
    },
    "9": {
      "0": 0.10118484758443158,
      "1": 0.10012573220663604,
      "2": 0.09554679812604461,
      "3": 0.08842481320530719,
      "4": 0.0886306355361442,
      "5": 0.09846989380596363,
      "6": 0.10428018766807742,
      "7": 0.1046548450050967
    },
    "10": {
      "0": 0.09481291262935586,
      "1": 0.09435916417179893,
      "2": 0.09068703084706903,
      "3": 0.08229883432105597,
      "4": 0.07992927628873334,
      "5": 0.08486017796691464,
      "6": 0.08991762942597199,
      "7": 0.09113651041896474
    }
  },
  "leakage_no_attacker": {
    "1": 1.059764461418318,
    "2": 0.5511267163944793,
    "3": 0.3631450462161911,
    "4": 0.27485571439563594,
    "5": 0.20997748595104135,
    "6": 0.1667644204825585,
    "7": 0.1436225969347172,
    "8": 0.1237857547767002,
    "9": 0.1046548450050967,
    "10": 0.09481291262935586
  }
}