{
  "name": "median_min",
  "dist": {
    "dist_name": "uniform_int",
    "a": 0,
    "b": 8,
    "param_str": "(0,8)"
  },
  "num_samples": 5000,
  "timestamp": "2024-05-02 22:00:17.231362",
  "num_T": 1,
  "num_A": 1,
  "num_iterations": 10,
  "target_init_entropy": 3.0,
  "awae_data": {
    "1": {
      "0": 0.00014427431307218141,
      "1": 0.3077767384333799,
      "2": 0.558337068058399,
      "3": 0.7526500408094673,
      "4": 0.8957121154466673,
      "5": 0.9885436842706407,
      "6": 1.040648955256469,
      "7": 1.060337078913499
    },
    "2": {
      "0": 0.5892762371805629,
      "1": 0.48181600750143927,
      "2": 0.41643387637704754,
      "3": 0.40024721586983186,
      "4": 0.42803932930731686,
      "5": 0.4778493435523741,
      "6": 0.5216259744623237,
      "7": 0.5455050811311578
    },
    "3": {
      "0": 0.37870712872817974,
      "1": 0.2977904695476397,
      "2": 0.2700884385125466,
      "3": 0.2826390372270605,
      "4": 0.3170729084179386,
      "5": 0.34467569959870864,
      "6": 0.36026399144295207,
      "7": 0.36478285577738034
    },
    "4": {
      "0": 0.26465727817164775,
      "1": 0.23739337731169666,
      "2": 0.21057289028645276,
      "3": 0.2031235090807982,
      "4": 0.21524669883144396,
      "5": 0.23991914084499638,
      "6": 0.2592508955800592,
      "7": 0.2661335596115587
    },
    "5": {
      "0": 0.20112184961730684,
      "1": 0.17683353342480312,
      "2": 0.16109580459689996,
      "3": 0.16638979303728796,
      "4": 0.18212251743069768,
      "5": 0.19862748870298547,
      "6": 0.20658578823092047,
      "7": 0.20861866688798134
    },
    "6": {
      "0": 0.15637246681944333,
      "1": 0.14798924851724798,
      "2": 0.13483480053421565,
      "3": 0.12921153349068842,
      "4": 0.13768184054956742,
      "5": 0.1535095048110615,
      "6": 0.1640163756367897,
      "7": 0.1662778617384684
    },
    "7": {
      "0": 0.13751743901334773,
      "1": 0.12728237310378054,
      "2": 0.11317893608249407,
      "3": 0.11402233066519366,
      "4": 0.12523299239499738,
      "5": 0.13566839155726224,
      "6": 0.13936451486435378,
      "7": 0.14057842582972965
    },
    "8": {
      "0": 0.11578847077997603,
      "1": 0.11318331012719496,
      "2": 0.10050859656718522,
      "3": 0.09534517911805229,
      "4": 0.09956049881591789,
      "5": 0.11003132776951481,
      "6": 0.11669686795935941,
      "7": 0.11705633284964885
    },
    "9": {
      "0": 0.10262896579431431,
      "1": 0.0987733364396779,
      "2": 0.08923990580325027,
      "3": 0.08631261559580808,
      "4": 0.09305650874295737,
      "5": 0.09996849427762,
      "6": 0.10187573327522477,
      "7": 0.10244511999332102
    },
    "10": {
      "0": 0.09113579823799339,
      "1": 0.09025513581121677,
      "2": 0.08421989793913395,
      "3": 0.07748348494150045,
      "4": 0.07935738284025243,
      "5": 0.08523046461777357,
      "6": 0.08837182152592832,
      "7": 0.08951484318902402
    }
  }
}