{
  "name": "median_min",
  "dist": {
    "dist_name": "uniform_int",
    "a": 0,
    "b": 8,
    "param_str": "(0,8)"
  },
  "num_samples": 5000,
  "timestamp": "2024-05-02 14:17:18.265813",
  "num_T": 1,
  "num_A": 1,
  "num_iterations": 10,
  "target_init_entropy": 3.0,
  "awae_data": {
    "1": {
      "0": -0.00032299063918679886,
      "1": -0.00032299063918679886,
      "2": -0.00032299063918679886,
      "3": -0.00032299063918679886,
      "4": -0.00032299063918679886,
      "5": -0.00032299063918679886,
      "6": -0.00032299063918679886,
      "7": -0.00032299063918679886
    },
    "2": {
      "0": -0.0003207061869832775,
      "1": -0.0003207061869832775,
      "2": -0.0003207061869832775,
      "3": -0.0003207061869832775,
      "4": -0.0003207061869832775,
      "5": -0.0003207061869832775,
      "6": -0.0003207061869832775,
      "7": -0.0003207061869832775
    },
    "3": {
      "0": 0.00024225649108150252,
      "1": 0.00024225649108150252,
      "2": 0.00024225649108150252,
      "3": 0.00024225649108150252,
      "4": 0.00024225649108150252,
      "5": 0.00024225649108150252,
      "6": 0.00024225649108150252,
      "7": 0.00024225649108150252
    },
    "4": {
      "0": -0.0003992335665598234,
      "1": -0.0003992335665598234,
      "2": -0.0003992335665598234,
      "3": -0.0003992335665598234,
      "4": -0.0003992335665598234,
      "5": -0.0003992335665598234,
      "6": -0.0003992335665598234,
      "7": -0.0003992335665598234
    },
    "5": {
      "0": -8.796748196886998e-06,
      "1": -8.796748196886998e-06,
      "2": -8.796748196886998e-06,
      "3": -8.796748196886998e-06,
      "4": -8.796748196886998e-06,
      "5": -8.796748196886998e-06,
      "6": -8.796748196886998e-06,
      "7": -8.796748196886998e-06
    },
    "6": {
      "0": -1.7329630039675328e-05,
      "1": -1.7329630039675328e-05,
      "2": -1.7329630039675328e-05,
      "3": -1.7329630039675328e-05,
      "4": -1.7329630039675328e-05,
      "5": -1.7329630039675328e-05,
      "6": -1.7329630039675328e-05,
      "7": -1.7329630039675328e-05
    },
    "7": {
      "0": -8.849529913544178e-05,
      "1": -8.849529913544178e-05,
      "2": -8.849529913544178e-05,
      "3": -8.849529913544178e-05,
      "4": -8.849529913544178e-05,
      "5": -8.849529913544178e-05,
      "6": -8.849529913544178e-05,
      "7": -8.849529913544178e-05
    },
    "8": {
      "0": 0.0004840311617299118,
      "1": 0.0004840311617299118,
      "2": 0.0004840311617299118,
      "3": 0.0004840311617299118,
      "4": 0.0004840311617299118,
      "5": 0.0004840311617299118,
      "6": 0.0004840311617299118,
      "7": 0.0004840311617299118
    },
    "9": {
      "0": 0.0004187777621554024,
      "1": 0.0004187777621554024,
      "2": 0.0004187777621554024,
      "3": 0.0004187777621554024,
      "4": 0.0004187777621554024,
      "5": 0.0004187777621554024,
      "6": 0.0004187777621554024,
      "7": 0.0004187777621554024
    },
    "10": {
      "0": -9.78907117499792e-05,
      "1": -9.78907117499792e-05,
      "2": -9.78907117499792e-05,
      "3": -9.78907117499792e-05,
      "4": -9.78907117499792e-05,
      "5": -9.78907117499792e-05,
      "6": -9.78907117499792e-05,
      "7": -9.78907117499792e-05
    }
  }
}