{
  "name": "median_min",
  "dist": {
    "dist_name": "uniform_int",
    "a": 0,
    "b": 8,
    "param_str": "(0,8)"
  },
  "num_samples": 5000,
  "timestamp": "2024-05-03 16:11:57.662827",
  "num_T": 1,
  "num_A": 1,
  "num_iterations": 10,
  "target_init_entropy": 3.0,
  "awae_data": {
    "1": {
      "0": 1.060337078913499,
      "1": 0.9117943689033143,
      "2": 0.7828733121943044,
      "3": 0.7104394490879503,
      "4": 0.7169460628349392,
      "5": 0.7946455629463766,
      "6": 0.9260214163596558,
      "7": 1.0771244409442968
    },
    "2": {
      "0": 0.5455050811311578,
      "1": 0.5220552390386549,
      "2": 0.47627435665270984,
      "3": 0.425037547853658,
      "4": 0.39616742883775136,
      "5": 0.40727339809497376,
      "6": 0.4751438026695009,
      "7": 0.5842425599182722
    },
    "3": {
      "0": 0.36478285577738034,
      "1": 0.33972071336248133,
      "2": 0.3010884884402551,
      "3": 0.27064872982361854,
      "4": 0.2701431952086053,
      "5": 0.2956565438523239,
      "6": 0.3349357954470852,
      "7": 0.360929549452956
    },
    "4": {
      "0": 0.2661335596115587,
      "1": 0.25923067555157564,
      "2": 0.2415734122791009,
      "3": 0.2162533350525317,
      "4": 0.2010499020060835,
      "5": 0.20907319706193914,
      "6": 0.23649131358561398,
      "7": 0.2612289775104466
    },
    "5": {
      "0": 0.20861866688798134,
      "1": 0.20050881152857064,
      "2": 0.18155589426729205,
      "3": 0.16634753018188586,
      "4": 0.16628162674783578,
      "5": 0.1770950047202265,
      "6": 0.19578219534025196,
      "7": 0.20295165142341265
    },
    "6": {
      "0": 0.1662778617384684,
      "1": 0.1645551865367842,
      "2": 0.15413653493099616,
      "3": 0.13856472508404621,
      "4": 0.1312799954659308,
      "5": 0.1371097810236117,
      "6": 0.15266570011825112,
      "7": 0.1623314110654267
    },
    "7": {
      "0": 0.14057842582972965,
      "1": 0.13805822879152002,
      "2": 0.12908432713524426,
      "3": 0.11882932987314199,
      "4": 0.11853070650061519,
      "5": 0.13044311658073734,
      "6": 0.13975307359434835,
      "7": 0.14243606344883494
    },
    "8": {
      "0": 0.11705633284964885,
      "1": 0.11644136494184414,
      "2": 0.11256564142039087,
      "3": 0.10281184126718668,
      "4": 0.0974283267268897,
      "5": 0.10479656096447407,
      "6": 0.11339338331677803,
      "7": 0.11625014718352158
    },
    "9": {
      "0": 0.10244511999332102,
      "1": 0.10135421739899268,
      "2": 0.09494076681238288,
      "3": 0.08739932814374479,
      "4": 0.08857180522308161,
      "5": 0.09727320963504894,
      "6": 0.10353802922023307,
      "7": 0.1037415915420438
    },
    "10": {
      "0": 0.08951484318902402,
      "1": 0.08924912565040835,
      "2": 0.08582257694002847,
      "3": 0.07686593390694697,
      "4": 0.0740328011940575,
      "5": 0.07983980697490789,
      "6": 0.08646948880182777,
      "7": 0.08716448668048767
    }
  }
}