{
  "name": "max",
  "dist": {
    "dist_name": "uniform_int",
    "a": 0,
    "b": 4,
    "param_str": "(0,0)"
  },
  "num_samples": 100,
  "num_T": 1,
  "num_A": 1,
  "num_iterations": 10,
  "target_init_entropy": 2.0,
  "awae_data": {
    "1": {
      "0": 0.5289972809144,
      "1": 0.4130164792368598,
      "2": 0.28608489033587425,
      "3": 0.005008333250003723
    },
    "2": {
      "0": 0.29233127067352777,
      "1": 0.27025667354002825,
      "2": 0.185567321923066,
      "3": 0.005008333250003753
    },
    "3": {
      "0": 0.17422662111420176,
      "1": 0.17668125696747206,
      "2": 0.11084173360687666,
      "3": 0.005008333250003723
    },
    "4": {
      "0": 0.13591933312090707,
      "1": 0.13641949822733995,
      "2": 0.09487942604815228,
      "3": 0.005008333250003695
    },
    "5": {
      "0": 0.1181853060798457,
      "1": 0.10857928679605691,
      "2": 0.07281251509298534,
      "3": 0.0050083332500036395
    },
    "6": {
      "0": 0.08359220320282627,
      "1": 0.1034468697297505,
      "2": 0.0760610678213758,
      "3": 0.005008333250003695
    },
    "7": {
      "0": 0.09150310749733574,
      "1": 0.0757669601752157,
      "2": 0.06920439330195242,
      "3": 0.005008333250003695
    },
    "8": {
      "0": 0.07102118664760251,
      "1": 0.08543821810499835,
      "2": 0.07523465262069705,
      "3": 0.005008333250003723
    },
    "9": {
      "0": 0.06683376947539613,
      "1": 0.07809001009371311,
      "2": 0.07292384803037281,
      "3": 0.005008333250003695
    }
  }
}