{
  "name": "max",
  "dist": {
    "dist_name": "uniform_int",
    "a": 0,
    "b": 4,
    "param_str": "(0,4)"
  },
  "num_samples": 1000,
  "num_T": 1,
  "num_A": 1,
  "num_iterations": 10,
  "target_init_entropy": 2.0,
  "awae_data": {
    "1": {
      "0": 0.46125074239015396,
      "1": 0.41199667186324007,
      "2": 0.2653834198443633,
      "3": 0.0005000833333248947
    },
    "2": {
      "0": 0.24114446172709553,
      "1": 0.23125274508107335,
      "2": 0.1689480188177947,
      "3": 0.0005000833333248156
    },
    "3": {
      "0": 0.14663857487983395,
      "1": 0.14134477798126166,
      "2": 0.11388944702332196,
      "3": 0.0005000833333250092
    },
    "4": {
      "0": 0.09367274324139493,
      "1": 0.09562160416014988,
      "2": 0.08000992744214357,
      "3": 0.0005000833333249639
    },
    "5": {
      "0": 0.06650185954382071,
      "1": 0.06510294570024867,
      "2": 0.059275839916407405,
      "3": 0.0005000833333250131
    },
    "6": {
      "0": 0.04562622678469106,
      "1": 0.046188509990514125,
      "2": 0.040446046378752654,
      "3": 0.0005000833333248946
    },
    "7": {
      "0": 0.032685992510369695,
      "1": 0.03230076463625451,
      "2": 0.030992232939313823,
      "3": 0.0005000833333249149
    },
    "8": {
      "0": 0.02443385923551306,
      "1": 0.025284690654723496,
      "2": 0.02491527979386971,
      "3": 0.0005000833333248295
    },
    "9": {
      "0": 0.01943909001312293,
      "1": 0.01781913308200794,
      "2": 0.016007734244947277,
      "3": 0.0005000833333249258
    }
  }
}