{"name": "sum", "dist": {"dist_name": "uniform_real", "a": 0, "b": 16, "param_str": "(0,0)"}, "num_samples": 30, "num_T": 1, "num_A": 1, "num_iterations": 10, "target_init_entropy": 4.087462841250339, "awae_data": {"1": {"0": 0.34558599020644654, "1": 0.2717926821263233, "2": 0.30123252089167696, "3": 0.25510907632512086, "4": 0.27382789476868363, "5": 0.2929850961314812, "6": 0.25760073424866736, "7": 0.3244958769599865, "8": 0.29194541926208295, "9": 0.2738082551469272, "10": 0.2669330137825722, "11": 0.30064099626488505, "12": 0.3255349942324629, "13": 0.28233670614209655, "14": 0.28840881492787795, "15": 0.2725219988192622}, "2": {"0": 0.20789664343039557, "1": 0.16236369144459578, "2": 0.17119317394395944, "3": 0.16864424653825555, "4": 0.18498712228679903, "5": 0.13760547153857214, "6": 0.14101210139178746, "7": 0.24507894342052547, "8": 0.1439039288883822, "9": 0.1406015252722055, "10": 0.19812999142980872, "11": 0.21403425324292735, "12": 0.18669989581217214, "13": 0.1612322169269985, "14": 0.17709259897418386, "15": 0.1544491437313829}, "3": {"0": 0.1207906346909092, "1": 0.12339885202927717, "2": 0.12122856977522341, "3": 0.1634202641956904, "4": 0.11530796671119221, "5": 0.10685628112206784, "6": 0.0928257146413178, "7": 0.12016250128856328, "8": 0.14208698313971407, "9": 0.10974781563100866, "10": 0.11644853197514157, "11": 0.14725421883671397, "12": 0.14412502012893436, "13": 0.13933680454111486, "14": 0.11878110837317075, "15": 0.16586114963912468}, "4": {"0": 0.10392830077961668, "1": 0.11219430590257636, "2": 0.056500200570558455, "3": 0.09326075688900695, "4": 0.13753787693106495, "5": 0.1214261285783637, "6": 0.1442414979447097, "7": 0.06867756450125678, "8": 0.09504239657859795, "9": 0.05783526587699598, "10": 0.12374157686906977, "11": 0.12452524201705104, "12": 0.11873233886731135, "13": 0.056694711958097686, "14": 0.11658511082290424, "15": 0.14351417752789403}, "5": {"0": 0.08968091455323045, "1": 0.03953192507240538, "2": 0.07134218453933254, "3": 0.05827165453673826, "4": 0.06717031157662776, "5": 0.1119130273674539, "6": 0.04924022296180759, "7": 0.06806781331067455, "8": 0.0946703891911713, "9": 0.07999737315142212, "10": 0.10709289739133554, "11": 0.10256424332353475, "12": 0.05563811939411963, "13": 0.05270438186492438, "14": 0.05118134854269548, "15": 0.05563131951899406}, "6": {"0": 0.06242878078224998, "1": 0.0260924550261872, "2": 0.029697288418596462, "3": 0.05048820893807422, "4": 0.06676945416369044, "5": 0.04329826431048127, "6": 0.04665768817649337, "7": 0.05545429689665042, "8": 0.07460752389209825, "9": 0.07006976941356102, "10": 0.08955862800042644, "11": 0.07940209379053756, "12": 0.06089585303481956, "13": 0.084300954698345, "14": 0.08998690927030774, "15": 0.029114487324472166}, "7": {"0": 0.06188887061907948, "1": 0.023002697537600675, "2": 0.020737602991323233, "3": 0.05318149871697625, "4": 0.03960548445818561, "5": 0.05730936505347099, "6": 0.027092554812886537, "7": 0.04378663300030068, "8": 0.026448715236701614, "9": 0.061765893114696935, "10": 0.05532221280920265, "11": 0.04622529330683196, "12": 0.02220986284988117, "13": 0.02887115007093808, "14": 0.08487191277999614, "15": 0.05500468380527822}, "8": {"0": 0.042406859046100864, "1": 0.02645420849838815, "2": 0.029111847930247813, "3": 0.039458434451530494, "4": 0.07955980106535002, "5": 0.025228837114318725, "6": 0.03876861923377858, "7": 0.042160177031770794, "8": 0.05263112767523655, "9": 0.03420624182375515, "10": 0.06518688455174923, "11": 0.017165834872335257, "12": 0.0635628612866401, "13": 0.03528305720278889, "14": 0.05957097757076472, "15": 0.07868814802684283}, "9": {"0": 0.06802907886194359, "1": 0.02594036680697156, "2": 0.009585154575014534, "3": 0.018615216100925026, "4": 0.07128513086772528, "5": 0.04928809940561969, "6": 0.03153559019744667, "7": 0.033259719352987785, "8": 0.05574650545135362, "9": 0.043654532187499165, "10": 0.0443214330648529, "11": 0.07615719894873893, "12": 0.06924610754365548, "13": 0.019323642787279247, "14": 0.016673043715319025, "15": 0.004712299206483307}}}