{"name": "sum", "dist": {"dist_name": "uniform_int", "a": 0, "b": 4, "param_str": "(0,0)"}, "num_samples": 30, "num_T": 1, "num_A": 1, "num_iterations": 10, "target_init_entropy": 2.584962500721156, "awae_data": {"1": {"0": 1.334867535501537, "1": 1.259438281133041, "2": 1.2898538927545349, "3": 1.308580842418791}, "2": {"0": 1.294613991890105, "1": 1.303877112438577, "2": 1.256586720563968, "3": 1.2394159978305015}, "3": {"0": 1.2068310992369728, "1": 1.2130410874990538, "2": 1.2097242826277421, "3": 1.2564638772180028}, "4": {"0": 1.151452950828443, "1": 1.0949511994237615, "2": 1.198820965546779, "3": 1.2023723205611934}, "5": {"0": 1.1740203696101053, "1": 1.1098451975691441, "2": 1.1258927099973584, "3": 1.1523081645034172}, "6": {"0": 1.0586177162946817, "1": 1.0631598041947419, "2": 1.1363816210845237, "3": 1.1679045412364457}, "7": {"0": 1.0702378725420998, "1": 0.9031591475008597, "2": 1.055656040750347, "3": 0.9476854160507834}, "8": {"0": 1.0063982446860162, "1": 0.9810539460881758, "2": 0.933865869372125, "3": 0.9285470519089809}, "9": {"0": 0.8924996079249649, "1": 0.9567477759279512, "2": 1.1026821757985643, "3": 0.9336564457231834}}}