{
  "name": "median_min",
  "dist": {
    "dist_name": "poisson",
    "lam": 1,
    "param_str": "(1)"
  },
  "num_samples": 5000,
  "timestamp": "2024-05-07 18:31:54.402482",
  "num_T": 1,
  "num_A": 1,
  "num_iterations": 10,
  "target_init_entropy": 2.047095585180641,
  "awae_data": {
    "1": {
      "0": 0.490295218958703,
      "1": 0.37015049055191424,
      "2": 0.5714562757308485,
      "3": 0.7313122972772766,
      "4": 0.7887167115127053,
      "5": 0.8029153747543545,
      "6": 0.8054041961555896,
      "7": 0.8057049499036524,
      "8": 0.8057062588116013,
      "9": 0.8057058797633962
    },
    "2": {
      "0": 0.2959894969783575,
      "1": 0.21755504608988985,
      "2": 0.31341944255883303,
      "3": 0.4376419076492423,
      "4": 0.4899250513021702,
      "5": 0.5032822026261881,
      "6": 0.5056753533094271,
      "7": 0.5062592013752388,
      "8": 0.5062619985812344,
      "9": 0.5062619985812344
    },
    "3": {
      "0": 0.17442980833012425,
      "1": 0.13266025105935303,
      "2": 0.19283581318223303,
      "3": 0.21377843471805855,
      "4": 0.2158034620085038,
      "5": 0.21591692070941065,
      "6": 0.21591692070941065,
      "7": 0.21591692070941065,
      "8": 0.21591692070941065,
      "9": 0.21591692070941065
    },
    "4": {
      "0": 0.13981427865284973,
      "1": 0.10162510346939968,
      "2": 0.14116498668101413,
      "3": 0.1638442433557956,
      "4": 0.16664391520384716,
      "5": 0.16690459601727597,
      "6": 0.16690459601727597,
      "7": 0.16690459601727597,
      "8": 0.16690459601727597,
      "9": 0.16690459601727597
    },
    "5": {
      "0": 0.10615778422690152,
      "1": 0.07979836043995764,
      "2": 0.10738051542162046,
      "3": 0.11242408389897154,
      "4": 0.11270342940568037,
      "5": 0.11270342940568037,
      "6": 0.11270342940568037,
      "7": 0.11270342940568037,
      "8": 0.11270342940568037,
      "9": 0.11270342940568037
    },
    "6": {
      "0": 0.08647748584651549,
      "1": 0.06236741628495921,
      "2": 0.08914361371322484,
      "3": 0.0953574825115449,
      "4": 0.09568405245419924,
      "5": 0.09568405245419924,
      "6": 0.09568405245419924,
      "7": 0.09568405245419924,
      "8": 0.09568405245419924,
      "9": 0.09568405245419924
    },
    "7": {
      "0": 0.074999162099096,
      "1": 0.05624094397307997,
      "2": 0.07427923482495243,
      "3": 0.07531086047375155,
      "4": 0.07531086047375155,
      "5": 0.07531086047375155,
      "6": 0.07531086047375155,
      "7": 0.07531086047375155,
      "8": 0.07531086047375155,
      "9": 0.07531086047375155
    },
    "8": {
      "0": 0.06002072612316459,
      "1": 0.042702901424858476,
      "2": 0.06108533939284129,
      "3": 0.0621448911432266,
      "4": 0.0621448911432266,
      "5": 0.0621448911432266,
      "6": 0.0621448911432266,
      "7": 0.0621448911432266,
      "8": 0.0621448911432266,
      "9": 0.0621448911432266
    },
    "9": {
      "0": 0.053259298228305774,
      "1": 0.03921882818705671,
      "2": 0.05117880496373023,
      "3": 0.05187587269831353,
      "4": 0.05187587269831353,
      "5": 0.05187587269831353,
      "6": 0.05187587269831353,
      "7": 0.05187587269831353,
      "8": 0.05187587269831353,
      "9": 0.05187587269831353
    },
    "10": {
      "0": 0.04606279710759469,
      "1": 0.031204705512298703,
      "2": 0.046110933841918784,
      "3": 0.04648406079610275,
      "4": 0.04648406079610275,
      "5": 0.04648406079610275,
      "6": 0.04648406079610275,
      "7": 0.04648406079610275,
      "8": 0.04648406079610275,
      "9": 0.04648406079610275
    }
  },
  "leakage_no_attacker": {
    "1": 0.8057058797633962,
    "2": 0.2959894969783575,
    "3": 0.21591692070941065,
    "4": 0.13981427865284973,
    "5": 0.11270342940568037,
    "6": 0.08647748584651549,
    "7": 0.07531086047375155,
    "8": 0.06002072612316459,
    "9": 0.05187587269831353,
    "10": 0.04606279710759469
  }
}