{
  "name": "median_min",
  "dist": {
    "dist_name": "poisson",
    "lam": 2,
    "param_str": "(2)"
  },
  "num_samples": 5000,
  "timestamp": "2024-05-07 18:39:35.059574",
  "num_T": 1,
  "num_A": 1,
  "num_iterations": 10,
  "target_init_entropy": 2.547095585180641,
  "awae_data": {
    "1": {
      "0": 0.7600870687821744,
      "1": 0.5556596584878448,
      "2": 0.47986316521399,
      "3": 0.6201881269887407,
      "4": 0.7996926115467718,
      "5": 0.9054310672722213,
      "6": 0.9466182485909039,
      "7": 0.9591837409321998,
      "8": 0.9626627218273773,
      "9": 0.9637990849663698,
      "10": 0.9640730447438679,
      "11": 0.9641227689907724,
      "12": 0.9641227689907724,
      "13": 0.9641227689907724,
      "14": 0.9581536132941991,
      "15": 0.9581536132941991,
      "16": 0.9581536132941991,
      "17": 0.9581536132941991,
      "18": 0.9581536132941991,
      "19": 0.9581536132941991
    },
    "2": {
      "0": 0.38893350677725536,
      "1": 0.34869226929316666,
      "2": 0.28396528893874085,
      "3": 0.3373934293653053,
      "4": 0.4621720899694652,
      "5": 0.5521054245889723,
      "6": 0.5915602403463599,
      "7": 0.6048130337030109,
      "8": 0.6091254382208728,
      "9": 0.6103219924156751,
      "10": 0.6106666387548687,
      "11": 0.6106666387548687,
      "12": 0.6106666387548687,
      "13": 0.6106666387548687,
      "14": 0.6043225243654118,
      "15": 0.6043225243654118,
      "16": 0.6043225243654118,
      "17": 0.6043225243654118,
      "18": 0.6043225243654118,
      "19": 0.6043225243654118
    },
    "3": {
      "0": 0.24344716495400323,
      "1": 0.2063969557311224,
      "2": 0.18120113375579344,
      "3": 0.22305519847945013,
      "4": 0.25635623379547623,
      "5": 0.26626788001801405,
      "6": 0.2679673668067032,
      "7": 0.2682747754391333,
      "8": 0.268243736956109,
      "9": 0.268243736956109,
      "10": 0.268243736956109,
      "11": 0.268243736956109,
      "12": 0.268243736956109,
      "13": 0.268243736956109,
      "14": 0.2640620989504962,
      "15": 0.2640620989504962,
      "16": 0.2640620989504962,
      "17": 0.2640620989504962,
      "18": 0.2640620989504962,
      "19": 0.2640620989504962
    },
    "4": {
      "0": 0.17928583615189028,
      "1": 0.16883436825386475,
      "2": 0.1391597606005152,
      "3": 0.1598282932353839,
      "4": 0.19267641827427326,
      "5": 0.20230123650506643,
      "6": 0.2037054322999694,
      "7": 0.20410983138984723,
      "8": 0.2041242583402561,
      "9": 0.2041242583402561,
      "10": 0.2041242583402561,
      "11": 0.2041242583402561,
      "12": 0.2041242583402561,
      "13": 0.2041242583402561,
      "14": 0.20426170311701833,
      "15": 0.20426170311701833,
      "16": 0.20426170311701833,
      "17": 0.20426170311701833,
      "18": 0.20426170311701833,
      "19": 0.20426170311701833
    },
    "5": {
      "0": 0.13609931629858063,
      "1": 0.12063224091140354,
      "2": 0.1065582377305021,
      "3": 0.13489361243690018,
      "4": 0.14734279209858442,
      "5": 0.14842179101860026,
      "6": 0.14873101325970264,
      "7": 0.14873101325970264,
      "8": 0.14873101325970264,
      "9": 0.14873101325970264,
      "10": 0.14873101325970264,
      "11": 0.14873101325970264,
      "12": 0.14873101325970264,
      "13": 0.14873101325970264,
      "14": 0.14307778240086738,
      "15": 0.14307778240086738,
      "16": 0.14307778240086738,
      "17": 0.14307778240086738,
      "18": 0.14307778240086738,
      "19": 0.14307778240086738
    },
    "6": {
      "0": 0.11267014319399604,
      "1": 0.10847715090754431,
      "2": 0.08819049963122805,
      "3": 0.10818689564729547,
      "4": 0.121077290464328,
      "5": 0.12238550809756674,
      "6": 0.12265213532850283,
      "7": 0.12265213532850283,
      "8": 0.12265213532850283,
      "9": 0.12265213532850283,
      "10": 0.12265213532850283,
      "11": 0.12265213532850283,
      "12": 0.12265213532850283,
      "13": 0.12265213532850283,
      "14": 0.12027611270170535,
      "15": 0.12027611270170535,
      "16": 0.12027611270170535,
      "17": 0.12027611270170535,
      "18": 0.12027611270170535,
      "19": 0.12027611270170535
    },
    "7": {
      "0": 0.09198663326894793,
      "1": 0.08588927757880865,
      "2": 0.07389759604856556,
      "3": 0.09136923507082226,
      "4": 0.09625539235649613,
      "5": 0.09700523723941071,
      "6": 0.09701966418981961,
      "7": 0.09701966418981961,
      "8": 0.09701966418981961,
      "9": 0.09701966418981961,
      "10": 0.09701966418981961,
      "11": 0.09701966418981961,
      "12": 0.09701966418981961,
      "13": 0.09701966418981961,
      "14": 0.09281765252905874,
      "15": 0.09281765252905874,
      "16": 0.09281765252905874,
      "17": 0.09281765252905874,
      "18": 0.09281765252905874,
      "19": 0.09281765252905874
    },
    "8": {
      "0": 0.07713462618345539,
      "1": 0.07565532817346728,
      "2": 0.06147379675629696,
      "3": 0.0771784177733454,
      "4": 0.08217052367555985,
      "5": 0.08305452668805598,
      "6": 0.08305452668805598,
      "7": 0.08305452668805598,
      "8": 0.08305452668805598,
      "9": 0.08305452668805598,
      "10": 0.08305452668805598,
      "11": 0.08305452668805598,
      "12": 0.08305452668805598,
      "13": 0.08305452668805598,
      "14": 0.08562235651903945,
      "15": 0.08562235651903945,
      "16": 0.08562235651903945,
      "17": 0.08562235651903945,
      "18": 0.08562235651903945,
      "19": 0.08562235651903945
    },
    "9": {
      "0": 0.06472137049546335,
      "1": 0.062404805166816055,
      "2": 0.05444056885707814,
      "3": 0.06749063143250023,
      "4": 0.06921056939047951,
      "5": 0.0692773213920909,
      "6": 0.0692773213920909,
      "7": 0.0692773213920909,
      "8": 0.0692773213920909,
      "9": 0.0692773213920909,
      "10": 0.0692773213920909,
      "11": 0.0692773213920909,
      "12": 0.0692773213920909,
      "13": 0.0692773213920909,
      "14": 0.06991037523343649,
      "15": 0.06991037523343649,
      "16": 0.06991037523343649,
      "17": 0.06991037523343649,
      "18": 0.06991037523343649,
      "19": 0.06991037523343649
    },
    "10": {
      "0": 0.05926209119254552,
      "1": 0.05829640359759154,
      "2": 0.048071127941035595,
      "3": 0.062385169208644876,
      "4": 0.06477960162489808,
      "5": 0.06499262500853925,
      "6": 0.06499262500853925,
      "7": 0.06499262500853925,
      "8": 0.06499262500853925,
      "9": 0.06499262500853925,
      "10": 0.06499262500853925,
      "11": 0.06499262500853925,
      "12": 0.06499262500853925,
      "13": 0.06499262500853925,
      "14": 0.0632225845794818,
      "15": 0.0632225845794818,
      "16": 0.0632225845794818,
      "17": 0.0632225845794818,
      "18": 0.0632225845794818,
      "19": 0.0632225845794818
    }
  },
  "leakage_no_attacker": {
    "1": 0.9641227689907724,
    "2": 0.38893350677725536,
    "3": 0.268243736956109,
    "4": 0.17928583615189028,
    "5": 0.14873101325970264,
    "6": 0.11267014319399604,
    "7": 0.09701966418981961,
    "8": 0.07713462618345539,
    "9": 0.0692773213920909,
    "10": 0.05926209119254552
  }
}