{
  "name": "median_min",
  "dist": {
    "dist_name": "poisson",
    "lam": 2,
    "param_str": "(2)"
  },
  "num_samples": 5000,
  "timestamp": "2024-05-02 22:02:13.057707",
  "num_T": 1,
  "num_A": 1,
  "num_iterations": 10,
  "target_init_entropy": 1.7048826439310045,
  "awae_data": {
    "1": {
      "0": 0.00014427431307254034,
      "1": 0.31674006954289835,
      "2": 0.6043397051965,
      "3": 0.7236487091036587,
      "4": 0.7521822875724202,
      "5": 0.7570785988043813,
      "6": 0.7575861118592254,
      "7": 0.7576438196608609,
      "8": 0.7576438196608609,
      "9": 0.7576438196608609,
      "10": 0.7576438196608609,
      "11": 0.7576438196608609,
      "12": 0.7576438196608609,
      "13": 0.7576438196608609,
      "14": 0.7640815530507347,
      "15": 0.7640815530507347,
      "16": 0.7640815530507347,
      "17": 0.7640815530507347,
      "18": 0.7640815530507347,
      "19": 0.7640815530507347
    },
    "2": {
      "0": 0.41313056117907215,
      "1": 0.27676160331702576,
      "2": 0.2824974630499012,
      "3": 0.3549742538309104,
      "4": 0.3900309920169677,
      "5": 0.3976287664028744,
      "6": 0.3991592093845845,
      "7": 0.3994338023407003,
      "8": 0.3994338023407003,
      "9": 0.3994338023407003,
      "10": 0.3994338023407003,
      "11": 0.3994338023407003,
      "12": 0.3994338023407003,
      "13": 0.3994338023407003,
      "14": 0.38168369986076567,
      "15": 0.38168369986076567,
      "16": 0.38168369986076567,
      "17": 0.38168369986076567,
      "18": 0.38168369986076567,
      "19": 0.38168369986076567
    },
    "3": {
      "0": 0.268403819787181,
      "1": 0.17017986083099904,
      "2": 0.1957074910584192,
      "3": 0.23255055945517006,
      "4": 0.24089812916309747,
      "5": 0.24180872508419124,
      "6": 0.24180872508419124,
      "7": 0.24180872508419124,
      "8": 0.24180872508419124,
      "9": 0.24180872508419124,
      "10": 0.24180872508419124,
      "11": 0.24180872508419124,
      "12": 0.24180872508419124,
      "13": 0.24180872508419124,
      "14": 0.24905159139014002,
      "15": 0.24905159139014002,
      "16": 0.24905159139014002,
      "17": 0.24905159139014002,
      "18": 0.24905159139014002,
      "19": 0.24905159139014002
    },
    "4": {
      "0": 0.17736234116625563,
      "1": 0.13859474445738457,
      "2": 0.1349473718080634,
      "3": 0.1662889888348446,
      "4": 0.174956765861656,
      "5": 0.17609451535410747,
      "6": 0.17621027247559357,
      "7": 0.17621027247559357,
      "8": 0.17621027247559357,
      "9": 0.17621027247559357,
      "10": 0.17621027247559357,
      "11": 0.17621027247559357,
      "12": 0.17621027247559357,
      "13": 0.17621027247559357,
      "14": 0.18187442650014746,
      "15": 0.18187442650014746,
      "16": 0.18187442650014746,
      "17": 0.18187442650014746,
      "18": 0.18187442650014746,
      "19": 0.18187442650014746
    },
    "5": {
      "0": 0.1321935026183534,
      "1": 0.09721371161132127,
      "2": 0.11325444861009633,
      "3": 0.13321245031083948,
      "4": 0.13526598982632448,
      "5": 0.13550557603423058,
      "6": 0.13546594721999242,
      "7": 0.13546594721999242,
      "8": 0.13546594721999242,
      "9": 0.13546594721999242,
      "10": 0.13546594721999242,
      "11": 0.13546594721999242,
      "12": 0.13546594721999242,
      "13": 0.13546594721999242,
      "14": 0.1347034761721744,
      "15": 0.1347034761721744,
      "16": 0.1347034761721744,
      "17": 0.1347034761721744,
      "18": 0.1347034761721744,
      "19": 0.1347034761721744
    },
    "6": {
      "0": 0.11071273862361439,
      "1": 0.09397982467873471,
      "2": 0.08813234258093001,
      "3": 0.10883995288333455,
      "4": 0.11304568753356566,
      "5": 0.11359034242069496,
      "6": 0.11354213153950425,
      "7": 0.11354213153950425,
      "8": 0.11354213153950425,
      "9": 0.11354213153950425,
      "10": 0.11354213153950425,
      "11": 0.11354213153950425,
      "12": 0.11354213153950425,
      "13": 0.11354213153950425,
      "14": 0.10961633903819563,
      "15": 0.10961633903819563,
      "16": 0.10961633903819563,
      "17": 0.10961633903819563,
      "18": 0.10961633903819563,
      "19": 0.10961633903819563
    },
    "7": {
      "0": 0.08841036773440147,
      "1": 0.07299729087208533,
      "2": 0.07766271441033415,
      "3": 0.09107202022187574,
      "4": 0.09232433683794285,
      "5": 0.09232433683794285,
      "6": 0.09232433683794285,
      "7": 0.09232433683794285,
      "8": 0.09232433683794285,
      "9": 0.09232433683794285,
      "10": 0.09232433683794285,
      "11": 0.09232433683794285,
      "12": 0.09232433683794285,
      "13": 0.09232433683794285,
      "14": 0.09280819123777492,
      "15": 0.09280819123777492,
      "16": 0.09280819123777492,
      "17": 0.09280819123777492,
      "18": 0.09280819123777492,
      "19": 0.09280819123777492
    },
    "8": {
      "0": 0.07432757289659288,
      "1": 0.06753882144882936,
      "2": 0.06332006759403189,
      "3": 0.07726040229205697,
      "4": 0.0784200231009633,
      "5": 0.07848985439742848,
      "6": 0.07848985439742848,
      "7": 0.07848985439742848,
      "8": 0.07848985439742848,
      "9": 0.07848985439742848,
      "10": 0.07848985439742848,
      "11": 0.07848985439742848,
      "12": 0.07848985439742848,
      "13": 0.07848985439742848,
      "14": 0.07757520612475972,
      "15": 0.07757520612475972,
      "16": 0.07757520612475972,
      "17": 0.07757520612475972,
      "18": 0.07757520612475972,
      "19": 0.07757520612475972
    },
    "9": {
      "0": 0.06414009976201562,
      "1": 0.056619013049074754,
      "2": 0.05749507073000091,
      "3": 0.06788661072184045,
      "4": 0.06897232574947498,
      "5": 0.0689906342365415,
      "6": 0.0689906342365415,
      "7": 0.0689906342365415,
      "8": 0.0689906342365415,
      "9": 0.0689906342365415,
      "10": 0.0689906342365415,
      "11": 0.0689906342365415,
      "12": 0.0689906342365415,
      "13": 0.0689906342365415,
      "14": 0.06558034938796686,
      "15": 0.06558034938796686,
      "16": 0.06558034938796686,
      "17": 0.06558034938796686,
      "18": 0.06558034938796686,
      "19": 0.06558034938796686
    },
    "10": {
      "0": 0.05443798699014505,
      "1": 0.05177825332247349,
      "2": 0.04784327880346424,
      "3": 0.05775830377804832,
      "4": 0.05897539919063044,
      "5": 0.05901925358079472,
      "6": 0.05901925358079472,
      "7": 0.05901925358079472,
      "8": 0.05901925358079472,
      "9": 0.05901925358079472,
      "10": 0.05901925358079472,
      "11": 0.05901925358079472,
      "12": 0.05901925358079472,
      "13": 0.05901925358079472,
      "14": 0.05797665889124561,
      "15": 0.05797665889124561,
      "16": 0.05797665889124561,
      "17": 0.05797665889124561,
      "18": 0.05797665889124561,
      "19": 0.05797665889124561
    }
  }
}