{
  "name": "median_min",
  "dist": {
    "dist_name": "poisson",
    "lam": 2,
    "param_str": "(2)"
  },
  "num_samples": 5000,
  "timestamp": "2024-05-03 17:58:24.124801",
  "num_T": 1,
  "num_A": 1,
  "num_iterations": 10,
  "target_init_entropy": 2.547095585180641,
  "awae_data": {
    "1": {
      "0": 0.7576438196608609,
      "1": 0.5544053328282955,
      "2": 0.4799102558016212,
      "3": 0.6259157060025664,
      "4": 0.8042027914946859,
      "5": 0.9095017475169065,
      "6": 0.9516488394184724,
      "7": 0.9655492671337036,
      "8": 0.9697104239935654,
      "9": 0.9709269565321342,
      "10": 0.9710643172734278,
      "11": 0.9710309235066834,
      "12": 0.9710309235066834,
      "13": 0.9710309235066834,
      "14": 0.9703746695782899,
      "15": 0.9703746695782899,
      "16": 0.9703746695782899,
      "17": 0.9703746695782899,
      "18": 0.9703746695782899,
      "19": 0.9703746695782899
    },
    "2": {
      "0": 0.3994338023407003,
      "1": 0.3599244581418267,
      "2": 0.29142140179518156,
      "3": 0.34249127485412195,
      "4": 0.46180119766711697,
      "5": 0.5502120153558148,
      "6": 0.588842180713116,
      "7": 0.6021921411149317,
      "8": 0.6063014061439124,
      "9": 0.6076832042286957,
      "10": 0.607960553557284,
      "11": 0.6079300018755245,
      "12": 0.6079300018755245,
      "13": 0.6079300018755245,
      "14": 0.6116538628598458,
      "15": 0.6116538628598458,
      "16": 0.6116538628598458,
      "17": 0.6116538628598458,
      "18": 0.6116538628598458,
      "19": 0.6116538628598458
    },
    "3": {
      "0": 0.24180872508419124,
      "1": 0.20236920672405256,
      "2": 0.17365113099251928,
      "3": 0.21798152162878903,
      "4": 0.25457476780069194,
      "5": 0.26313237916507737,
      "6": 0.26448744148963677,
      "7": 0.264731885478193,
      "8": 0.264731885478193,
      "9": 0.264731885478193,
      "10": 0.264731885478193,
      "11": 0.264731885478193,
      "12": 0.264731885478193,
      "13": 0.264731885478193,
      "14": 0.26519916815813094,
      "15": 0.26519916815813094,
      "16": 0.26519916815813094,
      "17": 0.26519916815813094,
      "18": 0.26519916815813094,
      "19": 0.26519916815813094
    },
    "4": {
      "0": 0.17621027247559357,
      "1": 0.165440591440439,
      "2": 0.13186687878401473,
      "3": 0.15861739454377138,
      "4": 0.19154866156187467,
      "5": 0.20209689537161638,
      "6": 0.2041639740332176,
      "7": 0.20483655681184515,
      "8": 0.20483655681184515,
      "9": 0.20483655681184515,
      "10": 0.20483655681184515,
      "11": 0.20483655681184515,
      "12": 0.20483655681184515,
      "13": 0.20483655681184515,
      "14": 0.2048244414105977,
      "15": 0.2048244414105977,
      "16": 0.2048244414105977,
      "17": 0.2048244414105977,
      "18": 0.2048244414105977,
      "19": 0.2048244414105977
    },
    "5": {
      "0": 0.13546594721999242,
      "1": 0.12120391384363849,
      "2": 0.10236385358578323,
      "3": 0.12777316739286684,
      "4": 0.13977725523972123,
      "5": 0.14143587429183505,
      "6": 0.14146328549761195,
      "7": 0.14146328549761195,
      "8": 0.14146328549761195,
      "9": 0.14146328549761195,
      "10": 0.14146328549761195,
      "11": 0.14146328549761195,
      "12": 0.14146328549761195,
      "13": 0.14146328549761195,
      "14": 0.14282897207010883,
      "15": 0.14282897207010883,
      "16": 0.14282897207010883,
      "17": 0.14282897207010883,
      "18": 0.14282897207010883,
      "19": 0.14282897207010883
    },
    "6": {
      "0": 0.11354213153950425,
      "1": 0.10968217236315239,
      "2": 0.09005896183468157,
      "3": 0.10959948129339844,
      "4": 0.12223070600203026,
      "5": 0.12410847440965352,
      "6": 0.12450570174884827,
      "7": 0.12450570174884827,
      "8": 0.12450570174884827,
      "9": 0.12450570174884827,
      "10": 0.12450570174884827,
      "11": 0.12450570174884827,
      "12": 0.12450570174884827,
      "13": 0.12450570174884827,
      "14": 0.1202872519762613,
      "15": 0.1202872519762613,
      "16": 0.1202872519762613,
      "17": 0.1202872519762613,
      "18": 0.1202872519762613,
      "19": 0.1202872519762613
    },
    "7": {
      "0": 0.09232433683794285,
      "1": 0.08575224218349187,
      "2": 0.07323419066200278,
      "3": 0.09147406503024778,
      "4": 0.09643143500785595,
      "5": 0.09716595499268155,
      "6": 0.09716595499268155,
      "7": 0.09716595499268155,
      "8": 0.09716595499268155,
      "9": 0.09716595499268155,
      "10": 0.09716595499268155,
      "11": 0.09716595499268155,
      "12": 0.09716595499268155,
      "13": 0.09716595499268155,
      "14": 0.09797417810222497,
      "15": 0.09797417810222497,
      "16": 0.09797417810222497,
      "17": 0.09797417810222497,
      "18": 0.09797417810222497,
      "19": 0.09797417810222497
    },
    "8": {
      "0": 0.07848985439742848,
      "1": 0.07696056300874543,
      "2": 0.06366992182791684,
      "3": 0.07696563452121345,
      "4": 0.08309366800796056,
      "5": 0.08362787472096066,
      "6": 0.0837226116953124,
      "7": 0.0837226116953124,
      "8": 0.0837226116953124,
      "9": 0.0837226116953124,
      "10": 0.0837226116953124,
      "11": 0.0837226116953124,
      "12": 0.0837226116953124,
      "13": 0.0837226116953124,
      "14": 0.08165586105948977,
      "15": 0.08165586105948977,
      "16": 0.08165586105948977,
      "17": 0.08165586105948977,
      "18": 0.08165586105948977,
      "19": 0.08165586105948977
    },
    "9": {
      "0": 0.0689906342365415,
      "1": 0.06665031392115785,
      "2": 0.05527976764089484,
      "3": 0.06692220016381291,
      "4": 0.06884198672155546,
      "5": 0.06894949575536176,
      "6": 0.06894949575536176,
      "7": 0.06894949575536176,
      "8": 0.06894949575536176,
      "9": 0.06894949575536176,
      "10": 0.06894949575536176,
      "11": 0.06894949575536176,
      "12": 0.06894949575536176,
      "13": 0.06894949575536176,
      "14": 0.07019547267164299,
      "15": 0.07019547267164299,
      "16": 0.07019547267164299,
      "17": 0.07019547267164299,
      "18": 0.07019547267164299,
      "19": 0.07019547267164299
    },
    "10": {
      "0": 0.05901925358079472,
      "1": 0.05834237593785387,
      "2": 0.04737001486756277,
      "3": 0.059532065081050044,
      "4": 0.06148207776750334,
      "5": 0.06212492131583901,
      "6": 0.06212492131583901,
      "7": 0.06212492131583901,
      "8": 0.06212492131583901,
      "9": 0.06212492131583901,
      "10": 0.06212492131583901,
      "11": 0.06212492131583901,
      "12": 0.06212492131583901,
      "13": 0.06212492131583901,
      "14": 0.06308237471880078,
      "15": 0.06308237471880078,
      "16": 0.06308237471880078,
      "17": 0.06308237471880078,
      "18": 0.06308237471880078,
      "19": 0.06308237471880078
    }
  }
}