{
  "name": "median_min",
  "dist": {
    "dist_name": "poisson",
    "lam": 2,
    "param_str": "(2)"
  },
  "num_samples": 5000,
  "timestamp": "2024-05-02 14:18:38.126436",
  "num_T": 1,
  "num_A": 1,
  "num_iterations": 10,
  "target_init_entropy": 1.7048826439310045,
  "awae_data": {
    "1": {
      "0": 0.0021685831160915894,
      "1": 0.0021685831160915894,
      "2": 0.0021685831160915894,
      "3": 0.0021685831160915894,
      "4": 0.0021685831160915894,
      "5": 0.0021685831160915894,
      "6": 0.0021685831160915894,
      "7": 0.0021685831160915894,
      "8": 0.0021685831160915894,
      "9": 0.0021685831160915894,
      "10": 0.0021685831160915894,
      "11": 0.0021685831160915894,
      "12": 0.0021685831160915894,
      "13": 0.0021685831160915894,
      "14": 0.002854011154474698,
      "15": 0.002854011154474698,
      "16": 0.002854011154474698,
      "17": 0.002854011154474698,
      "18": 0.002854011154474698,
      "19": 0.002854011154474698
    },
    "2": {
      "0": 0.0019191249735467215,
      "1": 0.0019191249735467215,
      "2": 0.0019191249735467215,
      "3": 0.0019191249735467215,
      "4": 0.0019191249735467215,
      "5": 0.0019191249735467215,
      "6": 0.0019191249735467215,
      "7": 0.0019191249735467215,
      "8": 0.0019191249735467215,
      "9": 0.0019191249735467215,
      "10": 0.0019191249735467215,
      "11": 0.0019191249735467215,
      "12": 0.0019191249735467215,
      "13": 0.0019191249735467215,
      "14": 0.0027719042277501073,
      "15": 0.0027719042277501073,
      "16": 0.0027719042277501073,
      "17": 0.0027719042277501073,
      "18": 0.0027719042277501073,
      "19": 0.0027719042277501073
    },
    "3": {
      "0": 0.001053805228942227,
      "1": 0.001053805228942227,
      "2": 0.001053805228942227,
      "3": 0.001053805228942227,
      "4": 0.001053805228942227,
      "5": 0.001053805228942227,
      "6": 0.001053805228942227,
      "7": 0.001053805228942227,
      "8": 0.001053805228942227,
      "9": 0.001053805228942227,
      "10": 0.001053805228942227,
      "11": 0.001053805228942227,
      "12": 0.001053805228942227,
      "13": 0.001053805228942227,
      "14": 0.0023594069293722563,
      "15": 0.0023594069293722563,
      "16": 0.0023594069293722563,
      "17": 0.0023594069293722563,
      "18": 0.0023594069293722563,
      "19": 0.0023594069293722563
    },
    "4": {
      "0": 0.0018470242540621514,
      "1": 0.0018470242540621514,
      "2": 0.0018470242540621514,
      "3": 0.0018470242540621514,
      "4": 0.0018470242540621514,
      "5": 0.0018470242540621514,
      "6": 0.0018470242540621514,
      "7": 0.0018470242540621514,
      "8": 0.0018470242540621514,
      "9": 0.0018470242540621514,
      "10": 0.0018470242540621514,
      "11": 0.0018470242540621514,
      "12": 0.0018470242540621514,
      "13": 0.0018470242540621514,
      "14": 0.002129550579560846,
      "15": 0.002129550579560846,
      "16": 0.002129550579560846,
      "17": 0.002129550579560846,
      "18": 0.002129550579560846,
      "19": 0.002129550579560846
    },
    "5": {
      "0": 0.0022068049322729252,
      "1": 0.0022068049322729252,
      "2": 0.0022068049322729252,
      "3": 0.0022068049322729252,
      "4": 0.0022068049322729252,
      "5": 0.0022068049322729252,
      "6": 0.0022068049322729252,
      "7": 0.0022068049322729252,
      "8": 0.0022068049322729252,
      "9": 0.0022068049322729252,
      "10": 0.0022068049322729252,
      "11": 0.0022068049322729252,
      "12": 0.0022068049322729252,
      "13": 0.0022068049322729252,
      "14": 0.0021186938564340904,
      "15": 0.0021186938564340904,
      "16": 0.0021186938564340904,
      "17": 0.0021186938564340904,
      "18": 0.0021186938564340904,
      "19": 0.0021186938564340904
    },
    "6": {
      "0": 0.0020773192109072316,
      "1": 0.0020773192109072316,
      "2": 0.0020773192109072316,
      "3": 0.0020773192109072316,
      "4": 0.0020773192109072316,
      "5": 0.0020773192109072316,
      "6": 0.0020773192109072316,
      "7": 0.0020773192109072316,
      "8": 0.0020773192109072316,
      "9": 0.0020773192109072316,
      "10": 0.0020773192109072316,
      "11": 0.0020773192109072316,
      "12": 0.0020773192109072316,
      "13": 0.0020773192109072316,
      "14": 0.002711225261055691,
      "15": 0.002711225261055691,
      "16": 0.002711225261055691,
      "17": 0.002711225261055691,
      "18": 0.002711225261055691,
      "19": 0.002711225261055691
    },
    "7": {
      "0": 0.0024566019098923586,
      "1": 0.0024566019098923586,
      "2": 0.0024566019098923586,
      "3": 0.0024566019098923586,
      "4": 0.0024566019098923586,
      "5": 0.0024566019098923586,
      "6": 0.0024566019098923586,
      "7": 0.0024566019098923586,
      "8": 0.0024566019098923586,
      "9": 0.0024566019098923586,
      "10": 0.0024566019098923586,
      "11": 0.0024566019098923586,
      "12": 0.0024566019098923586,
      "13": 0.0024566019098923586,
      "14": 0.0018994986485415474,
      "15": 0.0018994986485415474,
      "16": 0.0018994986485415474,
      "17": 0.0018994986485415474,
      "18": 0.0018994986485415474,
      "19": 0.0018994986485415474
    },
    "8": {
      "0": 0.002854060685396775,
      "1": 0.002854060685396775,
      "2": 0.002854060685396775,
      "3": 0.002854060685396775,
      "4": 0.002854060685396775,
      "5": 0.002854060685396775,
      "6": 0.002854060685396775,
      "7": 0.002854060685396775,
      "8": 0.002854060685396775,
      "9": 0.002854060685396775,
      "10": 0.002854060685396775,
      "11": 0.002854060685396775,
      "12": 0.002854060685396775,
      "13": 0.002854060685396775,
      "14": 0.0013504815411697667,
      "15": 0.0013504815411697667,
      "16": 0.0013504815411697667,
      "17": 0.0013504815411697667,
      "18": 0.0013504815411697667,
      "19": 0.0013504815411697667
    },
    "9": {
      "0": 0.0025960920564454073,
      "1": 0.0025960920564454073,
      "2": 0.0025960920564454073,
      "3": 0.0025960920564454073,
      "4": 0.0025960920564454073,
      "5": 0.0025960920564454073,
      "6": 0.0025960920564454073,
      "7": 0.0025960920564454073,
      "8": 0.0025960920564454073,
      "9": 0.0025960920564454073,
      "10": 0.0025960920564454073,
      "11": 0.0025960920564454073,
      "12": 0.0025960920564454073,
      "13": 0.0025960920564454073,
      "14": 0.0022979866779457227,
      "15": 0.0022979866779457227,
      "16": 0.0022979866779457227,
      "17": 0.0022979866779457227,
      "18": 0.0022979866779457227,
      "19": 0.0022979866779457227
    },
    "10": {
      "0": 0.002351916647477933,
      "1": 0.002351916647477933,
      "2": 0.002351916647477933,
      "3": 0.002351916647477933,
      "4": 0.002351916647477933,
      "5": 0.002351916647477933,
      "6": 0.002351916647477933,
      "7": 0.002351916647477933,
      "8": 0.002351916647477933,
      "9": 0.002351916647477933,
      "10": 0.002351916647477933,
      "11": 0.002351916647477933,
      "12": 0.002351916647477933,
      "13": 0.002351916647477933,
      "14": 0.0028852384624953693,
      "15": 0.0028852384624953693,
      "16": 0.0028852384624953693,
      "17": 0.0028852384624953693,
      "18": 0.0028852384624953693,
      "19": 0.0028852384624953693
    }
  }
}