{
  "name": "median_min",
  "dist": {
    "dist_name": "poisson",
    "lam": 4,
    "param_str": "(4)"
  },
  "num_samples": 5000,
  "timestamp": "2024-05-02 22:12:09.343270",
  "num_T": 1,
  "num_A": 1,
  "num_iterations": 10,
  "target_init_entropy": 2.0866726998809635,
  "awae_data": {
    "1": {
      "0": 0.00014427431307229295,
      "1": 0.0956991620516142,
      "2": 0.3310413140506433,
      "3": 0.6157389414702255,
      "4": 0.8380744204172565,
      "5": 0.9596713379831876,
      "6": 1.0066921318237898,
      "7": 1.020612602028046,
      "8": 1.0241037472311496,
      "9": 1.0246607277759154,
      "10": 1.0246607277759154,
      "11": 1.0246607277759154,
      "12": 1.0246607277759154,
      "13": 1.0246607277759154,
      "14": 1.0280043652273085,
      "15": 1.0280043652273085,
      "16": 1.0280043652273085,
      "17": 1.0280043652273085,
      "18": 1.0280043652273085,
      "19": 1.0280043652273085,
      "20": 1.0280043652273085,
      "21": 1.0280043652273085,
      "22": 1.0280043652273085,
      "23": 1.0280043652273085,
      "24": 1.0280043652273085,
      "25": 1.0280043652273085,
      "26": 1.024030254285212,
      "27": 1.0280043652273085,
      "28": 1.0280043652273085,
      "29": 1.024030254285212,
      "30": 1.022722346062631,
      "31": 1.024030254285212,
      "32": 1.024030254285212,
      "33": 1.024030254285212,
      "34": 1.024030254285212,
      "35": 1.024030254285212,
      "36": 1.024030254285212,
      "37": 1.024030254285212,
      "38": 1.024030254285212,
      "39": 1.024030254285212
    },
    "2": {
      "0": 0.6044806772292972,
      "1": 0.551601533462832,
      "2": 0.4320008866688617,
      "3": 0.34278012014727743,
      "4": 0.35467712341088714,
      "5": 0.4121028499091152,
      "6": 0.45774956667675076,
      "7": 0.4793364729097604,
      "8": 0.48526312680064176,
      "9": 0.48708391252896266,
      "10": 0.48731968343898535,
      "11": 0.48727606633023895,
      "12": 0.48727606633023895,
      "13": 0.48727606633023895,
      "14": 0.4785478539589495,
      "15": 0.4785478539589495,
      "16": 0.4785478539589495,
      "17": 0.4785478539589495,
      "18": 0.4785478539589495,
      "19": 0.4785478539589495,
      "20": 0.4785478539589495,
      "21": 0.4785478539589495,
      "22": 0.4785478539589495,
      "23": 0.4785478539589495,
      "24": 0.4785478539589495,
      "25": 0.4785478539589495,
      "26": 0.4785478539589495,
      "27": 0.4785478539589495,
      "28": 0.48248148684346176,
      "29": 0.48248148684346176,
      "30": 0.485800206813615,
      "31": 0.48248148684346176,
      "32": 0.48248148684346176,
      "33": 0.485800206813615,
      "34": 0.48248148684346176,
      "35": 0.48248148684346176,
      "36": 0.48248148684346176,
      "37": 0.48248148684346176,
      "38": 0.48248148684346176,
      "39": 0.48248148684346176
    },
    "3": {
      "0": 0.4147299360287319,
      "1": 0.3658265849136762,
      "2": 0.26885897037242346,
      "3": 0.21913893745520524,
      "4": 0.24773760627090416,
      "5": 0.2862387328462867,
      "6": 0.30089312394202766,
      "7": 0.3051558209814737,
      "8": 0.30620957926030157,
      "9": 0.30620957926030157,
      "10": 0.30620957926030157,
      "11": 0.30620957926030157,
      "12": 0.30620957926030157,
      "13": 0.30620957926030157,
      "14": 0.30558726361152516,
      "15": 0.30558726361152516,
      "16": 0.30558726361152516,
      "17": 0.30558726361152516,
      "18": 0.30558726361152516,
      "19": 0.30558726361152516,
      "20": 0.30558726361152516,
      "21": 0.30558726361152516,
      "22": 0.30558726361152516,
      "23": 0.30558726361152516,
      "24": 0.30558726361152516,
      "25": 0.30558726361152516,
      "26": 0.30558726361152516,
      "27": 0.30558726361152516,
      "28": 0.30190295677755613,
      "29": 0.30190295677755613,
      "30": 0.3090314101695871,
      "31": 0.3090314101695871,
      "32": 0.30190295677755613,
      "33": 0.30190295677755613,
      "34": 0.30190295677755613,
      "35": 0.30190295677755613,
      "36": 0.30190295677755613,
      "37": 0.30190295677755613,
      "38": 0.30190295677755613,
      "39": 0.30190295677755613
    },
    "4": {
      "0": 0.22283111827853883,
      "1": 0.22032789733600144,
      "2": 0.1994583979234866,
      "3": 0.16744246197385354,
      "4": 0.17159195622100276,
      "5": 0.2021483977834626,
      "6": 0.21879356062012043,
      "7": 0.2243184436260986,
      "8": 0.22608707066559042,
      "9": 0.22627077383413036,
      "10": 0.22627077383413036,
      "11": 0.22627077383413036,
      "12": 0.22627077383413036,
      "13": 0.22627077383413036,
      "14": 0.22713000633980104,
      "15": 0.22713000633980104,
      "16": 0.22713000633980104,
      "17": 0.22713000633980104,
      "18": 0.22713000633980104,
      "19": 0.22713000633980104,
      "20": 0.22713000633980104,
      "21": 0.22713000633980104,
      "22": 0.22713000633980104,
      "23": 0.22713000633980104,
      "24": 0.22713000633980104,
      "25": 0.22713000633980104,
      "26": 0.22713000633980104,
      "27": 0.22713000633980104,
      "28": 0.22304565965116918,
      "29": 0.22304565965116918,
      "30": 0.22174397515459926,
      "31": 0.22174397515459926,
      "32": 0.22304565965116918,
      "33": 0.22304565965116918,
      "34": 0.22304565965116918,
      "35": 0.22304565965116918,
      "36": 0.22304565965116918,
      "37": 0.22304565965116918,
      "38": 0.22304565965116918,
      "39": 0.22304565965116918
    },
    "5": {
      "0": 0.17921587758497728,
      "1": 0.17603944488013462,
      "2": 0.1540330228765573,
      "3": 0.13223265746463564,
      "4": 0.14498550053264767,
      "5": 0.16634367315104556,
      "6": 0.1725385919949736,
      "7": 0.17411836325438187,
      "8": 0.174309222648323,
      "9": 0.174309222648323,
      "10": 0.174309222648323,
      "11": 0.174309222648323,
      "12": 0.174309222648323,
      "13": 0.174309222648323,
      "14": 0.16901598211647384,
      "15": 0.16901598211647384,
      "16": 0.16901598211647384,
      "17": 0.16901598211647384,
      "18": 0.16901598211647384,
      "19": 0.16901598211647384,
      "20": 0.16901598211647384,
      "21": 0.16901598211647384,
      "22": 0.16901598211647384,
      "23": 0.16901598211647384,
      "24": 0.16901598211647384,
      "25": 0.16901598211647384,
      "26": 0.16901598211647384,
      "27": 0.16901598211647384,
      "28": 0.17105199710247163,
      "29": 0.17105199710247163,
      "30": 0.17370597812383523,
      "31": 0.17370597812383523,
      "32": 0.17105199710247163,
      "33": 0.17105199710247163,
      "34": 0.17105199710247163,
      "35": 0.17105199710247163,
      "36": 0.17105199710247163,
      "37": 0.17105199710247163,
      "38": 0.17105199710247163,
      "39": 0.17105199710247163
    },
    "6": {
      "0": 0.13579664903778885,
      "1": 0.13516672639767296,
      "2": 0.1297835976991922,
      "3": 0.11134478808910357,
      "4": 0.11297277513647361,
      "5": 0.1306425131907187,
      "6": 0.13928401577152563,
      "7": 0.14020900657922958,
      "8": 0.14084719307182564,
      "9": 0.14087123798917384,
      "10": 0.14087123798917384,
      "11": 0.14087123798917384,
      "12": 0.14087123798917384,
      "13": 0.14087123798917384,
      "14": 0.14211226871148783,
      "15": 0.14211226871148783,
      "16": 0.14211226871148783,
      "17": 0.14211226871148783,
      "18": 0.14211226871148783,
      "19": 0.14211226871148783,
      "20": 0.14211226871148783,
      "21": 0.14211226871148783,
      "22": 0.14211226871148783,
      "23": 0.14211226871148783,
      "24": 0.14211226871148783,
      "25": 0.14211226871148783,
      "26": 0.14211226871148783,
      "27": 0.14211226871148783,
      "28": 0.14237241878983845,
      "29": 0.14237241878983845,
      "30": 0.1374481658278913,
      "31": 0.1374481658278913,
      "32": 0.14237241878983845,
      "33": 0.14237241878983845,
      "34": 0.14237241878983845,