{
  "name": "median_min",
  "dist": {
    "dist_name": "poisson",
    "lam": 4,
    "param_str": "(4)"
  },
  "num_samples": 5000,
  "timestamp": "2024-05-02 14:26:55.053651",
  "num_T": 1,
  "num_A": 1,
  "num_iterations": 10,
  "target_init_entropy": 2.0866726998809635,
  "awae_data": {
    "1": {
      "0": 0.003918974206172857,
      "1": 0.003918974206172857,
      "2": 0.003918974206172857,
      "3": 0.003918974206172857,
      "4": 0.003918974206172857,
      "5": 0.003918974206172857,
      "6": 0.003918974206172857,
      "7": 0.003918974206172857,
      "8": 0.003918974206172857,
      "9": 0.003918974206172857,
      "10": 0.003918974206172857,
      "11": 0.003918974206172857,
      "12": 0.003918974206172857,
      "13": 0.003918974206172857,
      "14": 0.004060686668562724,
      "15": 0.004060686668562724,
      "16": 0.004060686668562724,
      "17": 0.004060686668562724,
      "18": 0.004060686668562724,
      "19": 0.004060686668562724,
      "20": 0.004060686668562724,
      "21": 0.004060686668562724,
      "22": 0.004060686668562724,
      "23": 0.004060686668562724,
      "24": 0.004060686668562724,
      "25": 0.004060686668562724,
      "26": 0.004060686668562724,
      "27": 0.004060686668562724,
      "28": 0.004293933358597421,
      "29": 0.004293933358597421,
      "30": 0.00432694766392336,
      "31": 0.00432694766392336,
      "32": 0.004293933358597421,
      "33": 0.004293933358597421,
      "34": 0.004293933358597421,
      "35": 0.004293933358597421,
      "36": 0.004293933358597421,
      "37": 0.004293933358597421,
      "38": 0.004293933358597421,
      "39": 0.004293933358597421
    },
    "2": {
      "0": 0.005282557256622409,
      "1": 0.005282557256622409,
      "2": 0.005282557256622409,
      "3": 0.005282557256622409,
      "4": 0.005282557256622409,
      "5": 0.005282557256622409,
      "6": 0.005282557256622409,
      "7": 0.005282557256622409,
      "8": 0.005282557256622409,
      "9": 0.005282557256622409,
      "10": 0.005282557256622409,
      "11": 0.005282557256622409,
      "12": 0.005282557256622409,
      "13": 0.005282557256622409,
      "14": 0.00441221099585622,
      "15": 0.00441221099585622,
      "16": 0.00441221099585622,
      "17": 0.00441221099585622,
      "18": 0.00441221099585622,
      "19": 0.00441221099585622,
      "20": 0.00441221099585622,
      "21": 0.00441221099585622,
      "22": 0.00441221099585622,
      "23": 0.00441221099585622,
      "24": 0.00441221099585622,
      "25": 0.00441221099585622,
      "26": 0.00441221099585622,
      "27": 0.00441221099585622,
      "28": 0.0044292323351739805,
      "29": 0.0044292323351739805,
      "30": 0.004832758648760616,
      "31": 0.004832758648760616,
      "32": 0.0044292323351739805,
      "33": 0.0044292323351739805,
      "34": 0.0044292323351739805,
      "35": 0.0044292323351739805,
      "36": 0.0044292323351739805,
      "37": 0.0044292323351739805,
      "38": 0.0044292323351739805,
      "39": 0.0044292323351739805
    },
    "3": {
      "0": 0.0048026458383321575,
      "1": 0.0048026458383321575,
      "2": 0.0048026458383321575,
      "3": 0.0048026458383321575,
      "4": 0.0048026458383321575,
      "5": 0.0048026458383321575,
      "6": 0.0048026458383321575,
      "7": 0.0048026458383321575,
      "8": 0.0048026458383321575,
      "9": 0.0048026458383321575,
      "10": 0.0048026458383321575,
      "11": 0.0048026458383321575,
      "12": 0.0048026458383321575,
      "13": 0.0048026458383321575,
      "14": 0.004396493814978537,
      "15": 0.004396493814978537,
      "16": 0.004396493814978537,
      "17": 0.004396493814978537,
      "18": 0.004396493814978537,
      "19": 0.004396493814978537,
      "20": 0.004396493814978537,
      "21": 0.004396493814978537,
      "22": 0.004396493814978537,
      "23": 0.004396493814978537,
      "24": 0.004396493814978537,
      "25": 0.004396493814978537,
      "26": 0.004396493814978537,
      "27": 0.004396493814978537,
      "28": 0.003914502995708087,
      "29": 0.003914502995708087,
      "30": 0.0035987085997243318,
      "31": 0.0035987085997243318,
      "32": 0.003914502995708087,
      "33": 0.003914502995708087,
      "34": 0.003914502995708087,
      "35": 0.003914502995708087,
      "36": 0.003914502995708087,
      "37": 0.003914502995708087,
      "38": 0.003914502995708087,
      "39": 0.003914502995708087
    },
    "4": {
      "0": 0.004843146129671359,
      "1": 0.004843146129671359,
      "2": 0.004843146129671359,
      "3": 0.004843146129671359,
      "4": 0.004843146129671359,
      "5": 0.004843146129671359,
      "6": 0.004843146129671359,
      "7": 0.004843146129671359,
      "8": 0.004843146129671359,
      "9": 0.004843146129671359,
      "10": 0.004843146129671359,
      "11": 0.004843146129671359,
      "12": 0.004843146129671359,
      "13": 0.004843146129671359,
      "14": 0.0031346796366155715,
      "15": 0.0031346796366155715,
      "16": 0.0031346796366155715,
      "17": 0.0031346796366155715,
      "18": 0.0031346796366155715,
      "19": 0.0031346796366155715,
      "20": 0.0031346796366155715,
      "21": 0.0031346796366155715,
      "22": 0.0031346796366155715,
      "23": 0.0031346796366155715,
      "24": 0.0031346796366155715,
      "25": 0.0031346796366155715,
      "26": 0.0031346796366155715,
      "27": 0.0031346796366155715,
      "28": 0.004331969792648059,
      "29": 0.004331969792648059,
      "30": 0.0030897947148785833,
      "31": 0.0030897947148785833,
      "32": 0.004331969792648059,
      "33": 0.004331969792648059,
      "34": 0.004331969792648059,
      "35": 0.004331969792648059,
      "36": 0.004331969792648059,
      "37": 0.004331969792648059,
      "38": 0.004331969792648059,
      "39": 0.004331969792648059
    },
    "5": {
      "0": 0.004982016743224146,
      "1": 0.004982016743224146,
      "2": 0.004982016743224146,
      "3": 0.004982016743224146,
      "4": 0.004982016743224146,
      "5": 0.004982016743224146,
      "6": 0.004982016743224146,
      "7": 0.004982016743224146,
      "8": 0.004982016743224146,
      "9": 0.004982016743224146,
      "10": 0.004982016743224146,
      "11": 0.004982016743224146,
      "12": 0.004982016743224146,
      "13": 0.004982016743224146,
      "14": 0.004169681454254883,
      "15": 0.004169681454254883,
      "16": 0.004169681454254883,
      "17": 0.004169681454254883,
      "18": 0.004169681454254883,
      "19": 0.004169681454254883,
      "20": 0.004169681454254883,
      "21": 0.004169681454254883,
      "22": 0.004169681454254883,
      "23": 0.004169681454254883,
      "24": 0.004169681454254883,
      "25": 0.004169681454254883,
      "26": 0.004169681454254883,
      "27": 0.004169681454254883,
      "28": 0.004596673671616374,
      "29": 0.004596673671616374,
      "30": 0.004596673671616374,
      "31": 0.005509902741926368,
      "32": 0.004596673671616374,
      "33": 0.004596673671616374,
      "34": 0.004596673671616374,
      "35": 0.004596673671616374,
      "36": 0.004596673671616374,
      "37": 0.004596673671616374,
      "38": 0.004596673671616374,
      "39": 0.004596673671616374
    },
    "6": {
      "0": 0.002523051593459737,
      "1": 0.002523051593459737,
      "2": 0.002523051593459737,
      "3": 0.002523051593459737,
      "4": 0.002523051593459737,
      "5": 0.002523051593459737,
      "6": 0.002523051593459737,
      "7": 0.002523051593459737,
      "8": 0.002523051593459737,
      "9": 0.002523051593459737,
      "10": 0.002523051593459737,
      "11": 0.002523051593459737,
      "12": 0.002523051593459737,
      "13": 0.002523051593459737,
      "14": 0.0031939708875109904,
      "15": 0.0031939708875109904,
      "16": 0.0031939708875109904,
      "17": 0.0031939708875109904,
      "18": 0.0031939708875109904,
      "19": 0.0031939708875109904,
      "20": 0.0031939708875109904,
      "21": 0.0031939708875109904,
      "22": 0.0031939708875109904,
      "23": 0.0031939708875109904,