{
  "name": "median_min",
  "dist": {
    "dist_name": "poisson",
    "lam": 4,
    "param_str": "(4)"
  },
  "num_samples": 5000,
  "timestamp": "2024-05-07 18:50:22.425377",
  "num_T": 1,
  "num_A": 1,
  "num_iterations": 10,
  "target_init_entropy": 3.047095585180641,
  "awae_data": {
    "1": {
      "0": 1.0272577525166928,
      "1": 0.9715749672708041,
      "2": 0.8173436799964483,
      "3": 0.6493540024021698,
      "4": 0.5956007161753003,
      "5": 0.6891282358261167,
      "6": 0.8486117401628592,
      "7": 0.9866395046674293,
      "8": 1.0744432845802219,
      "9": 1.1193546645311858,
      "10": 1.1403621841871825,
      "11": 1.1486232326192243,
      "12": 1.151500494192005,
      "13": 1.152371313363391,
      "14": 1.1383920904649019,
      "15": 1.1383817174403843,
      "16": 1.138377285475752,
      "17": 1.1383760868216126,
      "18": 1.1383756651190184,
      "19": 1.138375514339574,
      "20": 1.1383754854336403,
      "21": 1.1383754854336403,
      "22": 1.1383754854336403,
      "23": 1.1383754854336403,
      "24": 1.1383754854336403,
      "25": 1.1383754854336403,
      "26": 1.15753680765843,
      "27": 1.1383754854336403,
      "28": 1.15753680765843,
      "29": 1.1383754854336403,
      "30": 1.15753680765843,
      "31": 1.1547913235627771,
      "32": 1.15753680765843,
      "33": 1.15753680765843,
      "34": 1.15753680765843,
      "35": 1.15753680765843,
      "36": 1.15753680765843,
      "37": 1.15753680765843,
      "38": 1.1547913235627771,
      "39": 1.15753680765843
    },
    "2": {
      "0": 0.4760769049980843,
      "1": 0.47392661854386686,
      "2": 0.455401465391141,
      "3": 0.4004086300391566,
      "4": 0.3565904623751007,
      "5": 0.38222338461637434,
      "6": 0.47287812816003766,
      "7": 0.5749657915485009,
      "8": 0.6470175808165382,
      "9": 0.6854026519921053,
      "10": 0.7030222237350132,
      "11": 0.7105541854218963,
      "12": 0.7138157208398354,
      "13": 0.7151471099946399,
      "14": 0.7278475240526612,
      "15": 0.7278475240526612,
      "16": 0.7278475240526612,
      "17": 0.7278475240526612,
      "18": 0.7278475240526612,
      "19": 0.7278475240526612,
      "20": 0.7278475240526612,
      "21": 0.7278475240526612,
      "22": 0.7278475240526612,
      "23": 0.7278475240526612,
      "24": 0.7278475240526612,
      "25": 0.7278475240526612,
      "26": 0.7278475240526612,
      "27": 0.7278475240526612,
      "28": 0.724406771935966,
      "29": 0.724406771935966,
      "30": 0.7354639346940999,
      "31": 0.7354639346940999,
      "32": 0.724406771935966,
      "33": 0.724406771935966,
      "34": 0.724406771935966,
      "35": 0.724406771935966,
      "36": 0.724406771935966,
      "37": 0.724406771935966,
      "38": 0.724406771935966,
      "39": 0.724406771935966
    },
    "3": {
      "0": 0.3105851576146952,
      "1": 0.3084099000564361,
      "2": 0.2870374106252155,
      "3": 0.24252868845548176,
      "4": 0.22326271645613055,
      "5": 0.25425939933417036,
      "6": 0.2964745252822517,
      "7": 0.3190012087448729,
      "8": 0.3257559878544357,
      "9": 0.32810840287585596,
      "10": 0.32868226120112376,
      "11": 0.3287399690027593,
      "12": 0.3287399690027593,
      "13": 0.3287399690027593,
      "14": 0.332960340665328,
      "15": 0.332960340665328,
      "16": 0.332960340665328,
      "17": 0.332960340665328,
      "18": 0.332960340665328,
      "19": 0.332960340665328,
      "20": 0.332960340665328,
      "21": 0.332960340665328,
      "22": 0.332960340665328,
      "23": 0.332960340665328,
      "24": 0.332960340665328,
      "25": 0.332960340665328,
      "26": 0.332960340665328,
      "27": 0.332960340665328,
      "28": 0.3258828295166866,
      "29": 0.3258828295166866,
      "30": 0.32991696211344185,
      "31": 0.32991696211344185,
      "32": 0.3258828295166866,
      "33": 0.3258828295166866,
      "34": 0.3258828295166866,
      "35": 0.3258828295166866,
      "36": 0.3258828295166866,
      "37": 0.3258828295166866,
      "38": 0.3258828295166866,
      "39": 0.3258828295166866
    },
    "4": {
      "0": 0.2232376918465117,
      "1": 0.22310998028554022,
      "2": 0.2199018733514495,
      "3": 0.1986201902248913,
      "4": 0.17388603119052842,
      "5": 0.1863975559552778,
      "6": 0.21916465841756566,
      "7": 0.2407908918832312,
      "8": 0.24899095115663533,
      "9": 0.25155594775131684,
      "10": 0.25240214020718493,
      "11": 0.2526505555877213,
      "12": 0.2526505555877213,
      "13": 0.2526505555877213,
      "14": 0.24825771038644423,
      "15": 0.24825771038644423,
      "16": 0.24825771038644423,
      "17": 0.24825771038644423,
      "18": 0.24825771038644423,
      "19": 0.24825771038644423,
      "20": 0.24825771038644423,
      "21": 0.24825771038644423,
      "22": 0.24825771038644423,
      "23": 0.24825771038644423,
      "24": 0.24825771038644423,
      "25": 0.24825771038644423,
      "26": 0.24825771038644423,
      "27": 0.24825771038644423,
      "28": 0.2477571339264192,
      "29": 0.2477571339264192,
      "30": 0.25869348066410175,
      "31": 0.25869348066410175,
      "32": 0.2477571339264192,
      "33": 0.2477571339264192,
      "34": 0.2477571339264192,
      "35": 0.2477571339264192,
      "36": 0.2477571339264192,
      "37": 0.2477571339264192,
      "38": 0.2477571339264192,
      "39": 0.2477571339264192
    },
    "5": {
      "0": 0.17527466719727175,
      "1": 0.1748378161755906,
      "2": 0.1692923046757405,
      "3": 0.1458302847199728,
      "4": 0.13722967812853243,
      "5": 0.15565697815647253,
      "6": 0.1738691130854499,
      "7": 0.18100220825770047,
      "8": 0.18245099690866434,
      "9": 0.18272478004029116,
      "10": 0.18272478004029116,
      "11": 0.18272478004029116,
      "12": 0.18272478004029116,
      "13": 0.18272478004029116,
      "14": 0.18095815493070672,
      "15": 0.18095815493070672,
      "16": 0.18095815493070672,
      "17": 0.18095815493070672,
      "18": 0.18095815493070672,
      "19": 0.18095815493070672,
      "20": 0.18095815493070672,
      "21": 0.18095815493070672,
      "22": 0.18095815493070672,
      "23": 0.18095815493070672,
      "24": 0.18095815493070672,
      "25": 0.18095815493070672,
      "26": 0.18095815493070672,
      "27": 0.18095815493070672,
      "28": 0.17880856262660585,
      "29": 0.17880856262660585,
      "30": 0.18454427967335768,
      "31": 0.18454427967335768,
      "32": 0.17880856262660585,
      "33": 0.17880856262660585,
      "34": 0.17880856262660585,
      "35": 0.17880856262660585,
      "36": 0.17880856262660585,
      "37": 0.17880856262660585,
      "38": 0.17880856262660585,
      "39": 0.17880856262660585
    },
    "6": {
      "0": 0.142988402380074,
      "1": 0.142988402380074,
      "2": 0.14161825825147162,
      "3": 0.13010554400753915,
      "4": 0.11045358407533165,
      "5": 0.1198241868311118,
      "6": 0.13662816532748606,
      "7": 0.14239568496308258,
      "8": 0.14340441123464412,
      "9": 0.14379655687703008,
      "10": 0.14374730755856735,
      "11": 0.14373686599400895,
      "12": 0.14373686599400895,
      "13": 0.14373686599400895,
      "14": 0.14512739057191795,
      "15": 0.14512739057191795,
      "16": 0.14512739057191795,
      "17": 0.14512739057191795,
      "18": 0.14512739057191795,
      "19": 0.14512739057191795,
      "20": 0.14512739057191795,
      "21": 0.14512739057191795,
      "22": 0.14512739057191795,
      "23": 0.14512739057191795,
      "24": 0.14512739057191795,
      "25": 0.14512739057191795,
      "26": 0.14512739057191795,
      "27": 0.14512739057191795,
      "28": 0.15053498409635432,
      "29": 0.15053498409635432,
      "30": 0.14601239000465616,
      "31": 0.14601239000465616,
      "32": 0.15053498409635432,
      "33": 0.15053498409635432,
      "34": 0.15053498409635432,
      "35": 0.15053498409635432,
      "36": 0.15053498409635432,
      "37": 0.15053498409635432,