{
  "name": "median_min",
  "dist": {
    "dist_name": "poisson",
    "lam": 4,
    "param_str": "(4)"
  },
  "num_samples": 5000,
  "timestamp": "2024-05-03 18:07:50.302036",
  "num_T": 1,
  "num_A": 1,
  "num_iterations": 10,
  "target_init_entropy": 3.047095585180641,
  "awae_data": {
    "1": {
      "0": 1.0246607277759154,
      "1": 0.9668121732947881,
      "2": 0.80913464387659,
      "3": 0.6399783157845675,
      "4": 0.5896328478604509,
      "5": 0.6812648205584525,
      "6": 0.838976208009,
      "7": 0.9797993614315432,
      "8": 1.0687879377193543,
      "9": 1.11403852320208,
      "10": 1.133704429541588,
      "11": 1.1416444003731172,
      "12": 1.1443411644307728,
      "13": 1.1454102143064806,
      "14": 1.1568769358241258,
      "15": 1.156905118782146,
      "16": 1.156905118782146,
      "17": 1.156905118782146,
      "18": 1.156905118782146,
      "19": 1.156905118782146,
      "20": 1.156905118782146,
      "21": 1.156905118782146,
      "22": 1.156905118782146,
      "23": 1.156905118782146,
      "24": 1.156905118782146,
      "25": 1.156905118782146,
      "26": 1.156905118782146,
      "27": 1.1531328354362904,
      "28": 1.1531328354362904,
      "29": 1.156905118782146,
      "30": 1.152722319125763,
      "31": 1.152722319125763,
      "32": 1.1531328354362904,
      "33": 1.1531328354362904,
      "34": 1.1531328354362904,
      "35": 1.1531328354362904,
      "36": 1.1531328354362904,
      "37": 1.1531328354362904,
      "38": 1.1531328354362904,
      "39": 1.1531328354362904
    },
    "2": {
      "0": 0.48727606633023895,
      "1": 0.48490667606733506,
      "2": 0.46551499636282195,
      "3": 0.40812040046484926,
      "4": 0.3534206752989294,
      "5": 0.37527483171883375,
      "6": 0.4665414873921037,
      "7": 0.568788479796418,
      "8": 0.6436610199984362,
      "9": 0.6835026987422552,
      "10": 0.7010200246043772,
      "11": 0.7081898275811362,
      "12": 0.7112525946264203,
      "13": 0.7125415345030849,
      "14": 0.7288056090046708,
      "15": 0.7290436987656334,
      "16": 0.729061492004471,
      "17": 0.729061492004471,
      "18": 0.729061492004471,
      "19": 0.729061492004471,
      "20": 0.729061492004471,
      "21": 0.729061492004471,
      "22": 0.729061492004471,
      "23": 0.729061492004471,
      "24": 0.729061492004471,
      "25": 0.729061492004471,
      "26": 0.729061492004471,
      "27": 0.729061492004471,
      "28": 0.7249304333309172,
      "29": 0.7249304333309172,
      "30": 0.7244138347945352,
      "31": 0.7244138347945352,
      "32": 0.7249304333309172,
      "33": 0.7249304333309172,
      "34": 0.7249304333309172,
      "35": 0.7249304333309172,
      "36": 0.7249304333309172,
      "37": 0.7249304333309172,
      "38": 0.7249304333309172,
      "39": 0.7249304333309172
    },
    "3": {
      "0": 0.30620957926030157,
      "1": 0.30396710999803045,
      "2": 0.28488682336848087,
      "3": 0.2439213000893626,
      "4": 0.2288185819873641,
      "5": 0.26086115967932827,
      "6": 0.30281695178715434,
      "7": 0.32392294223358936,
      "8": 0.33196239880946,
      "9": 0.3348989059165448,
      "10": 0.3362065494040635,
      "11": 0.3362748369693323,
      "12": 0.3362748369693323,
      "13": 0.3362748369693323,
      "14": 0.32837515931318884,
      "15": 0.32837515931318884,
      "16": 0.32837515931318884,
      "17": 0.32837515931318884,
      "18": 0.32837515931318884,
      "19": 0.32837515931318884,
      "20": 0.32837515931318884,
      "21": 0.32837515931318884,
      "22": 0.32837515931318884,
      "23": 0.32837515931318884,
      "24": 0.32837515931318884,
      "25": 0.32837515931318884,
      "26": 0.32837515931318884,
      "27": 0.32837515931318884,
      "28": 0.3282960004125055,
      "29": 0.3282960004125055,
      "30": 0.32876495424064023,
      "31": 0.32876495424064023,
      "32": 0.3282960004125055,
      "33": 0.3282960004125055,
      "34": 0.3282960004125055,
      "35": 0.3282960004125055,
      "36": 0.3282960004125055,
      "37": 0.3282960004125055,
      "38": 0.3282960004125055,
      "39": 0.3282960004125055
    },
    "4": {
      "0": 0.22627077383413036,
      "1": 0.22601419431889225,
      "2": 0.2214848539176389,
      "3": 0.20030054957631377,
      "4": 0.17470562691655828,
      "5": 0.18462089792682693,
      "6": 0.21705563248200646,
      "7": 0.2389116474059622,
      "8": 0.24532754025910325,
      "9": 0.24751289907701718,
      "10": 0.2486127429668771,
      "11": 0.24867028230228527,
      "12": 0.24867028230228527,
      "13": 0.24867028230228527,
      "14": 0.24841671940822532,
      "15": 0.24841671940822532,
      "16": 0.24841671940822532,
      "17": 0.24841671940822532,
      "18": 0.24841671940822532,
      "19": 0.24841671940822532,
      "20": 0.24841671940822532,
      "21": 0.24841671940822532,
      "22": 0.24841671940822532,
      "23": 0.24841671940822532,
      "24": 0.24841671940822532,
      "25": 0.24841671940822532,
      "26": 0.24841671940822532,
      "27": 0.24841671940822532,
      "28": 0.24827530104149864,
      "29": 0.24827530104149864,
      "30": 0.24953422361145422,
      "31": 0.24953422361145422,
      "32": 0.24827530104149864,
      "33": 0.24827530104149864,
      "34": 0.24827530104149864,
      "35": 0.24827530104149864,
      "36": 0.24827530104149864,
      "37": 0.24827530104149864,
      "38": 0.24827530104149864,
      "39": 0.24827530104149864
    },
    "5": {
      "0": 0.174309222648323,
      "1": 0.17390835395918383,
      "2": 0.1687207134419376,
      "3": 0.14717654741346997,
      "4": 0.13356424863354732,
      "5": 0.15154042363216386,
      "6": 0.16951208409551716,
      "7": 0.17468609291171616,
      "8": 0.17593544673724731,
      "9": 0.17596468562348483,
      "10": 0.17604919778298328,
      "11": 0.17604919778298328,
      "12": 0.17604919778298328,
      "13": 0.17604919778298328,
      "14": 0.17564436453880283,
      "15": 0.17564436453880283,
      "16": 0.17564436453880283,
      "17": 0.17564436453880283,
      "18": 0.17564436453880283,
      "19": 0.17564436453880283,
      "20": 0.17564436453880283,
      "21": 0.17564436453880283,
      "22": 0.17564436453880283,
      "23": 0.17564436453880283,
      "24": 0.17564436453880283,
      "25": 0.17564436453880283,
      "26": 0.17564436453880283,
      "27": 0.17564436453880283,
      "28": 0.1830169231203425,
      "29": 0.1830169231203425,
      "30": 0.17905722765374676,
      "31": 0.17905722765374676,
      "32": 0.1830169231203425,
      "33": 0.1830169231203425,
      "34": 0.1830169231203425,
      "35": 0.1830169231203425,
      "36": 0.1830169231203425,
      "37": 0.1830169231203425,
      "38": 0.1830169231203425,
      "39": 0.1830169231203425
    },
    "6": {
      "0": 0.14087123798917384,
      "1": 0.14087123798917384,
      "2": 0.13909953545426892,
      "3": 0.1275890763896311,
      "4": 0.11370211880827699,
      "5": 0.12368011744330347,
      "6": 0.14193690778965046,
      "7": 0.15088026029241536,
      "8": 0.15206024753174877,
      "9": 0.1525981962805068,
      "10": 0.1525981962805068,
      "11": 0.1525981962805068,
      "12": 0.1525981962805068,
      "13": 0.1525981962805068,
      "14": 0.1478734624099559,
      "15": 0.1478734624099559,
      "16": 0.1478734624099559,
      "17": 0.1478734624099559,
      "18": 0.1478734624099559,
      "19": 0.1478734624099559,
      "20": 0.1478734624099559,
      "21": 0.1478734624099559,
      "22": 0.1478734624099559,
      "23": 0.1478734624099559,
      "24": 0.1478734624099559,
      "25": 0.1478734624099559,
      "26": 0.1478734624099559,
      "27": 0.1478734624099559,
      "28": 0.14998062902281634,
      "29": 0.14998062902281634,
      "30": 0.14838718500716416,
      "31": 0.14838718500716416,
      "32": 0.14998062902281634,
      "33": 0.14998062902281634,
      "34": 0.14998062902281634,
      "35": 0.14998062902281634,
      "36": 0.14998062902281634,