{
  "name": "mean",
  "dist": {
    "dist_name": "poisson",
    "lam": 1,
    "param_str": "(1)"
  },
  "num_samples": 5000,
  "timestamp": "2024-05-23 15:01:31.945935",
  "num_T": 1,
  "num_A": 1,
  "num_iterations": 10,
  "target_init_entropy": 2.047095585180641,
  "awae_data": {
    "1": {
      "0": 0.5801790323382202,
      "1": 0.5801790323382202,
      "2": 0.5801790323382202,
      "3": 0.5801790323382202,
      "4": 0.5801790323382202,
      "5": 0.5801790323382202,
      "6": 0.5801790323382202,
      "7": 0.5801790323382202,
      "8": 0.5801790323382202,
      "9": 0.5801790323382202
    },
    "2": {
      "0": 0.3309701916022054,
      "1": 0.3309701916022054,
      "2": 0.3309701916022054,
      "3": 0.3309701916022054,
      "4": 0.3309701916022054,
      "5": 0.3309701916022054,
      "6": 0.3309701916022054,
      "7": 0.3309701916022054,
      "8": 0.3309701916022054,
      "9": 0.3309701916022054
    },
    "3": {
      "0": 0.2258692307345837,
      "1": 0.2258692307345837,
      "2": 0.2258692307345837,
      "3": 0.2258692307345837,
      "4": 0.2258692307345837,
      "5": 0.2258692307345837,
      "6": 0.2258692307345837,
      "7": 0.2258692307345837,
      "8": 0.2258692307345837,
      "9": 0.2258692307345837
    },
    "4": {
      "0": 0.1733601083646158,
      "1": 0.1733601083646158,
      "2": 0.1733601083646158,
      "3": 0.1733601083646158,
      "4": 0.1733601083646158,
      "5": 0.1733601083646158,
      "6": 0.1733601083646158,
      "7": 0.1733601083646158,
      "8": 0.1733601083646158,
      "9": 0.1733601083646158
    },
    "5": {
      "0": 0.1410101353210314,
      "1": 0.1410101353210314,
      "2": 0.1410101353210314,
      "3": 0.1410101353210314,
      "4": 0.1410101353210314,
      "5": 0.1410101353210314,
      "6": 0.1410101353210314,
      "7": 0.1410101353210314,
      "8": 0.1410101353210314,
      "9": 0.1410101353210314
    },
    "6": {
      "0": 0.12062894869606902,
      "1": 0.12062894869606902,
      "2": 0.12062894869606902,
      "3": 0.12062894869606902,
      "4": 0.12062894869606902,
      "5": 0.12062894869606902,
      "6": 0.12062894869606902,
      "7": 0.12062894869606902,
      "8": 0.12062894869606902,
      "9": 0.12062894869606902
    },
    "7": {
      "0": 0.09854136706779726,
      "1": 0.09854136706779726,
      "2": 0.09854136706779726,
      "3": 0.09854136706779726,
      "4": 0.09854136706779726,
      "5": 0.09854136706779726,
      "6": 0.09854136706779726,
      "7": 0.09854136706779726,
      "8": 0.09854136706779726,
      "9": 0.09854136706779726
    },
    "8": {
      "0": 0.0849436823595775,
      "1": 0.0849436823595775,
      "2": 0.0849436823595775,
      "3": 0.0849436823595775,
      "4": 0.0849436823595775,
      "5": 0.0849436823595775,
      "6": 0.0849436823595775,
      "7": 0.0849436823595775,
      "8": 0.0849436823595775,
      "9": 0.0849436823595775
    },
    "9": {
      "0": 0.07955863766720905,
      "1": 0.07955863766720905,
      "2": 0.07955863766720905,
      "3": 0.07955863766720905,
      "4": 0.07955863766720905,
      "5": 0.07955863766720905,
      "6": 0.07955863766720905,
      "7": 0.07955863766720905,
      "8": 0.07955863766720905,
      "9": 0.07955863766720905
    },
    "10": {
      "0": 0.07227420156488379,
      "1": 0.07227420156488379,
      "2": 0.07227420156488379,
      "3": 0.07227420156488379,
      "4": 0.07227420156488379,
      "5": 0.07227420156488379,
      "6": 0.07227420156488379,
      "7": 0.07227420156488379,
      "8": 0.07227420156488379,
      "9": 0.07227420156488379
    }
  },
  "leakage_no_attacker": {
    "1": 0.5803580641463151,
    "2": 0.3312363238647586,
    "3": 0.2259116492870769,
    "4": 0.17344008439616387,
    "5": 0.14105789936547164,
    "6": 0.12067854813465258,
    "7": 0.09854959475827105,
    "8": 0.08497535608710852,
    "9": 0.07956386623983483,
    "10": 0.0722765116721728
  }
}