{
  "name": "mean",
  "dist": {
    "dist_name": "poisson",
    "lam": 2,
    "param_str": "(2)"
  },
  "num_samples": 5000,
  "timestamp": "2024-05-23 15:07:28.687557",
  "num_T": 1,
  "num_A": 1,
  "num_iterations": 10,
  "target_init_entropy": 2.547095585180641,
  "awae_data": {
    "1": {
      "0": 0.5440813549715008,
      "1": 0.5440813549715008,
      "2": 0.5440813549715008,
      "3": 0.5440813549715008,
      "4": 0.5440813549715008,
      "5": 0.5440813549715008,
      "6": 0.5440813549715008,
      "7": 0.5440813549715008,
      "8": 0.5440813549715008,
      "9": 0.5440813549715008,
      "10": 0.5440813549715008,
      "11": 0.5440813549715008,
      "12": 0.5440813549715008,
      "13": 0.5439721910467402,
      "14": 0.5534394646393158,
      "15": 0.5534896262851869,
      "16": 0.5534399255498743,
      "17": 0.553240389097333,
      "18": 0.5533974518939813,
      "19": 0.5533510177137917
    },
    "2": {
      "0": 0.30874459639302987,
      "1": 0.30874459639302987,
      "2": 0.30874459639302987,
      "3": 0.30874459639302987,
      "4": 0.30874459639302987,
      "5": 0.30874459639302987,
      "6": 0.30874459639302987,
      "7": 0.30874459639302987,
      "8": 0.30874459639302987,
      "9": 0.30874459639302987,
      "10": 0.30874459639302987,
      "11": 0.30874459639302987,
      "12": 0.30874459639302987,
      "13": 0.30874459639302987,
      "14": 0.3068790676726968,
      "15": 0.3068790676726968,
      "16": 0.3068790676726968,
      "17": 0.3068790676726968,
      "18": 0.3068790676726968,
      "19": 0.3068790676726968
    },
    "3": {
      "0": 0.21554116598914294,
      "1": 0.21554116598914294,
      "2": 0.21554116598914294,
      "3": 0.21554116598914294,
      "4": 0.21554116598914294,
      "5": 0.21554116598914294,
      "6": 0.21554116598914294,
      "7": 0.21554116598914294,
      "8": 0.21554116598914294,
      "9": 0.21554116598914294,
      "10": 0.21554116598914294,
      "11": 0.21554116598914294,
      "12": 0.21554116598914294,
      "13": 0.21554116598914294,
      "14": 0.21122419707893286,
      "15": 0.21122419707893286,
      "16": 0.21122419707893286,
      "17": 0.21122419707893286,
      "18": 0.21122419707893286,
      "19": 0.21122419707893286
    },
    "4": {
      "0": 0.16882142277993972,
      "1": 0.16882142277993972,
      "2": 0.16882142277993972,
      "3": 0.16882142277993972,
      "4": 0.16882142277993972,
      "5": 0.16882142277993972,
      "6": 0.16882142277993972,
      "7": 0.16882142277993972,
      "8": 0.16882142277993972,
      "9": 0.16882142277993972,
      "10": 0.16882142277993972,
      "11": 0.16882142277993972,
      "12": 0.16882142277993972,
      "13": 0.16882142277993972,
      "14": 0.16436897508701215,
      "15": 0.16436897508701215,
      "16": 0.16436897508701215,
      "17": 0.16436897508701215,
      "18": 0.16436897508701215,
      "19": 0.16436897508701215
    },
    "5": {
      "0": 0.13532253242840964,
      "1": 0.13532253242840964,
      "2": 0.13532253242840964,
      "3": 0.13532253242840964,
      "4": 0.13532253242840964,
      "5": 0.13532253242840964,
      "6": 0.13532253242840964,
      "7": 0.13532253242840964,
      "8": 0.13532253242840964,
      "9": 0.13532253242840964,
      "10": 0.13532253242840964,
      "11": 0.13532253242840964,
      "12": 0.13532253242840964,
      "13": 0.1353222909258355,
      "14": 0.13512872423860978,
      "15": 0.13512872423860978,
      "16": 0.13512872423860978,
      "17": 0.13512872423860978,
      "18": 0.13512872423860978,
      "19": 0.13512872423860978
    },
    "6": {
      "0": 0.11496718524889209,
      "1": 0.11496718524889209,
      "2": 0.11496718524889209,
      "3": 0.11496718524889209,
      "4": 0.11496718524889209,
      "5": 0.11496718524889209,
      "6": 0.11496718524889209,
      "7": 0.11496718524889209,
      "8": 0.11496718524889209,
      "9": 0.11496718524889209,
      "10": 0.11496718524889209,
      "11": 0.11496718524889209,
      "12": 0.11496718524889209,
      "13": 0.11496718524889209,
      "14": 0.12021254472688585,
      "15": 0.12021254472688585,
      "16": 0.12021254472688585,
      "17": 0.12021254472688585,
      "18": 0.12021254472688585,
      "19": 0.12021254472688585
    },
    "7": {
      "0": 0.09726387681983169,
      "1": 0.09726387681983169,
      "2": 0.09726387681983169,
      "3": 0.09726387681983169,
      "4": 0.09726387681983169,
      "5": 0.09726387681983169,
      "6": 0.09726387681983169,
      "7": 0.09726387681983169,
      "8": 0.09726387681983169,
      "9": 0.09726387681983169,
      "10": 0.09726387681983169,
      "11": 0.09726387681983169,
      "12": 0.09726387681983169,
      "13": 0.09726387681983169,
      "14": 0.1013155232726383,
      "15": 0.1013155232726383,
      "16": 0.1013155232726383,
      "17": 0.1013155232726383,
      "18": 0.1013155232726383,
      "19": 0.1013155232726383
    },
    "8": {
      "0": 0.09026523702533507,
      "1": 0.09026523702533507,
      "2": 0.09026523702533507,
      "3": 0.09026523702533507,
      "4": 0.09026523702533507,
      "5": 0.09026523702533507,
      "6": 0.09026523702533507,
      "7": 0.09026523702533507,
      "8": 0.09026523702533507,
      "9": 0.09026523702533507,
      "10": 0.09026523702533507,
      "11": 0.09026523702533507,
      "12": 0.09026523702533507,
      "13": 0.09026523702533507,
      "14": 0.08872646438034013,
      "15": 0.08872646438034013,
      "16": 0.08872646438034013,
      "17": 0.08872646438034013,
      "18": 0.08872646438034013,
      "19": 0.08872646438034013
    },
    "9": {
      "0": 0.08259177024662691,
      "1": 0.08259177024662691,
      "2": 0.08259177024662691,
      "3": 0.08259177024662691,
      "4": 0.08259177024662691,
      "5": 0.08259177024662691,
      "6": 0.08259177024662691,
      "7": 0.08259177024662691,
      "8": 0.08259177024662691,
      "9": 0.08259177024662691,
      "10": 0.08259177024662691,
      "11": 0.08259177024662691,
      "12": 0.08259177024662691,
      "13": 0.08259177024662691,
      "14": 0.08052829051789437,
      "15": 0.08052829051789437,
      "16": 0.08052829051789437,
      "17": 0.08052829051789437,
      "18": 0.08052829051789437,
      "19": 0.08052829051789437
    },
    "10": {
      "0": 0.07491969462522599,
      "1": 0.07491969462522599,
      "2": 0.07491969462522599,
      "3": 0.07491969462522599,
      "4": 0.07491969462522599,
      "5": 0.07491969462522599,
      "6": 0.07491969462522599,
      "7": 0.07491969462522599,
      "8": 0.07491969462522599,
      "9": 0.07491969462522599,
      "10": 0.07491969462522599,
      "11": 0.07491969462522599,
      "12": 0.07491969462522599,
      "13": 0.07491969462522599,
      "14": 0.07323094097266278,
      "15": 0.07323094097266278,
      "16": 0.07323094097266278,
      "17": 0.07323094097266278,
      "18": 0.07323094097266278,
      "19": 0.07323094097266278
    }
  },
  "leakage_no_attacker": {
    "1": 0.5443444049106626,
    "2": 0.3089469702758535,
    "3": 0.21565914764186372,
    "4": 0.16891895417913025,
    "5": 0.13539353688018702,
    "6": 0.11505461721412406,
    "7": 0.09730214119109687,
    "8": 0.09029985529446415,
    "9": 0.08263663958630414,
    "10": 0.07492956933424513
  }
}