{
  "name": "mean",
  "dist": {
    "dist_name": "poisson",
    "lam": 4,
    "param_str": "(4)"
  },
  "num_samples": 5000,
  "timestamp": "2024-05-23 15:16:06.307220",
  "num_T": 1,
  "num_A": 1,
  "num_iterations": 10,
  "target_init_entropy": 3.047095585180641,
  "awae_data": {
    "1": {
      "0": 0.5180910352410424,
      "1": 0.5180910352410424,
      "2": 0.5180910352410424,
      "3": 0.5180910352410424,
      "4": 0.5180910352410424,
      "5": 0.5180910352410424,
      "6": 0.5180573723567548,
      "7": 0.5179085926891481,
      "8": 0.517896242845115,
      "9": 0.5179262520538722,
      "10": 0.5177528735910908,
      "11": 0.5177636673424255,
      "12": 0.5178604869448232,
      "13": 0.5176553822111247,
      "14": 0.5278880387941329,
      "15": 0.5278727348119361,
      "16": 0.527987439978556,
      "17": 0.5277849224074644,
      "18": 0.5278487488362591,
      "19": 0.527987439978556,
      "20": 0.5277849224074644,
      "21": 0.5278487488362591,
      "22": 0.527987439978556,
      "23": 0.5277849224074644,
      "24": 0.5278487488362591,
      "25": 0.527987439978556,
      "26": 0.5277224056223593,
      "27": 0.5278184671846766,
      "28": 0.5224774522330982,
      "29": 0.5225582282574501,
      "30": 0.5191931534580916,
      "31": 0.5192157599729447,
      "32": 0.522405782118357,
      "33": 0.5225779941911337,
      "34": 0.5225374559315609,
      "35": 0.5224419306657063,
      "36": 0.5225019956906242,
      "37": 0.5226728540166391,
      "38": 0.5224610192787342,
      "39": 0.522545406736556
    },
    "2": {
      "0": 0.2983382962894044,
      "1": 0.2983382962894044,
      "2": 0.2983382962894044,
      "3": 0.2983382962894044,
      "4": 0.2983382962894044,
      "5": 0.2983382962894044,
      "6": 0.2983382962894044,
      "7": 0.2983382962894044,
      "8": 0.2983382962894044,
      "9": 0.2983382962894044,
      "10": 0.2983382962894044,
      "11": 0.2983382962894044,
      "12": 0.2983382962894044,
      "13": 0.2983382962894044,
      "14": 0.307110193465036,
      "15": 0.307110193465036,
      "16": 0.307110193465036,
      "17": 0.307110193465036,
      "18": 0.307110193465036,
      "19": 0.307110193465036,
      "20": 0.307110193465036,
      "21": 0.307110193465036,
      "22": 0.307110193465036,
      "23": 0.307110193465036,
      "24": 0.307110193465036,
      "25": 0.307110193465036,
      "26": 0.307110193465036,
      "27": 0.307110193465036,
      "28": 0.2995317669410937,
      "29": 0.2995317669410937,
      "30": 0.3022601690092644,
      "31": 0.3022601690092644,
      "32": 0.2995317669410937,
      "33": 0.2995317669410937,
      "34": 0.2995317669410937,
      "35": 0.2995317669410937,
      "36": 0.2995317669410937,
      "37": 0.2995317669410937,
      "38": 0.2995317669410937,
      "39": 0.2995317669410937
    },
    "3": {
      "0": 0.21062682307715969,
      "1": 0.21062682307715969,
      "2": 0.21062682307715969,
      "3": 0.21062682307715969,
      "4": 0.21062682307715969,
      "5": 0.21062682307715969,
      "6": 0.21062682307715969,
      "7": 0.21062682307715969,
      "8": 0.21061831745371914,
      "9": 0.21062682307715969,
      "10": 0.21059556468460708,
      "11": 0.21062663900076917,
      "12": 0.21045892460580456,
      "13": 0.21032137598074402,
      "14": 0.2184280974969512,
      "15": 0.2182159063041665,
      "16": 0.21828060921389797,
      "17": 0.21840331501676072,
      "18": 0.21796052984814876,
      "19": 0.21827413672288776,
      "20": 0.21800725672481863,
      "21": 0.21809984268742277,
      "22": 0.21823394274870284,
      "23": 0.21774680728760204,
      "24": 0.2180904116077925,
      "25": 0.21787291557131877,
      "26": 0.21797803393077914,
      "27": 0.2181133211964371,
      "28": 0.21164993590218625,
      "29": 0.21138108719373583,
      "30": 0.21592762182853492,
      "31": 0.21606361681271863,
      "32": 0.21132485194821737,
      "33": 0.2115293953770417,
      "34": 0.2112452092476771,
      "35": 0.2113482033602593,
      "36": 0.2113362477985566,
      "37": 0.21127871016138688,
      "38": 0.21149820097095623,
      "39": 0.21123352942880672
    },
    "4": {
      "0": 0.16631778960606852,
      "1": 0.16631778960606852,
      "2": 0.16631778960606852,
      "3": 0.16631778960606852,
      "4": 0.16631778960606852,
      "5": 0.16631778960606852,
      "6": 0.16631778960606852,
      "7": 0.16631778960606852,
      "8": 0.16631778960606852,
      "9": 0.16631778960606852,
      "10": 0.16631778960606852,
      "11": 0.16630445112254752,
      "12": 0.16631778960606852,
      "13": 0.1661256363665749,
      "14": 0.16384073326749607,
      "15": 0.16363142711387924,
      "16": 0.1635490149810713,
      "17": 0.16359293138415293,
      "18": 0.16345167335792382,
      "19": 0.16335065371508342,
      "20": 0.16347307561857527,
      "21": 0.1633835129024848,
      "22": 0.16330689328051448,
      "23": 0.16340389351538653,
      "24": 0.1632300095939057,
      "25": 0.16317556491074997,
      "26": 0.16329824461752712,
      "27": 0.16312486263058043,
      "28": 0.16853937444968622,
      "29": 0.16876962511232155,
      "30": 0.1686098186701414,
      "31": 0.1655402114380725,
      "32": 0.16864855348896568,
      "33": 0.16853692994951103,
      "34": 0.16844189756812739,
      "35": 0.1685901453654913,
      "36": 0.16850966040200227,
      "37": 0.1683727045301945,
      "38": 0.1685306400333817,
      "39": 0.16847872034945285
    },
    "5": {
      "0": 0.13968690412301116,
      "1": 0.13968690412301116,
      "2": 0.13968690412301116,
      "3": 0.13968690412301116,
      "4": 0.13968690412301116,
      "5": 0.13968690412301116,
      "6": 0.13968690412301116,
      "7": 0.13968690412301116,
      "8": 0.13968690412301116,
      "9": 0.13968690412301116,
      "10": 0.13968690412301116,
      "11": 0.13968690412301116,
      "12": 0.13968690412301116,
      "13": 0.13968690412301116,
      "14": 0.1346537332244115,
      "15": 0.13460335941376272,
      "16": 0.13458877759768959,
      "17": 0.13454862298606646,
      "18": 0.13450589357752737,
      "19": 0.13438008106259877,
      "20": 0.13417057135991206,
      "21": 0.1343524775040643,
      "22": 0.13435154417300801,
      "23": 0.1342560939090646,
      "24": 0.13406357775749772,
      "25": 0.13421278171866632,
      "26": 0.13417087788750287,
      "27": 0.1339862309232696,
      "28": 0.13470092589596558,
      "29": 0.1346231879551997,
      "30": 0.13985103053070608,
      "31": 0.1343970347964692,
      "32": 0.1346016367161816,
      "33": 0.1344436887461317,
      "34": 0.13440023641468138,
      "35": 0.1345477498199012,
      "36": 0.13981763783674764,
      "37": 0.13433950146023418,
      "38": 0.1342084054637952,
      "39": 0.13448968145172135
    },
    "6": {
      "0": 0.11807135164372948,
      "1": 0.11807135164372948,
      "2": 0.11807135164372948,
      "3": 0.11807135164372948,
      "4": 0.11807135164372948,
      "5": 0.11807135164372948,
      "6": 0.11807135164372948,
      "7": 0.11807135164372948,
      "8": 0.11807135164372948,
      "9": 0.11807135164372948,
      "10": 0.11807135164372948,
      "11": 0.11807135164372948,
      "12": 0.11807135164372948,
      "13": 0.11807135164372948,
      "14": 0.11855947056718352,
      "15": 0.11855947056718352,
      "16": 0.11855947056718352,
      "17": 0.11855947056718352,
      "18": 0.11855947056718352,
      "19": 0.11855947056718352,
      "20": 0.11855947056718352,
      "21": 0.11855947056718352,
      "22": 0.11855947056718352,
      "23": 0.11855947056718352,
      "24": 0.11855947056718352,
      "25": 0.11855947056718352,
      "26": 0.11855947056718352,
      "27": 0.11855947056718352,
      "28": 0.11925821855417795,
      "29": 0.11925821855417795,
      "30": 0.11701522002964351,
      "31": 0.11701522002964351,
      "32": 0.11925821855417795,
      "33": 0.11925821855417795,
      "34": 0.11925821855417795,
      "35": 0.11925821855417795,