{
  "name": "max",
  "dist": {
    "dist_name": "lognormal",
    "m": 1.6702,
    "s": 0.145542,
    "param_str": "(1.6702,0.145542)"
  },
  "num_samples": 5000,
  "timestamp": "2024-05-01 18:42:09.983421",
  "num_T": 1,
  "num_A": 1,
  "num_iterations": 10,
  "target_init_entropy": 3.0664385655758357,
  "awae_data": {
    "1": {
      "1e-05": 5.603434841499331,
      "0.05822580000000001": 5.603434841499331,
      "0.1164416": 5.603434841499331,
      "0.17465740000000002": 5.603434841499331,
      "0.23287320000000003": 5.603434841499331,
      "0.29108900000000004": 5.603434841499331,
      "0.3493048": 5.603434841499331,
      "0.40752060000000007": 5.603434841499331,
      "0.46573640000000005": 5.603434841499331,
      "0.5239522": 5.603434841499331,
      "0.582168": 5.603434841499331
    },
    "2": {
      "1e-05": 3.448315430488351,
      "0.05822580000000001": 3.448315430488351,
      "0.1164416": 3.448315430488351,
      "0.17465740000000002": 3.448315430488351,
      "0.23287320000000003": 3.448315430488351,
      "0.29108900000000004": 3.448315430488351,
      "0.3493048": 3.448315430488351,
      "0.40752060000000007": 3.448315430488351,
      "0.46573640000000005": 3.448315430488351,
      "0.5239522": 3.448315430488351,
      "0.582168": 3.448315430488351
    },
    "3": {
      "1e-05": 2.4660154751361008,
      "0.05822580000000001": 2.4660154751361008,
      "0.1164416": 2.4660154751361008,
      "0.17465740000000002": 2.4660154751361008,
      "0.23287320000000003": 2.4660154751361008,
      "0.29108900000000004": 2.4660154751361008,
      "0.3493048": 2.4660154751361008,
      "0.40752060000000007": 2.4660154751361008,
      "0.46573640000000005": 2.4660154751361008,
      "0.5239522": 2.4660154751361008,
      "0.582168": 2.4660154751361008
    },
    "4": {
      "1e-05": 1.9308278061900055,
      "0.05822580000000001": 1.9308278061900055,
      "0.1164416": 1.9308278061900055,
      "0.17465740000000002": 1.9308278061900055,
      "0.23287320000000003": 1.9308278061900055,
      "0.29108900000000004": 1.9308278061900055,
      "0.3493048": 1.9308278061900055,
      "0.40752060000000007": 1.9308278061900055,
      "0.46573640000000005": 1.9308278061900055,
      "0.5239522": 1.9308278061900055,
      "0.582168": 1.9308278061900055
    },
    "5": {
      "1e-05": 1.5226055828809475,
      "0.05822580000000001": 1.5226055828809475,
      "0.1164416": 1.5226055828809475,
      "0.17465740000000002": 1.5226055828809475,
      "0.23287320000000003": 1.5226055828809475,
      "0.29108900000000004": 1.5226055828809475,
      "0.3493048": 1.5226055828809475,
      "0.40752060000000007": 1.5226055828809475,
      "0.46573640000000005": 1.5226055828809475,
      "0.5239522": 1.5226055828809475,
      "0.582168": 1.5226055828809475
    },
    "6": {
      "1e-05": 1.2640447200995921,
      "0.05822580000000001": 1.2640447200995921,
      "0.1164416": 1.2640447200995921,
      "0.17465740000000002": 1.2640447200995921,
      "0.23287320000000003": 1.2640447200995921,
      "0.29108900000000004": 1.2640447200995921,
      "0.3493048": 1.2640447200995921,
      "0.40752060000000007": 1.2640447200995921,
      "0.46573640000000005": 1.2640447200995921,
      "0.5239522": 1.2640447200995921,
      "0.582168": 1.2640447200995921
    },
    "7": {
      "1e-05": 1.0879579135791988,
      "0.05822580000000001": 1.0879579135791988,
      "0.1164416": 1.0879579135791988,
      "0.17465740000000002": 1.0879579135791988,
      "0.23287320000000003": 1.0879579135791988,
      "0.29108900000000004": 1.0879579135791988,
      "0.3493048": 1.0879579135791988,
      "0.40752060000000007": 1.0879579135791988,
      "0.46573640000000005": 1.0879579135791988,
      "0.5239522": 1.0879579135791988,
      "0.582168": 1.0879579135791988
    },
    "8": {
      "1e-05": 0.970133511832098,
      "0.05822580000000001": 0.970133511832098,
      "0.1164416": 0.970133511832098,
      "0.17465740000000002": 0.970133511832098,
      "0.23287320000000003": 0.970133511832098,
      "0.29108900000000004": 0.970133511832098,
      "0.3493048": 0.970133511832098,
      "0.40752060000000007": 0.970133511832098,
      "0.46573640000000005": 0.970133511832098,
      "0.5239522": 0.970133511832098,
      "0.582168": 0.970133511832098
    },
    "9": {
      "1e-05": 0.8683772093416426,
      "0.05822580000000001": 0.8683772093416426,
      "0.1164416": 0.8683772093416426,
      "0.17465740000000002": 0.8683772093416426,
      "0.23287320000000003": 0.8683772093416426,
      "0.29108900000000004": 0.8683772093416426,
      "0.3493048": 0.8683772093416426,
      "0.40752060000000007": 0.8683772093416426,
      "0.46573640000000005": 0.8683772093416426,
      "0.5239522": 0.8683772093416426,
      "0.582168": 0.8683772093416426
    },
    "10": {
      "1e-05": 0.7586216891307392,
      "0.05822580000000001": 0.7586216891307392,
      "0.1164416": 0.7586216891307392,
      "0.17465740000000002": 0.7586216891307392,
      "0.23287320000000003": 0.7586216891307392,
      "0.29108900000000004": 0.7586216891307392,
      "0.3493048": 0.7586216891307392,
      "0.40752060000000007": 0.7586216891307392,
      "0.46573640000000005": 0.7586216891307392,
      "0.5239522": 0.7586216891307392,
      "0.582168": 0.7586216891307392
    }
  }
}