{
  "name": "max",
  "dist": {
    "dist_name": "lognormal",
    "m": 1.6702,
    "s": 0.3815,
    "param_str": "(1.6702,0.3815)"
  },
  "num_samples": 5000,
  "timestamp": "2024-05-07 19:40:24.263810",
  "num_T": 1,
  "num_A": 1,
  "num_iterations": 10,
  "target_init_entropy": 3.066439804645831,
  "awae_data": {
    "1": {
      "1e-05": 5.598267514732028,
      "0.05263034482758621": 5.598267514732028,
      "0.10525068965517241": 5.598267514732028,
      "0.15787103448275863": 5.598267514732028,
      "0.21049137931034484": 5.598267514732028,
      "0.26311172413793105": 5.598267514732028,
      "0.31573206896551725": 5.598267514732028,
      "0.36835241379310346": 5.598267514732028,
      "0.42097275862068967": 5.598267514732028,
      "0.4735931034482759": 5.598267514732028,
      "0.526213448275862": 5.598267514732028,
      "0.5788337931034483": 5.598267514732028,
      "0.6314541379310344": 5.598267514732028,
      "0.6840744827586206": 5.598267514732028,
      "0.7366948275862069": 5.597147481040002,
      "0.7893151724137931": 5.597147481040002,
      "0.8419355172413793": 5.597147481040002,
      "0.8945558620689654": 5.597147481040002,
      "0.9471762068965517": 5.597147481040002,
      "0.999796551724138": 5.597147481040002,
      "1.0524168965517242": 5.597147481040002,
      "1.1050372413793104": 5.597147481040002,
      "1.1576575862068967": 5.597147481040002,
      "1.210277931034483": 5.597147481040002,
      "1.262898275862069": 5.597147481040002,
      "1.3155186206896552": 5.597147481040002,
      "1.3681389655172413": 5.597147481040002,
      "1.4207593103448277": 5.597147481040002,
      "1.4733796551724139": 5.652151486819026,
      "1.526": 5.652151486819026
    },
    "2": {
      "1e-05": 3.4391763834593085,
      "0.05263034482758621": 3.4391763834593085,
      "0.10525068965517241": 3.4391763834593085,
      "0.15787103448275863": 3.4391763834593085,
      "0.21049137931034484": 3.4391763834593085,
      "0.26311172413793105": 3.4391763834593085,
      "0.31573206896551725": 3.4391763834593085,
      "0.36835241379310346": 3.4391763834593085,
      "0.42097275862068967": 3.4391763834593085,
      "0.4735931034482759": 3.4391763834593085,
      "0.526213448275862": 3.4391763834593085,
      "0.5788337931034483": 3.4391763834593085,
      "0.6314541379310344": 3.4391763834593085,
      "0.6840744827586206": 3.4391763834593085,
      "0.7366948275862069": 3.4828127838510383,
      "0.7893151724137931": 3.4828127838510383,
      "0.8419355172413793": 3.4828127838510383,
      "0.8945558620689654": 3.4828127838510383,
      "0.9471762068965517": 3.4828127838510383,
      "0.999796551724138": 3.4828127838510383,
      "1.0524168965517242": 3.4828127838510383,
      "1.1050372413793104": 3.4828127838510383,
      "1.1576575862068967": 3.4828127838510383,
      "1.210277931034483": 3.4828127838510383,
      "1.262898275862069": 3.4828127838510383,
      "1.3155186206896552": 3.4828127838510383,
      "1.3681389655172413": 3.4828127838510383,
      "1.4207593103448277": 3.4828127838510383,
      "1.4733796551724139": 3.452800139223023,
      "1.526": 3.452800139223023
    },
    "3": {
      "1e-05": 2.5170683099042144,
      "0.05263034482758621": 2.5170683099042144,
      "0.10525068965517241": 2.5170683099042144,
      "0.15787103448275863": 2.5170683099042144,
      "0.21049137931034484": 2.5170683099042144,
      "0.26311172413793105": 2.5170683099042144,
      "0.31573206896551725": 2.5170683099042144,
      "0.36835241379310346": 2.5170683099042144,
      "0.42097275862068967": 2.5170683099042144,
      "0.4735931034482759": 2.5170683099042144,
      "0.526213448275862": 2.5170683099042144,
      "0.5788337931034483": 2.5170683099042144,
      "0.6314541379310344": 2.5170683099042144,
      "0.6840744827586206": 2.5170683099042144,
      "0.7366948275862069": 2.499218201070817,
      "0.7893151724137931": 2.499218201070817,
      "0.8419355172413793": 2.499218201070817,
      "0.8945558620689654": 2.499218201070817,
      "0.9471762068965517": 2.499218201070817,
      "0.999796551724138": 2.499218201070817,
      "1.0524168965517242": 2.499218201070817,
      "1.1050372413793104": 2.499218201070817,
      "1.1576575862068967": 2.499218201070817,
      "1.210277931034483": 2.499218201070817,
      "1.262898275862069": 2.499218201070817,
      "1.3155186206896552": 2.499218201070817,
      "1.3681389655172413": 2.499218201070817,
      "1.4207593103448277": 2.499218201070817,
      "1.4733796551724139": 2.4280685302256235,
      "1.526": 2.4280685302256235
    },
    "4": {
      "1e-05": 1.88597172382999,
      "0.05263034482758621": 1.88597172382999,
      "0.10525068965517241": 1.88597172382999,
      "0.15787103448275863": 1.88597172382999,
      "0.21049137931034484": 1.88597172382999,
      "0.26311172413793105": 1.88597172382999,
      "0.31573206896551725": 1.88597172382999,
      "0.36835241379310346": 1.88597172382999,
      "0.42097275862068967": 1.88597172382999,
      "0.4735931034482759": 1.88597172382999,
      "0.526213448275862": 1.88597172382999,
      "0.5788337931034483": 1.88597172382999,
      "0.6314541379310344": 1.88597172382999,
      "0.6840744827586206": 1.88597172382999,
      "0.7366948275862069": 1.9071950900160697,
      "0.7893151724137931": 1.9071950900160697,
      "0.8419355172413793": 1.9071950900160697,
      "0.8945558620689654": 1.9071950900160697,
      "0.9471762068965517": 1.9071950900160697,
      "0.999796551724138": 1.9071950900160697,
      "1.0524168965517242": 1.9071950900160697,
      "1.1050372413793104": 1.9071950900160697,
      "1.1576575862068967": 1.9071950900160697,
      "1.210277931034483": 1.9071950900160697,
      "1.262898275862069": 1.9071950900160697,
      "1.3155186206896552": 1.9071950900160697,
      "1.3681389655172413": 1.9071950900160697,
      "1.4207593103448277": 1.9071950900160697,
      "1.4733796551724139": 1.9700811356756838,
      "1.526": 1.9700811356756838
    },
    "5": {
      "1e-05": 1.524142652458245,
      "0.05263034482758621": 1.524142652458245,
      "0.10525068965517241": 1.524142652458245,
      "0.15787103448275863": 1.524142652458245,
      "0.21049137931034484": 1.524142652458245,
      "0.26311172413793105": 1.524142652458245,
      "0.31573206896551725": 1.524142652458245,
      "0.36835241379310346": 1.524142652458245,
      "0.42097275862068967": 1.524142652458245,
      "0.4735931034482759": 1.524142652458245,
      "0.526213448275862": 1.524142652458245,
      "0.5788337931034483": 1.524142652458245,
      "0.6314541379310344": 1.524142652458245,
      "0.6840744827586206": 1.524142652458245,
      "0.7366948275862069": 1.5499579221908686,
      "0.7893151724137931": 1.5499579221908686,
      "0.8419355172413793": 1.5499579221908686,
      "0.8945558620689654": 1.5499579221908686,
      "0.9471762068965517": 1.5499579221908686,
      "0.999796551724138": 1.5499579221908686,
      "1.0524168965517242": 1.5499579221908686,
      "1.1050372413793104": 1.5499579221908686,
      "1.1576575862068967": 1.5499579221908686,
      "1.210277931034483": 1.5499579221908686,
      "1.262898275862069": 1.5499579221908686,
      "1.3155186206896552": 1.5499579221908686,
      "1.3681389655172413": 1.5499579221908686,
      "1.4207593103448277": 1.5499579221908686,
      "1.4733796551724139": 1.5351289066112659,
      "1.526": 1.5351289066112659
    },
    "6": {
      "1e-05": 1.3408460777991518,
      "0.05263034482758621": 1.3408460777991518,
      "0.10525068965517241": 1.3408460777991518,
      "0.15787103448275863": 1.3408460777991518,
      "0.21049137931034484": 1.3408460777991518,
      "0.26311172413793105": 1.3408460777991518,
      "0.31573206896551725": 1.3408460777991518,
      "0.36835241379310346": 1.3408460777991518,
      "0.42097275862068967": 1.3408460777991518,
      "0.4735931034482759": 1.3408460777991518,
      "0.526213448275862": 1.3408460777991518,
      "0.5788337931034483": 1.3408460777991518,