{
  "name": "var",
  "dist": {
    "dist_name": "poisson",
    "lam": 1,
    "param_str": "(1)"
  },
  "num_samples": 5000,
  "timestamp": "2024-05-07 17:10:53.370476",
  "num_T": 1,
  "num_A": 1,
  "num_iterations": 10,
  "target_init_entropy": 2.047095585180641,
  "awae_data": {
    "1": {
      "0": 1.010604727279,
      "1": 0.6517060110645405,
      "2": 0.7559773484715293,
      "3": 0.794290818645977,
      "4": 0.9453647873536889,
      "5": 1.0284260277397141,
      "6": 1.109014658933021,
      "7": 1.142333590578402,
      "8": 1.1673510983782778,
      "9": 1.172695140298838
    },
    "2": {
      "0": 0.7172921164665084,
      "1": 0.45226703070541285,
      "2": 0.5149657813589703,
      "3": 0.4964476177415708,
      "4": 0.6862513456383639,
      "5": 0.7028009911578621,
      "6": 0.7077886303803125,
      "7": 0.7881737649083813,
      "8": 0.793185473732779,
      "9": 0.8027126506721389
    },
    "3": {
      "0": 0.499371831598982,
      "1": 0.33954039688826165,
      "2": 0.36442882728982434,
      "3": 0.34219107195810966,
      "4": 0.4580561957738342,
      "5": 0.46349876465776496,
      "6": 0.4807462398348563,
      "7": 0.575266838852406,
      "8": 0.6060425652213278,
      "9": 0.6062074275637752
    },
    "4": {
      "0": 0.37554077020840626,
      "1": 0.2764797993619914,
      "2": 0.2733647830261207,
      "3": 0.27409145490592335,
      "4": 0.323683486598555,
      "5": 0.31375172242494476,
      "6": 0.34322812327388313,
      "7": 0.4210268166931253,
      "8": 0.4524809853895261,
      "9": 0.45415329262249904
    },
    "5": {
      "0": 0.2902269356720767,
      "1": 0.23520565549251943,
      "2": 0.21821642884426348,
      "3": 0.20630527026257353,
      "4": 0.2289616392408224,
      "5": 0.22745121031468124,
      "6": 0.2470586433133529,
      "7": 0.28860932064859846,
      "8": 0.3061710267239101,
      "9": 0.3407866489720649
    },
    "6": {
      "0": 0.21867164975833822,
      "1": 0.18418965023988315,
      "2": 0.16142892516393714,
      "3": 0.155841831395274,
      "4": 0.16149353967082836,
      "5": 0.15923163583903313,
      "6": 0.16823238852018357,
      "7": 0.17944072484799176,
      "8": 0.1825388207413181,
      "9": 0.2068301768713278
    },
    "7": {
      "0": 0.1910129939453386,
      "1": 0.16690295666995145,
      "2": 0.1471336541593322,
      "3": 0.13584060830357955,
      "4": 0.13795462972339015,
      "5": 0.1359806623056207,
      "6": 0.14072794897087237,
      "7": 0.1519450436413832,
      "8": 0.1669660738290364,
      "9": 0.18145878467536944
    },
    "8": {
      "0": 0.1775831101074421,
      "1": 0.15991850806524344,
      "2": 0.14649623807208512,
      "3": 0.14323427784663126,
      "4": 0.14057915500607868,
      "5": 0.13838045408368488,
      "6": 0.14195376758824488,
      "7": 0.15252468050783,
      "8": 0.16887501406243813,
      "9": 0.18123845534530977
    },
    "9": {
      "0": 0.16236892339597891,
      "1": 0.145494635549736,
      "2": 0.13255831442615315,
      "3": 0.1317447750907843,
      "4": 0.13414268319811307,
      "5": 0.12559068924968314,
      "6": 0.1268389660565344,
      "7": 0.12973879910233949,
      "8": 0.13396286661649676,
      "9": 0.14612268038378595
    },
    "10": {
      "0": 0.12249652159474862,
      "1": 0.11421383949919872,
      "2": 0.1044138002206807,
      "3": 0.10460248005195663,
      "4": 0.10237172084978907,
      "5": 0.1036578482085179,
      "6": 0.09880099543515605,
      "7": 0.10011950322675342,
      "8": 0.10038614115769354,
      "9": 0.11106065378121563
    }
  },
  "leakage_no_attacker": {
    "1": 0.2216933679518692,
    "2": 0.2571924399008844,
    "3": 0.26341075939898617,
    "4": 0.24182127016247174,
    "5": 0.21450477231750487,
    "6": 0.1887082300016074,
    "7": 0.15244988289147193,
    "8": 0.1446031490115944,
    "9": 0.14188386383127444,
    "10": 0.12128790547765207
  }
}