{
  "name": "var",
  "dist": {
    "dist_name": "poisson",
    "lam": 2,
    "param_str": "(2)"
  },
  "num_samples": 1000,
  "num_T": 1,
  "num_A": 1,
  "num_iterations": 10,
  "target_init_entropy": 1.7048826439310045,
  "awae_data": {
    "1": {
      "0": Infinity,
      "1": Infinity,
      "2": Infinity,
      "3": Infinity,
      "4": Infinity,
      "5": Infinity,
      "6": Infinity,
      "7": Infinity,
      "8": 1.0808379407386566,
      "9": 1.0827409085295057,
      "10": 1.1233197455747066,
      "11": 1.1217010518580695,
      "12": 1.1429291991466974,
      "13": 1.1508899894609859,
      "14": 1.131559381591075,
      "15": 1.1375954355022284,
      "16": 1.134655949891435,
      "17": 1.1339472154124284,
      "18": 1.1304051714950123,
      "19": 1.1095373058072677
    },
    "2": {
      "0": 0.6139592010054346,
      "1": 0.4819461432901897,
      "2": 0.3860971040105714,
      "3": 0.41067122763137237,
      "4": 0.4649178184294008,
      "5": 0.5293822255653418,
      "6": 0.5698570076761575,
      "7": 0.6226765773026186,
      "8": 0.6354401467991723,
      "9": 0.6693650948947797,
      "10": 0.6894312957352529,
      "11": 0.697910220910017,
      "12": 0.7227927399221568,
      "13": 0.731213643949086,
      "14": 0.752298895915977,
      "15": 0.7416406498284076,
      "16": 0.7496029069546404,
      "17": 0.7735051513896812,
      "18": 0.7623476015709075,
      "19": 0.7561334392258241
    },
    "3": {
      "0": Infinity,
      "1": Infinity,
      "2": Infinity,
      "3": Infinity,
      "4": Infinity,
      "5": Infinity,
      "6": Infinity,
      "7": Infinity,
      "8": Infinity,
      "9": Infinity,
      "10": Infinity,
      "11": 0.47068946242662413,
      "12": 0.484560257001561,
      "13": 0.5282808328028592,
      "14": 0.4888082279716179,
      "15": 0.4982586173524302,
      "16": 0.5270713550489097,
      "17": 0.5105256634509321,
      "18": 0.5038692453754252,
      "19": 0.49189069910548533
    },
    "4": {
      "0": Infinity,
      "1": Infinity,
      "2": Infinity,
      "3": Infinity,
      "4": Infinity,
      "5": Infinity,
      "6": Infinity,
      "7": Infinity,
      "8": Infinity,
      "9": Infinity,
      "10": Infinity,
      "11": 0.34218384474025876,
      "12": 0.3324477734330472,
      "13": 0.3385284167540414,
      "14": 0.32969199062454657,
      "15": 0.35204995446295817,
      "16": 0.34532969517613177,
      "17": 0.36461502945178087,
      "18": 0.35856743722460804,
      "19": 0.35539471936073225
    },
    "5": {
      "0": Infinity,
      "1": Infinity,
      "2": Infinity,
      "3": Infinity,
      "4": Infinity,
      "5": Infinity,
      "6": Infinity,
      "7": Infinity,
      "8": Infinity,
      "9": Infinity,
      "10": Infinity,
      "11": 0.2354111707898201,
      "12": 0.25778120782689296,
      "13": 0.271629092980424,
      "14": 0.25707707769478905,
      "15": 0.29140557708367354,
      "16": 0.2932201249073456,
      "17": 0.2657870853442581,
      "18": 0.2901963197309668,
      "19": 0.26528052870087504
    },
    "6": {
      "0": 0.14510434750444237,
      "1": 0.12897029884463418,
      "2": 0.11396895792191764,
      "3": 0.12066737096980465,
      "4": 0.1214062722132406,
      "5": 0.1157277974410635,
      "6": 0.11255975884352465,
      "7": 0.12625020769269035,
      "8": 0.11729363423894223,
      "9": 0.12310905514582353,
      "10": 0.12921013070404727,
      "11": 0.13125680867683345,
      "12": 0.127308439354658,
      "13": 0.14400253636445143,
      "14": 0.13818211158513236,
      "15": 0.14372367450415272,
      "16": 0.15628768728924833,
      "17": 0.16870639418262953,
      "18": 0.17453119119412971,
      "19": 0.16906734835598933
    },
    "7": {
      "0": Infinity,
      "1": Infinity,
      "2": Infinity,
      "3": Infinity,
      "4": Infinity,
      "5": Infinity,
      "6": Infinity,
      "7": Infinity,
      "8": Infinity,
      "9": Infinity,
      "10": Infinity,
      "11": 0.16841435717867498,
      "12": 0.16830896574488288,
      "13": 0.17723553594797864,
      "14": 0.1653148754693698,
      "15": 0.16361909820000084,
      "16": 0.17832895946279206,
      "17": 0.18000936327818778,
      "18": 0.19668840756945655,
      "19": 0.16236938224063527
    },
    "8": {
      "0": Infinity,
      "1": Infinity,
      "2": Infinity,
      "3": Infinity,
      "4": Infinity,
      "5": Infinity,
      "6": Infinity,
      "7": Infinity,
      "8": Infinity,
      "9": Infinity,
      "10": Infinity,
      "11": Infinity,
      "12": Infinity,
      "13": 0.1832529387574025,
      "14": 0.1703120682728853,
      "15": 0.17252024283756012,
      "16": 0.1841160553933653,
      "17": 0.18089406031385263,
      "18": 0.18423368203492235,
      "19": 0.1753817176173504
    },
    "9": {
      "0": Infinity,
      "1": Infinity,
      "2": Infinity,
      "3": Infinity,
      "4": Infinity,
      "5": Infinity,
      "6": Infinity,
      "7": Infinity,
      "8": Infinity,
      "9": Infinity,
      "10": Infinity,
      "11": Infinity,
      "12": 0.14991899055699848,
      "13": 0.14781846562142448,
      "14": 0.15540467387978601,
      "15": 0.14656608330177437,
      "16": 0.14308543531860088,
      "17": 0.17545559262587473,
      "18": 0.1640592289161107,
      "19": 0.1664430049989889
    },
    "10": {
      "0": Infinity,
      "1": Infinity,
      "2": Infinity,
      "3": Infinity,
      "4": Infinity,
      "5": Infinity,
      "6": Infinity,
      "7": Infinity,
      "8": Infinity,
      "9": Infinity,
      "10": Infinity,
      "11": Infinity,
      "12": Infinity,
      "13": 0.14825315170343467,
      "14": 0.1372678166606306,
      "15": 0.14197956478712417,
      "16": 0.14034687417916025,
      "17": 0.150325203932676,
      "18": 0.137409340064713,
      "19": 0.15971840317016486
    }
  }
}