{
  "name": "var",
  "dist": {
    "dist_name": "poisson",
    "lam": 2,
    "param_str": "(2)"
  },
  "num_samples": 5000,
  "timestamp": "2024-05-03 16:56:02.341087",
  "num_T": 1,
  "num_A": 1,
  "num_iterations": 10,
  "target_init_entropy": 2.547095585180641,
  "awae_data": {
    "1": {
      "0": 1.3704936092262885,
      "1": 1.1010602468710624,
      "2": 0.9190099664932351,
      "3": 0.985699903782263,
      "4": 1.1398165551317723,
      "5": 1.256826561298538,
      "6": 1.3724698357742902,
      "7": 1.472699530458958,
      "8": 1.5494250550683892,
      "9": 1.5684164759864934,
      "10": 1.6153704818881551,
      "11": 1.638529082063123,
      "12": 1.6510681452467797,
      "13": 1.6565842745150108,
      "14": 1.6564633625134477,
      "15": 1.6597053910187658,
      "16": 1.6565362491270623,
      "17": 1.6513335449549373,
      "18": 1.660665640493265,
      "19": 1.630219229611163
    },
    "2": {
      "0": 0.8903576276822636,
      "1": 0.6716352738497355,
      "2": 0.5694200067895556,
      "3": 0.5989237893520425,
      "4": 0.6970017096417758,
      "5": 0.7614290808713822,
      "6": 0.8357639977991583,
      "7": 0.9038411309414351,
      "8": 0.9180318592905128,
      "9": 0.9792495807084454,
      "10": 1.010656131554167,
      "11": 1.033763252186985,
      "12": 1.071464668201274,
      "13": 1.0787132284878698,
      "14": 1.105985882781969,
      "15": 1.1067070746785341,
      "16": 1.1248296904844033,
      "17": 1.160818270020512,
      "18": 1.1493880577031896,
      "19": 1.146501173465707
    },
    "3": {
      "0": 0.5403460515269917,
      "1": 0.41258753973106443,
      "2": 0.35472185286113217,
      "3": 0.36359527311403833,
      "4": 0.4170617084750936,
      "5": 0.43945740645216774,
      "6": 0.48482129829836396,
      "7": 0.5403218096433762,
      "8": 0.6043763976428169,
      "9": 0.6829379671313416,
      "10": 0.7072257804994777,
      "11": 0.6802293445902996,
      "12": 0.6989595597554448,
      "13": 0.7760548609845588,
      "14": 0.7354296414211626,
      "15": 0.7594303475765944,
      "16": 0.7808989266843525,
      "17": 0.7832224274190678,
      "18": 0.7784219220050583,
      "19": 0.7595930309247108
    },
    "4": {
      "0": 0.3565491685753016,
      "1": 0.2840732381331911,
      "2": 0.24877416689149143,
      "3": 0.2407236269635184,
      "4": 0.26767151676299566,
      "5": 0.2721678206934347,
      "6": 0.2988604343800383,
      "7": 0.34701268213585673,
      "8": 0.3823659309592242,
      "9": 0.4177433022609728,
      "10": 0.46346977374970366,
      "11": 0.4901114228911109,
      "12": 0.4875537623858154,
      "13": 0.5061167351243359,
      "14": 0.508405130637104,
      "15": 0.5062904040585219,
      "16": 0.5368899936467642,
      "17": 0.5359186995018118,
      "18": 0.5425274342150193,
      "19": 0.5415494704321698
    },
    "5": {
      "0": 0.2528247241902525,
      "1": 0.20962768870866624,
      "2": 0.1889658690319125,
      "3": 0.17722009630075605,
      "4": 0.1904062151462739,
      "5": 0.19323700005856767,
      "6": 0.20672723581868793,
      "7": 0.21054815780841865,
      "8": 0.24045640252752873,
      "9": 0.25018995681807377,
      "10": 0.28902213506088115,
      "11": 0.3119106805916549,
      "12": 0.35438188562686573,
      "13": 0.3532104129109604,
      "14": 0.3528040241720422,
      "15": 0.3710637308216757,
      "16": 0.39270248058031454,
      "17": 0.3725869707731807,
      "18": 0.3678511205864622,
      "19": 0.3613824107618039
    },
    "6": {
      "0": 0.18293518475475118,
      "1": 0.15862527498100168,
      "2": 0.14395101821612633,
      "3": 0.13618975537156214,
      "4": 0.13945149041124896,
      "5": 0.13849106579190806,
      "6": 0.14256175990659803,
      "7": 0.14495151162926648,
      "8": 0.1465914487867797,
      "9": 0.14852570490694578,
      "10": 0.15589473424622413,
      "11": 0.16322062198013643,
      "12": 0.16482307833581228,
      "13": 0.17075528762802733,
      "14": 0.17456463175823772,
      "15": 0.17647994919618673,
      "16": 0.184335723273239,
      "17": 0.18736422996507932,
      "18": 0.1960437419981771,
      "19": 0.19866776005199863
    },
    "7": {
      "0": 0.15843685455502027,
      "1": 0.14684862454484898,
      "2": 0.12910022993289338,
      "3": 0.12250876215429432,
      "4": 0.12231430381399755,
      "5": 0.12460550220317064,
      "6": 0.12461148486382767,
      "7": 0.12690645949014168,
      "8": 0.13795535088698554,
      "9": 0.1444057182229735,
      "10": 0.15271362635085303,
      "11": 0.17935329328537933,
      "12": 0.20305763994151035,
      "13": 0.19377772208725985,
      "14": 0.19627485288354124,
      "15": 0.1976522663715486,
      "16": 0.20445752411519563,
      "17": 0.20878034484123628,
      "18": 0.2086547738115195,
      "19": 0.19659841491145547
    },
    "8": {
      "0": 0.14177258724519454,
      "1": 0.12783974486087432,
      "2": 0.11885627148948312,
      "3": 0.11358392806301507,
      "4": 0.11439408460099046,
      "5": 0.11271121895781581,
      "6": 0.11591843380284413,
      "7": 0.11666596963092571,
      "8": 0.12348657120752674,
      "9": 0.12886880217165886,
      "10": 0.1372255518328025,
      "11": 0.17164702528001197,
      "12": 0.18665127351046365,
      "13": 0.18973371479148568,
      "14": 0.1771886219402742,
      "15": 0.1815020635364764,
      "16": 0.19153621140141527,
      "17": 0.18944160855326325,
      "18": 0.18946068249352385,
      "19": 0.19134322053502575
    },
    "9": {
      "0": 0.12803190206735024,
      "1": 0.1234118935500935,
      "2": 0.11325938885080725,
      "3": 0.10623830349242305,
      "4": 0.10463038631485189,
      "5": 0.10205293539554619,
      "6": 0.10242605397325348,
      "7": 0.1086986466225331,
      "8": 0.10856309443620633,
      "9": 0.1158798962955295,
      "10": 0.12691703679993252,
      "11": 0.13825973206367745,
      "12": 0.16196646992440972,
      "13": 0.15523828668930012,
      "14": 0.14466125278702946,
      "15": 0.1456269046016449,
      "16": 0.15413738109359715,
      "17": 0.15654486883027624,
      "18": 0.15668060180273463,
      "19": 0.15798371015501217
    },
    "10": {
      "0": 0.11174226603540631,
      "1": 0.10607744009267447,
      "2": 0.10044811431618617,
      "3": 0.09322226622410397,
      "4": 0.09419737063118426,
      "5": 0.08833652466803296,
      "6": 0.08732553711349918,
      "7": 0.08959489427513107,
      "8": 0.09329718490640651,
      "9": 0.09042508722255058,
      "10": 0.09810902674283337,
      "11": 0.1099926863854406,
      "12": 0.11115971651579988,
      "13": 0.11100051568549671,
      "14": 0.1097689390372294,
      "15": 0.12287023474562217,
      "16": 0.1271273577839777,
      "17": 0.11778252034526004,
      "18": 0.12424232220476436,
      "19": 0.1274929030970074
    }
  }
}