{
  "name": "var",
  "dist": {
    "dist_name": "poisson",
    "lam": 2,
    "param_str": "(2)"
  },
  "num_samples": 5000,
  "timestamp": "2024-05-07 17:17:00.722327",
  "num_T": 1,
  "num_A": 1,
  "num_iterations": 10,
  "target_init_entropy": 2.547095585180641,
  "awae_data": {
    "1": {
      "0": 1.3673605512473628,
      "1": 1.0998762881028898,
      "2": 0.9179180823687074,
      "3": 0.9846090823995768,
      "4": 1.1401823764581738,
      "5": 1.2596841770702634,
      "6": 1.374256227110646,
      "7": 1.470922377683436,
      "8": 1.550692300211046,
      "9": 1.5687219774349128,
      "10": 1.6146782176103198,
      "11": 1.637896456278218,
      "12": 1.6493227576305542,
      "13": 1.654283386066,
      "14": 1.6491359259201246,
      "15": 1.6525358679150652,
      "16": 1.6490450987086667,
      "17": 1.6439114503351295,
      "18": 1.6535754980538417,
      "19": 1.6211427711311504
    },
    "2": {
      "0": 0.8918027562265344,
      "1": 0.666245367119733,
      "2": 0.5692152374516154,
      "3": 0.5953496003993444,
      "4": 0.6887596664970865,
      "5": 0.7510472999776491,
      "6": 0.8395128342728395,
      "7": 0.8997843255460486,
      "8": 0.9168345895160422,
      "9": 0.9739174799686376,
      "10": 1.0133403224700497,
      "11": 1.0235767112718492,
      "12": 1.0666416375095766,
      "13": 1.0765326014047398,
      "14": 1.112419623294802,
      "15": 1.1051117749152797,
      "16": 1.1317704689229917,
      "17": 1.1608894158858583,
      "18": 1.1522400417763219,
      "19": 1.146609122945259
    },
    "3": {
      "0": 0.5384653608738892,
      "1": 0.4130958334969056,
      "2": 0.35092200453695227,
      "3": 0.36183735577651255,
      "4": 0.4105653397677237,
      "5": 0.4410980455095107,
      "6": 0.48324719789129256,
      "7": 0.5487151705366089,
      "8": 0.6084014856608642,
      "9": 0.6836907889301294,
      "10": 0.7120376973420262,
      "11": 0.6821849617191993,
      "12": 0.7002583438782795,
      "13": 0.7748403323637677,
      "14": 0.7424764569271316,
      "15": 0.766171758548922,
      "16": 0.7880396888031826,
      "17": 0.793264039103305,
      "18": 0.7818148866647558,
      "19": 0.7656361748457299
    },
    "4": {
      "0": 0.35172600930125536,
      "1": 0.28459258448953817,
      "2": 0.24935396536000468,
      "3": 0.2424362646712092,
      "4": 0.26831566878229085,
      "5": 0.2720926400461881,
      "6": 0.29175411019958847,
      "7": 0.34167720981624716,
      "8": 0.3778825862986337,
      "9": 0.4179253166240769,
      "10": 0.45623882050519365,
      "11": 0.4848004349218325,
      "12": 0.48212148073806577,
      "13": 0.49882115264503624,
      "14": 0.48956040270958495,
      "15": 0.4937207738001749,
      "16": 0.5266461269983926,
      "17": 0.5289768081497428,
      "18": 0.5331492696029769,
      "19": 0.5362623660339889
    },
    "5": {
      "0": 0.25293763455152196,
      "1": 0.21078331775207496,
      "2": 0.18497337763201335,
      "3": 0.1751581287445198,
      "4": 0.188901559698165,
      "5": 0.19169136850895,
      "6": 0.20503836863023722,
      "7": 0.20334345710874394,
      "8": 0.23413361826954157,
      "9": 0.2451358910151186,
      "10": 0.28706345307911896,
      "11": 0.3128574292993614,
      "12": 0.353045881077929,
      "13": 0.36015723202069216,
      "14": 0.34375372809663396,
      "15": 0.3678226985662823,
      "16": 0.3846013538155964,
      "17": 0.3703659018570888,
      "18": 0.366823452820339,
      "19": 0.3604429758968294
    },
    "6": {
      "0": 0.18811972891085718,
      "1": 0.16660628112301604,
      "2": 0.14798914023278137,
      "3": 0.14153042278765243,
      "4": 0.14399638761497618,
      "5": 0.1435763500475341,
      "6": 0.14669682418324256,
      "7": 0.14655907127619944,
      "8": 0.14871475738223078,
      "9": 0.1527608883424261,
      "10": 0.15613487672001575,
      "11": 0.15849582300489948,
      "12": 0.16384980370630234,
      "13": 0.1711694465953977,
      "14": 0.17710553978117904,
      "15": 0.18373315046708116,
      "16": 0.18996930877904178,
      "17": 0.1930470852848986,
      "18": 0.20237781628209245,
      "19": 0.20421941104715283
    },
    "7": {
      "0": 0.15498701418153055,
      "1": 0.13996967134674015,
      "2": 0.12788660312646477,
      "3": 0.11885241930339856,
      "4": 0.12182078773268239,
      "5": 0.12005916059405966,
      "6": 0.1248268747388572,
      "7": 0.12751663024859003,
      "8": 0.13260681743351316,
      "9": 0.1421489848448922,
      "10": 0.15557539163292328,
      "11": 0.18085002056953067,
      "12": 0.20211865295927772,
      "13": 0.19281332082493693,
      "14": 0.19206140943993252,
      "15": 0.19458770728686023,
      "16": 0.19821086517695075,
      "17": 0.20506814142844512,
      "18": 0.20417568273686246,
      "19": 0.19080940957441783
    },
    "8": {
      "0": 0.13859486053297163,
      "1": 0.1269869368790667,
      "2": 0.11811025107995254,
      "3": 0.10959780223781505,
      "4": 0.10943694764413928,
      "5": 0.11053112088747304,
      "6": 0.1101214047297536,
      "7": 0.11245522325374732,
      "8": 0.11469523143632669,
      "9": 0.12703483234841734,
      "10": 0.13756207879347068,
      "11": 0.1673764250690113,
      "12": 0.18739219318427897,
      "13": 0.18794574706719117,
      "14": 0.17654406128572325,
      "15": 0.17855424500573397,
      "16": 0.1816669113376028,
      "17": 0.1818499213755956,
      "18": 0.18485098747975803,
      "19": 0.18854876448776556
    },
    "9": {
      "0": 0.12930886650482282,
      "1": 0.1175702965173457,
      "2": 0.11167616445896815,
      "3": 0.10457552402414864,
      "4": 0.10392819941594145,
      "5": 0.1018231096273157,
      "6": 0.10473864413099918,
      "7": 0.10715112266317676,
      "8": 0.1100219419804745,
      "9": 0.11507578330950992,
      "10": 0.12882330985094087,
      "11": 0.14290903429043048,
      "12": 0.1607684630705355,
      "13": 0.15647097176662897,
      "14": 0.14991352506054959,
      "15": 0.14461143316283448,
      "16": 0.1607137479552624,
      "17": 0.16273958776304745,
      "18": 0.15554055791720683,
      "19": 0.16155008473622295
    },
    "10": {
      "0": 0.11194362763691187,
      "1": 0.10784335698261434,
      "2": 0.09869409454777389,
      "3": 0.09773712396362803,
      "4": 0.09627924785900657,
      "5": 0.09096312344815732,
      "6": 0.09194326693623597,
      "7": 0.09981749930519158,
      "8": 0.09645111963615818,
      "9": 0.10119265564025814,
      "10": 0.10708754946483809,
      "11": 0.11236238954458103,
      "12": 0.12243985449579198,
      "13": 0.11964243287187673,
      "14": 0.122461538730399,
      "15": 0.12907655729446924,
      "16": 0.1312761886721345,
      "17": 0.12454544298619778,
      "18": 0.1266608029227106,
      "19": 0.13279178563047805
    }
  },
  "leakage_no_attacker": {
    "1": 0.18972915143002156,
    "2": 0.21107695900793236,
    "3": 0.20422604329271038,
    "4": 0.1829375230520162,
    "5": 0.15198047735267184,
    "6": 0.14014589765031313,
    "7": 0.11578783057147643,
    "8": 0.10851635679557245,
    "9": 0.10639677825872203,
    "10": 0.09843226111864431
  }
}