{
  "name": "var",
  "dist": {
    "dist_name": "poisson",
    "lam": 4,
    "param_str": "(4)"
  },
  "num_samples": 5000,
  "timestamp": "2024-05-03 17:03:49.183073",
  "num_T": 1,
  "num_A": 1,
  "num_iterations": 10,
  "target_init_entropy": 3.047095585180641,
  "awae_data": {
    "1": {
      "0": 1.793218266910537,
      "1": 1.6930839326882094,
      "2": 1.5197504927074588,
      "3": 1.2978108526270866,
      "4": 1.1891167582621494,
      "5": 1.253083342105709,
      "6": 1.4183507533785722,
      "7": 1.5772387258813152,
      "8": 1.6777609707974896,
      "9": 1.755648559301506,
      "10": 1.8349084121128638,
      "11": 1.9122445685710658,
      "12": 2.0130803886366184,
      "13": 2.0275298613520674,
      "14": 2.0767512733895543,
      "15": 2.0550369563662176,
      "16": 2.0279018797336255,
      "17": 2.0448356877432454,
      "18": 2.122148366630321,
      "19": 2.0785798827377415,
      "20": 2.0709014709992815,
      "21": 2.082251220068458,
      "22": 2.093302475389102,
      "23": 2.0959632500191656,
      "24": 2.0890687525197604,
      "25": 2.096952005563433,
      "26": 2.1158250512106833,
      "27": 2.130285782635486,
      "28": 2.130376470742879,
      "29": 2.1323433274532992,
      "30": 2.1328170684040093,
      "31": 2.132938121264817,
      "32": 2.133729837735526,
      "33": 2.1336033967399244,
      "34": 2.1308230352150637,
      "35": 2.133661088386056,
      "36": 2.1336552856079436,
      "37": 2.13237352663778,
      "38": 2.133792771656672,
      "39": 2.1312625033140202
    },
    "2": {
      "0": 1.0544008784387582,
      "1": 0.9770519830405295,
      "2": 0.8612006398110259,
      "3": 0.7313031077891028,
      "4": 0.663977112527714,
      "5": 0.7052763993333486,
      "6": 0.7875326719435114,
      "7": 0.8627472469088184,
      "8": 0.9281006735946933,
      "9": 0.9745630242672085,
      "10": 1.0211537816021528,
      "11": 1.0572808787602543,
      "12": 1.093843748182439,
      "13": 1.1285964427775739,
      "14": 1.171321033415066,
      "15": 1.2073769906077565,
      "16": 1.236832276712307,
      "17": 1.2648130053437412,
      "18": 1.3050673225323153,
      "19": 1.3232856228111671,
      "20": 1.3265167038506362,
      "21": 1.3485257393418446,
      "22": 1.382507429943193,
      "23": 1.3981843801106224,
      "24": 1.4077000561221291,
      "25": 1.41677218007433,
      "26": 1.4269647146149462,
      "27": 1.4285689240903454,
      "28": 1.437641599483627,
      "29": 1.4459061340452515,
      "30": 1.4530817956646183,
      "31": 1.4541657747165233,
      "32": 1.4725281353959008,
      "33": 1.4751347133971695,
      "34": 1.4763003678500985,
      "35": 1.4822308085908682,
      "36": 1.4866775356246407,
      "37": 1.4853977301993049,
      "38": 1.4929432200798831,
      "39": 1.4966153218143052
    },
    "3": {
      "0": 0.5927942262812362,
      "1": 0.5457564105368424,
      "2": 0.4738126511008744,
      "3": 0.4026001058885895,
      "4": 0.3611111904170617,
      "5": 0.36605315506889863,
      "6": 0.40647163354035437,
      "7": 0.4423672414930371,
      "8": 0.4811581443087647,
      "9": 0.5182235787792266,
      "10": 0.5558704680091835,
      "11": 0.5741827044318177,
      "12": 0.6086528984417946,
      "13": 0.6446363697573598,
      "14": 0.7078330252018042,
      "15": 0.7363120654968233,
      "16": 0.7528857541895143,
      "17": 0.7630033022019035,
      "18": 0.7895243912609401,
      "19": 0.8209300343065349,
      "20": 0.8202400244951722,
      "21": 0.7981534910184717,
      "22": 0.7985042482028974,
      "23": 0.8096745191413811,
      "24": 0.8539243839258852,
      "25": 0.8704576812659832,
      "26": 0.877089291538795,
      "27": 0.90574373825947,
      "28": 0.8975951551714347,
      "29": 0.8815318794500382,
      "30": 0.8767184603491417,
      "31": 0.869630361737822,
      "32": 0.8686716743532916,
      "33": 0.8827538911354743,
      "34": 0.904304784223636,
      "35": 0.916955504116683,
      "36": 0.9002245411056539,
      "37": 0.8815337691443812,
      "38": 0.9019220184151889,
      "39": 0.9190375113344063
    },
    "4": {
      "0": 0.3748702917852525,
      "1": 0.350246520489528,
      "2": 0.30649864300135254,
      "3": 0.27024257014207553,
      "4": 0.24401023413876785,
      "5": 0.24639606995375368,
      "6": 0.2623217639202424,
      "7": 0.2797300866732798,
      "8": 0.3008346618826859,
      "9": 0.31933617416630294,
      "10": 0.3312806381898804,
      "11": 0.35123747118475446,
      "12": 0.3775498531334497,
      "13": 0.40260129423891433,
      "14": 0.4313375360917727,
      "15": 0.4492750111600712,
      "16": 0.4628816930938416,
      "17": 0.47975726196929536,
      "18": 0.4889027717638751,
      "19": 0.4893514439693371,
      "20": 0.49586480606001804,
      "21": 0.4915679084740642,
      "22": 0.5102244639844755,
      "23": 0.5246746270740836,
      "24": 0.5250073924835359,
      "25": 0.5476992451632023,
      "26": 0.5287220070593796,
      "27": 0.5256751237476676,
      "28": 0.5239981995125332,
      "29": 0.5356225810516111,
      "30": 0.5685064000424513,
      "31": 0.5687669118216014,
      "32": 0.5569371477226579,
      "33": 0.5505110391074535,
      "34": 0.56072307015113,
      "35": 0.5509731257046686,
      "36": 0.5557422481944131,
      "37": 0.5607568999464576,
      "38": 0.55792112935757,
      "39": 0.558340466463015
    },
    "5": {
      "0": 0.2621332598460867,
      "1": 0.24381521113121138,
      "2": 0.21932775247813557,
      "3": 0.19783355457450022,
      "4": 0.18239975561578015,
      "5": 0.17830987578174434,
      "6": 0.1884708319749371,
      "7": 0.19330671831985785,
      "8": 0.20555731041598788,
      "9": 0.21508734005481078,
      "10": 0.2293511754632421,
      "11": 0.24861011398463345,
      "12": 0.2658944814354868,
      "13": 0.3114341306632059,
      "14": 0.33229399220176653,
      "15": 0.3195032357837533,
      "16": 0.3192177115935464,
      "17": 0.33674066056308494,
      "18": 0.3397388624869825,
      "19": 0.33600718678578645,
      "20": 0.3243327734815446,
      "21": 0.33067307842506805,
      "22": 0.3403442354505407,
      "23": 0.36464326156363486,
      "24": 0.3708357339240558,
      "25": 0.3913202648293548,
      "26": 0.39872662871806985,
      "27": 0.3802318256956617,
      "28": 0.35257182506080376,
      "29": 0.36962836788516684,
      "30": 0.39465208287530273,
      "31": 0.3972739646508513,
      "32": 0.3860554372614122,
      "33": 0.3964688711185551,
      "34": 0.39015883091128734,
      "35": 0.4051434177434805,
      "36": 0.39698444440387964,
      "37": 0.38841544794302924,
      "38": 0.37595670691400346,
      "39": 0.3803102288931745
    },
    "6": {
      "0": 0.18934876511985071,
      "1": 0.17993797578720855,
      "2": 0.16605300812137488,
      "3": 0.15688394496875707,
      "4": 0.14745659733889435,
      "5": 0.13878568781807699,
      "6": 0.14549167757773368,
      "7": 0.1475468049445299,
      "8": 0.14891624293797365,
      "9": 0.15073128236598263,
      "10": 0.15198190242234255,
      "11": 0.15521607772594553,
      "12": 0.15728951817711456,
      "13": 0.15391125577213077,
      "14": 0.15396428885824678,
      "15": 0.15797305615037555,
      "16": 0.16309616666242718,
      "17": 0.1588565207760156,
      "18": 0.16515678812008608,
      "19": 0.16980980161513354,
      "20": 0.17580929455746233,
      "21": 0.17322449114751662,
      "22": 0.18145268220980154,
      "23": 0.18656811397977885,
      "24": 0.1835898356727534,
      "25": 0.18785758627614038,
      "26": 0.1979789455566187,
      "27": 0.20317385092798554,
      "28": 0.19729630038231913,
      "29": 0.2025494049212711,
      "30": 0.20539493260691394,
      "31": 0.20531494919359364,
      "32": 0.22150826357548362,
      "33": 0.22596392447445815,
      "34": 0.2296609063554626,
      "35": 0.22950460108079623,
      "36": 0.23882659824942762,
      "37": 0.2388378720156285,
      "38": 0.24186901245101575,