{
  "name": "var",
  "dist": {
    "dist_name": "poisson",
    "lam": 4,
    "param_str": "(4)"
  },
  "num_samples": 1000,
  "num_T": 1,
  "num_A": 1,
  "num_iterations": 10,
  "target_init_entropy": 2.0866726998809635,
  "awae_data": {
    "1": {
      "0": 1.2211258606088655,
      "1": Infinity,
      "2": Infinity,
      "3": Infinity,
      "4": Infinity,
      "5": Infinity,
      "6": Infinity,
      "7": Infinity,
      "8": Infinity,
      "9": Infinity,
      "10": Infinity,
      "11": 1.316136887444102,
      "12": 1.3855070776293992,
      "13": 1.3910002875541925,
      "14": 1.4219405252511828,
      "15": 1.4032479515496854,
      "16": 1.3774895070053146,
      "17": 1.394447910289335,
      "18": 1.4274225843136839,
      "19": 1.4061923824722278,
      "20": 1.4037264026715826,
      "21": 1.4037856508229694,
      "22": 1.4022757983867065,
      "23": 1.4128569548246772,
      "24": 1.4122127291241928,
      "25": 1.4048021271992157,
      "26": 1.4203297979159668,
      "27": 1.413819059357081,
      "28": 1.4485311832262302,
      "29": 1.4393571978321007,
      "30": 1.4380604851836658,
      "31": 1.4342328562541307,
      "32": 1.4354186043587487,
      "33": 1.4395444928593983,
      "34": 1.4383429879936414,
      "35": 1.4423655389064023,
      "36": 1.433254574318958,
      "37": 1.4303842917811829,
      "38": 1.4404810126195344,
      "39": 1.4352888733013036
    },
    "2": {
      "0": 0.7146912612509032,
      "1": 0.6758138406793346,
      "2": 0.5924232258717781,
      "3": 0.5046077722986254,
      "4": 0.4561272437606486,
      "5": 0.4810172689155106,
      "6": 0.5434160995759962,
      "7": 0.589307757676383,
      "8": 0.6314860621337107,
      "9": 0.6674999135179008,
      "10": 0.6904392619170118,
      "11": 0.7017623867573926,
      "12": 0.7259697513169578,
      "13": 0.7542232108543085,
      "14": 0.7873204776745625,
      "15": 0.8020401517802671,
      "16": 0.8155651209559835,
      "17": 0.8329238357206439,
      "18": 0.8401662956427804,
      "19": 0.8544363689049996,
      "20": 0.8575110959589753,
      "21": 0.8679822167657874,
      "22": 0.8710308298190934,
      "23": 0.8939339192519113,
      "24": 0.8835816403029526,
      "25": 0.8954176047486376,
      "26": 0.9136733324662517,
      "27": 0.9068282316377656,
      "28": 0.921042893335408,
      "29": 0.9170508708413285,
      "30": 0.9144489901636443,
      "31": 0.9434720256989761,
      "32": 0.9466533516020448,
      "33": 0.9539569821190174,
      "34": 0.9428076450180611,
      "35": 0.961413691017969,
      "36": 0.9457882504046434,
      "37": 0.9550851071414878,
      "38": 0.9478255951820914,
      "39": 0.93123743287686
    },
    "3": {
      "0": Infinity,
      "1": Infinity,
      "2": Infinity,
      "3": Infinity,
      "4": Infinity,
      "5": Infinity,
      "6": Infinity,
      "7": Infinity,
      "8": Infinity,
      "9": Infinity,
      "10": Infinity,
      "11": Infinity,
      "12": Infinity,
      "13": 0.4504007772286223,
      "14": 0.4878292960661298,
      "15": 0.5048391655311592,
      "16": 0.5049109317084617,
      "17": 0.5095762209917901,
      "18": 0.5278271680254473,
      "19": 0.5422120813098655,
      "20": 0.5344091225960687,
      "21": 0.5092196167771503,
      "22": 0.5095370499442363,
      "23": 0.5417629089503212,
      "24": 0.5476237435957346,
      "25": 0.5356209641495084,
      "26": 0.5454798937417461,
      "27": 0.5399705781451642,
      "28": 0.5486284203584977,
      "29": 0.5416954794483594,
      "30": 0.5380832264687797,
      "31": 0.5604970526686857,
      "32": 0.5280888836597353,
      "33": 0.5548843214366439,
      "34": 0.5575695328946348,
      "35": 0.5693884959031001,
      "36": 0.5396336221819779,
      "37": 0.5518198059739264,
      "38": 0.5660978630082607,
      "39": 0.5669526703083265
    },
    "4": {
      "0": Infinity,
      "1": Infinity,
      "2": Infinity,
      "3": Infinity,
      "4": Infinity,
      "5": Infinity,
      "6": Infinity,
      "7": Infinity,
      "8": Infinity,
      "9": Infinity,
      "10": Infinity,
      "11": Infinity,
      "12": Infinity,
      "13": 0.3161904984596443,
      "14": 0.31510629146339086,
      "15": 0.32899542717893726,
      "16": 0.3225663846011883,
      "17": 0.3401953377050879,
      "18": 0.3574907875877473,
      "19": 0.34175805589094493,
      "20": 0.3383936393867705,
      "21": 0.34907766488819114,
      "22": 0.35207542359424016,
      "23": 0.37020719779132805,
      "24": 0.3409586610770068,
      "25": 0.3610454583948979,
      "26": 0.3420541295878737,
      "27": 0.3435688548610224,
      "28": 0.36316240909133946,
      "29": 0.36902579477441066,
      "30": 0.35756058642228006,
      "31": 0.3550514221629019,
      "32": 0.38592159806474824,
      "33": 0.3784655779081696,
      "34": 0.3609181300589398,
      "35": 0.3713928704033105,
      "36": 0.36592264696848076,
      "37": 0.3690131467080222,
      "38": 0.38103642537689014,
      "39": 0.3940021030838472
    },
    "5": {
      "0": Infinity,
      "1": Infinity,
      "2": Infinity,
      "3": Infinity,
      "4": Infinity,
      "5": Infinity,
      "6": Infinity,
      "7": Infinity,
      "8": Infinity,
      "9": Infinity,
      "10": Infinity,
      "11": Infinity,
      "12": Infinity,
      "13": Infinity,
      "14": 0.27169357147525136,
      "15": 0.25761034660772786,
      "16": 0.2793288567039538,
      "17": 0.26731784248962553,
      "18": 0.2546359378120108,
      "19": 0.26447392852861584,
      "20": 0.2714247247159144,
      "21": 0.2722390270694467,
      "22": 0.27930117874077187,
      "23": 0.28169136662969435,
      "24": 0.25997423408611053,
      "25": 0.28474932893055105,
      "26": 0.2698775318258354,
      "27": 0.27838380626857906,
      "28": 0.290332711857879,
      "29": 0.2612101651042766,
      "30": 0.2791276605112012,
      "31": 0.277461964138846,
      "32": 0.2798497661563485,
      "33": 0.2974469309242521,
      "34": 0.27498553998048686,
      "35": 0.287843518088451,
      "36": 0.28785574775688383,
      "37": 0.28779652230047365,
      "38": 0.2664757358835994,
      "39": 0.2827909515157695
    },
    "6": {
      "0": 0.19351120712118286,
      "1": 0.1854991844837285,
      "2": 0.1666505938157666,
      "3": 0.15958564882316623,
      "4": 0.14196417754284432,
      "5": 0.14506438028590818,
      "6": 0.135818447373649,
      "7": 0.14172951996158334,
      "8": 0.14604335002157534,
      "9": 0.16375769104045282,
      "10": 0.1444204078319011,
      "11": 0.14566875445362304,
      "12": 0.17189883342048434,
      "13": 0.14632531227421486,
      "14": 0.16553394246429654,
      "15": 0.17526987191816834,
      "16": 0.17199659441623058,
      "17": 0.18330611349764125,
      "18": 0.19076694830663496,
      "19": 0.1635548426162753,
      "20": 0.1909161840964671,
      "21": 0.1994207497920524,
      "22": 0.1880179957478775,
      "23": 0.20762723429423752,
      "24": 0.2033755754907533,
      "25": 0.19447712235349462,
      "26": 0.21242019530033568,
      "27": 0.2192448531162882,
      "28": 0.2260685049087888,
      "29": 0.19676683129429304,
      "30": 0.23865605482933225,
      "31": 0.2504767368842195,
      "32": 0.22739889084283935,
      "33": 0.21552276108952975,
      "34": 0.23869726520467616,
      "35": 0.204902614521084,
      "36": 0.2416308692054177,
      "37": 0.22548835523743,
      "38": 0.23516699989317275,
      "39": 0.23622085985066493
    },
    "7": {
      "0": Infinity,
      "1": Infinity,
      "2": Infinity,
      "3": Infinity,
      "4": Infinity,
      "5": Infinity,
      "6": Infinity,
      "7": Infinity,
      "8": Infinity,
      "9": Infinity,
      "10": Infinity,
      "11": Infinity,
      "12": Infinity,
      "13": 0.20391111587341051,
      "14": 0.20660823872510847,
      "15": 0.20058360386926247,
      "16": 0.1905260122455985,
      "17": 0.21075208652854616,
      "18": 0.22538308679676042,