{
  "name": "var",
  "dist": {
    "dist_name": "poisson",
    "lam": 4,
    "param_str": "(4)"
  },
  "num_samples": 5000,
  "timestamp": "2024-05-07 17:26:01.084625",
  "num_T": 1,
  "num_A": 1,
  "num_iterations": 10,
  "target_init_entropy": 3.047095585180641,
  "awae_data": {
    "1": {
      "0": 1.7922819875853881,
      "1": 1.6991757394157994,
      "2": 1.5193188170036223,
      "3": 1.3001254495484282,
      "4": 1.1921289807467548,
      "5": 1.2585345867830322,
      "6": 1.4189547344202293,
      "7": 1.5721480140613175,
      "8": 1.6723410468319333,
      "9": 1.751915231100939,
      "10": 1.8328698347396952,
      "11": 1.915055195560564,
      "12": 2.00955112888819,
      "13": 2.024088041420444,
      "14": 2.0692011030079462,
      "15": 2.050662399892562,
      "16": 2.0177132215858653,
      "17": 2.0419768540530723,
      "18": 2.1124046866956627,
      "19": 2.070158905550404,
      "20": 2.0619948227125997,
      "21": 2.0691563427730566,
      "22": 2.085496718339461,
      "23": 2.086710788499784,
      "24": 2.081575836776065,
      "25": 2.086389245647318,
      "26": 2.107128409177555,
      "27": 2.121087690536597,
      "28": 2.1241744950131465,
      "29": 2.1253059391229594,
      "30": 2.1365841624412187,
      "31": 2.1365312098197164,
      "32": 2.1260068003218295,
      "33": 2.1266005068545555,
      "34": 2.12410094791628,
      "35": 2.1260260884900677,
      "36": 2.1269577569556484,
      "37": 2.1260705258075716,
      "38": 2.1269210089175585,
      "39": 2.1236640956305415
    },
    "2": {
      "0": 1.0524101407760418,
      "1": 0.9760057568350609,
      "2": 0.8569022850937451,
      "3": 0.730177438773598,
      "4": 0.6673001165966801,
      "5": 0.6981306677576875,
      "6": 0.7794428890461489,
      "7": 0.8581600761526772,
      "8": 0.9152902910899346,
      "9": 0.9682034833953814,
      "10": 1.0183714146669658,
      "11": 1.0597036129819029,
      "12": 1.0955601390156882,
      "13": 1.128899025246226,
      "14": 1.1619361873207645,
      "15": 1.1901476884108282,
      "16": 1.2253436911417395,
      "17": 1.249349703675851,
      "18": 1.2906304788888037,
      "19": 1.3034647539479953,
      "20": 1.3175425913243022,
      "21": 1.3328634363108844,
      "22": 1.3695241616516907,
      "23": 1.380425142064259,
      "24": 1.396380017797817,
      "25": 1.3966466445089671,
      "26": 1.4110652824816006,
      "27": 1.414563137298576,
      "28": 1.4365441446106588,
      "29": 1.4472702662298784,
      "30": 1.4564727257602141,
      "31": 1.4574721145515355,
      "32": 1.467327336637235,
      "33": 1.4728514259243206,
      "34": 1.4765335631452914,
      "35": 1.4824517325977005,
      "36": 1.482442591261134,
      "37": 1.4857787820053232,
      "38": 1.4904482498524554,
      "39": 1.4989180044593773
    },
    "3": {
      "0": 0.5986884194568896,
      "1": 0.5531432495170009,
      "2": 0.4800192858984952,
      "3": 0.40576433938661427,
      "4": 0.36531654727142254,
      "5": 0.3771862808543685,
      "6": 0.4135684709354475,
      "7": 0.4447856801622053,
      "8": 0.4859013385168577,
      "9": 0.5236239552958981,
      "10": 0.5600275250159444,
      "11": 0.5855985494149968,
      "12": 0.6113026576265332,
      "13": 0.6497812222227012,
      "14": 0.7074324357228827,
      "15": 0.7401194533749977,
      "16": 0.7485699689483752,
      "17": 0.7642901051152378,
      "18": 0.7874121360892354,
      "19": 0.8241007120761445,
      "20": 0.8167970493361532,
      "21": 0.7953025574272645,
      "22": 0.7935549038097565,
      "23": 0.8163490965125539,
      "24": 0.8548563672889447,
      "25": 0.8683862475684417,
      "26": 0.8785493254048525,
      "27": 0.9020484313853145,
      "28": 0.8935088528703435,
      "29": 0.8718665887582191,
      "30": 0.8821473502399723,
      "31": 0.877650789744455,
      "32": 0.8682713373280085,
      "33": 0.8803438174217508,
      "34": 0.9041744621299574,
      "35": 0.9206649855743244,
      "36": 0.8984889942068559,
      "37": 0.8834986759480691,
      "38": 0.9050364315057197,
      "39": 0.9217094825037071
    },
    "4": {
      "0": 0.36600984244054746,
      "1": 0.3425668020207338,
      "2": 0.3049882023011296,
      "3": 0.2638950604087046,
      "4": 0.23598470561745466,
      "5": 0.2442654021434239,
      "6": 0.2550796913796588,
      "7": 0.27238290707171464,
      "8": 0.28939431086004946,
      "9": 0.3094077204362437,
      "10": 0.32593676438670643,
      "11": 0.34841274002540285,
      "12": 0.37110602795027264,
      "13": 0.3908080213381332,
      "14": 0.42307934213540366,
      "15": 0.4406390816644875,
      "16": 0.45610116783981125,
      "17": 0.47778312800054384,
      "18": 0.48291152823242073,
      "19": 0.4863929578907216,
      "20": 0.49067348297509483,
      "21": 0.4873570337982662,
      "22": 0.5074580913600963,
      "23": 0.5245671390348063,
      "24": 0.5203113608857609,
      "25": 0.540046075374113,
      "26": 0.5352259334705929,
      "27": 0.5191599216323735,
      "28": 0.537840475753564,
      "29": 0.5421666808862822,
      "30": 0.5660404948019325,
      "31": 0.5545349932819666,
      "32": 0.5716386483919351,
      "33": 0.5605726071080421,
      "34": 0.5651098928064036,
      "35": 0.5636308621200816,
      "36": 0.5617747335513927,
      "37": 0.5638338399011097,
      "38": 0.569108215034228,
      "39": 0.5671475763678913
    },
    "5": {
      "0": 0.26999333560236816,
      "1": 0.24570670394880895,
      "2": 0.2232979149069107,
      "3": 0.19698048862133793,
      "4": 0.18217043583427717,
      "5": 0.1744113470465531,
      "6": 0.1886579266307014,
      "7": 0.19284831252238627,
      "8": 0.20226394070959527,
      "9": 0.21721327869846854,
      "10": 0.23568048232285657,
      "11": 0.24159365439942562,
      "12": 0.26943054311352366,
      "13": 0.3067193980310168,
      "14": 0.3305957998215858,
      "15": 0.3205263856759454,
      "16": 0.31958939197849723,
      "17": 0.339307487922263,
      "18": 0.3408300624018651,
      "19": 0.33792284128908046,
      "20": 0.33068714500097157,
      "21": 0.3282775587115545,
      "22": 0.33536713508101956,
      "23": 0.36235442194918266,
      "24": 0.36219762084227536,
      "25": 0.3923203602135398,
      "26": 0.39137226383829715,
      "27": 0.37511370815097517,
      "28": 0.3497315680650833,
      "29": 0.3636857873801088,
      "30": 0.38487396735000984,
      "31": 0.38512846765992836,
      "32": 0.37932649562112525,
      "33": 0.38546019512530916,
      "34": 0.3815712175253538,
      "35": 0.3994358302786407,
      "36": 0.38566944390333946,
      "37": 0.37884749034471,
      "38": 0.3700580128581469,
      "39": 0.37406994254252857
    },
    "6": {
      "0": 0.1873929753579641,
      "1": 0.18629664701441634,
      "2": 0.1648010176192444,
      "3": 0.15306579071037302,
      "4": 0.13968710201387408,
      "5": 0.13603548943048688,
      "6": 0.1402309298102073,
      "7": 0.14387855703341107,
      "8": 0.1482749882510594,
      "9": 0.14701665052915738,
      "10": 0.1519072771861718,
      "11": 0.15099405097717494,
      "12": 0.15408184213566217,
      "13": 0.1551446204373728,
      "14": 0.15962965550072056,
      "15": 0.16514103673140526,
      "16": 0.17074095872718945,
      "17": 0.17281823243392708,
      "18": 0.16933654709304652,
      "19": 0.16966905967768964,
      "20": 0.1768081809776739,
      "21": 0.18022515095219963,
      "22": 0.1859639434623676,
      "23": 0.187821687774415,
      "24": 0.1876303252390273,
      "25": 0.19353077637404187,
      "26": 0.19650151366136231,
      "27": 0.19872039043414727,
      "28": 0.19844963809389163,
      "29": 0.2056012452772395,
      "30": 0.21252675469060725,
      "31": 0.21397055451558247,
      "32": 0.2170697887023157,
      "33": 0.21455767643327048,
      "34": 0.2280383801978716,
      "35": 0.23118953256067526,
      "36": 0.23696753841409132,
      "37": 0.23591724843073997,
      "38": 0.24528463716386883,